Unnamed: 0,Record,Field,Value,idx,Name,Ligand1,Ligand2,Group_L1,Group_L2,L1L2
18670,38_43,Pt,-52.13745266541082,18670,Pt_38_43,38,43,NHC,NHC,NHC-NHC
317,37_44,Ag,13.3464,317,Ag_37_44,37,44,NHC,NHC,NHC-NHC
14553,39_41,Ni,-78.84794315115141,14553,Ni_39_41,39,41,NHC,NHC,NHC-NHC
14916,47_49,Ni,-73.40185873075097,14916,Ni_47_49,47,49,NHC,NHC,NHC-NHC
2209,32_41,Cu,-22.9011,2209,Cu_32_41,32,41,NHC,NHC,NHC-NHC
18551,35_47,Pt,-47.73116739740362,18551,Pt_35_47,35,47,NHC,NHC,NHC-NHC
18687,38_78,Pt,-44.308532444592856,18687,Pt_38_78,38,78,NHC,NHC,NHC-NHC
1125,32_48,Au,-2.82539,1125,Au_32_48,32,48,NHC,NHC,NHC-NHC
2880,41_47,Ni,-76.86,2880,Ni_41_47,41,47,NHC,NHC,NHC-NHC
14836,44_76,Ni,-72.94894210265193,14836,Ni_44_76,44,76,NHC,NHC,NHC-NHC
4142,33_43,Pd,-43.7,4142,Pd_33_43,33,43,NHC,NHC,NHC-NHC
18816,40_47,Pt,-47.71860139274213,18816,Pt_40_47,40,47,NHC,NHC,NHC-NHC
6931,35_35,Ag,22.991463316808225,6931,Ag_35_35,35,35,NHC,NHC,NHC-NHC
345,39_48,Ag,6.88048,345,Ag_39_48,39,48,NHC,NHC,NHC-NHC
4530,45_48,Pd,-48.01,4530,Pd_45_48,45,48,NHC,NHC,NHC-NHC
16487,39_78,Pd,-42.003361137147294,16487,Pd_39_78,39,78,NHC,NHC,NHC-NHC
9534,40_77,Au,3.08957615440886,9534,Au_40_77,40,77,NHC,NHC,NHC-NHC
18653,37_78,Pt,-46.01614989195514,18653,Pt_37_78,37,78,NHC,NHC,NHC-NHC
2395,41_49,Cu,-17.821,2395,Cu_41_49,41,49,NHC,NHC,NHC-NHC
18897,42_44,Pt,-52.00665314956132,18897,Pt_42_44,42,44,NHC,NHC,NHC-NHC
4321,38_42,Pd,-50.69,4321,Pd_38_42,38,42,NHC,NHC,NHC-NHC
7355,47_78,Ag,18.33767546513991,7355,Ag_47_78,47,78,NHC,NHC,NHC-NHC
2341,38_41,Cu,-25.7447,2341,Cu_38_41,38,41,NHC,NHC,NHC-NHC
7073,39_78,Ag,17.125175287103048,7073,Ag_39_78,39,78,NHC,NHC,NHC-NHC
11567,32_36,Cu,-11.113087817051564,11567,Cu_32_36,32,36,NHC,NHC,NHC-NHC
1145,33_33,Au,-1.97,1145,Au_33_33,33,33,NHC,NHC,NHC-NHC
18727,39_76,Pt,-50.06014902499737,18727,Pt_39_76,39,76,NHC,NHC,NHC-NHC
11927,44_46,Cu,-8.05679006210994,11927,Cu_44_46,44,46,NHC,NHC,NHC-NHC
14783,43_48,Ni,-68.77334055764368,14783,Ni_43_48,43,48,NHC,NHC,NHC-NHC
19866,76_76,Pt,-32.75050339215886,19866,Pt_76_76,76,76,NHC,NHC,NHC-NHC
334,38_44,Ag,15.6555,334,Ag_38_44,38,44,NHC,NHC,NHC-NHC
1330,40_44,Au,-2.87003,1330,Au_40_44,40,44,NHC,NHC,NHC-NHC
4375,40_46,Pd,-49.86,4375,Pd_40_46,40,46,NHC,NHC,NHC-NHC
4606,48_49,Pd,-48.17,4606,Pd_48_49,48,49,NHC,NHC,NHC-NHC
9376,35_39,Au,-0.1931562084864708,9376,Au_35_39,35,39,NHC,NHC,NHC-NHC
2374,40_44,Cu,-13.9769,2374,Cu_40_44,40,44,NHC,NHC,NHC-NHC
2394,41_48,Cu,-16.7606,2394,Cu_41_48,41,48,NHC,NHC,NHC-NHC
4103,32_42,Pd,-49.41,4103,Pd_32_42,32,42,NHC,NHC,NHC-NHC
2237,33_37,Cu,-17.756,2237,Cu_33_37,33,37,NHC,NHC,NHC-NHC
18573,35_76,Pt,-42.69779970678428,18573,Pt_35_76,35,76,NHC,NHC,NHC-NHC
2862,32_32,Ni,-71.31,2862,Ni_32_32,32,32,NHC,NHC,NHC-NHC
14939,47_77,Ni,-72.7602002161002,14939,Ni_47_77,47,77,NHC,NHC,NHC-NHC
19084,47_49,Pt,-51.79888161909912,19084,Pt_47_49,47,49,NHC,NHC,NHC-NHC
14248,32_34,Ni,-76.82646514306543,14248,Ni_32_34,32,34,NHC,NHC,NHC-NHC
6962,35_77,Ag,18.295468542477465,6962,Ag_35_77,35,77,NHC,NHC,NHC-NHC
7217,43_43,Ag,16.316540589861688,7217,Ag_43_43,43,43,NHC,NHC,NHC-NHC
11928,44_47,Cu,-10.77406029397389,11928,Cu_44_47,44,47,NHC,NHC,NHC-NHC
16530,41_77,Pd,-39.92225551523006,16530,Pd_41_77,41,77,NHC,NHC,NHC-NHC
11638,35_47,Cu,-8.330773460489581,11638,Cu_35_47,35,47,NHC,NHC,NHC-NHC
4323,38_44,Pd,-44.36,4323,Pd_38_44,38,44,NHC,NHC,NHC-NHC
4257,36_43,Pd,-47.52,4257,Pd_36_43,36,43,NHC,NHC,NHC-NHC
1178,34_37,Au,-2.5,1178,Au_34_37,34,37,NHC,NHC,NHC-NHC
4146,33_48,Pd,-45.15,4146,Pd_33_48,33,48,NHC,NHC,NHC-NHC
11619,34_78,Cu,-11.773754579684464,11619,Cu_34_78,34,78,NHC,NHC,NHC-NHC
288,35_39,Ag,15.6291,288,Ag_35_39,35,39,NHC,NHC,NHC-NHC
11634,35_42,Cu,-14.02001327747712,11634,Cu_35_42,35,42,NHC,NHC,NHC-NHC
439,49_49,Ag,11.2325,439,Ag_49_49,49,49,NHC,NHC,NHC-NHC
10417,76_78,Au,-1.8428346234577475,10417,Au_76_78,76,78,NHC,NHC,NHC-NHC
11630,35_37,Cu,-12.547376847127452,11630,Cu_35_37,35,37,NHC,NHC,NHC-NHC
18459,33_40,Pt,-48.91678325278917,18459,Pt_33_40,33,40,NHC,NHC,NHC-NHC
4181,34_44,Pd,-42.78,4181,Pd_34_44,34,44,NHC,NHC,NHC-NHC
18464,33_49,Pt,-51.59847443381295,18464,Pt_33_49,33,49,NHC,NHC,NHC-NHC
4288,37_41,Pd,-46.86,4288,Pd_37_41,37,41,NHC,NHC,NHC-NHC
19033,45_76,Pt,-46.61616209804925,19033,Pt_45_76,45,76,NHC,NHC,NHC-NHC
2375,40_45,Cu,-7.75727,2375,Cu_40_45,40,45,NHC,NHC,NHC-NHC
1327,40_41,Au,-3.07728,1327,Au_40_41,40,41,NHC,NHC,NHC-NHC
4294,37_49,Pd,-49.25,4294,Pd_37_49,37,49,NHC,NHC,NHC-NHC
14667,40_45,Ni,-76.57417165729566,14667,Ni_40_45,40,45,NHC,NHC,NHC-NHC
4494,44_46,Pd,-47.73,4494,Pd_44_46,44,46,NHC,NHC,NHC-NHC
2273,34_44,Cu,-5.43817,2273,Cu_34_44,34,44,NHC,NHC,NHC-NHC
14665,40_42,Ni,-79.1220876157895,14665,Ni_40_42,40,42,NHC,NHC,NHC-NHC
14708,41_48,Ni,-81.38617286343651,14708,Ni_41_48,41,48,NHC,NHC,NHC-NHC
18704,39_49,Pt,-52.40540194841742,18704,Pt_39_49,39,49,NHC,NHC,NHC-NHC
14521,38_49,Ni,-73.89181872826885,14521,Ni_38_49,38,49,NHC,NHC,NHC-NHC
6977,36_39,Ag,12.695410369429736,6977,Ag_36_39,36,39,NHC,NHC,NHC-NHC
2360,39_45,Cu,-18.4311,2360,Cu_39_45,39,45,NHC,NHC,NHC-NHC
14254,32_41,Ni,-78.24686893692706,14254,Ni_32_41,32,41,NHC,NHC,NHC-NHC
9562,41_76,Au,1.1950303006815377,9562,Au_41_76,41,76,NHC,NHC,NHC-NHC
7332,46_76,Ag,11.747714670847929,7332,Ag_46_76,46,76,NHC,NHC,NHC-NHC
4528,45_46,Pd,-45.83,4528,Pd_45_46,45,46,NHC,NHC,NHC-NHC
19082,47_47,Pt,-51.17788191979344,19082,Pt_47_47,47,47,NHC,NHC,NHC-NHC
18506,34_48,Pt,-45.94070741237374,18506,Pt_34_48,34,48,NHC,NHC,NHC-NHC
4292,37_47,Pd,-49.48,4292,Pd_37_47,37,47,NHC,NHC,NHC-NHC
14813,44_48,Ni,-78.52447088362533,14813,Ni_44_48,44,48,NHC,NHC,NHC-NHC
4253,36_39,Pd,-47.01,4253,Pd_36_39,36,39,NHC,NHC,NHC-NHC
11568,32_42,Cu,-3.994323553983122,11568,Cu_32_42,32,42,NHC,NHC,NHC-NHC
2362,39_47,Cu,-21.0027,2362,Cu_39_47,39,47,NHC,NHC,NHC-NHC
16559,43_76,Pd,-38.87466434003727,16559,Pd_43_76,43,76,NHC,NHC,NHC-NHC
12708,77_78,Cu,-19.31545496126637,12708,Cu_77_78,77,78,NHC,NHC,NHC-NHC
11636,35_45,Cu,-12.953619228836033,11636,Cu_35_45,35,45,NHC,NHC,NHC-NHC
18668,38_41,Pt,-50.61277064476599,18668,Pt_38_41,38,41,NHC,NHC,NHC-NHC
7052,38_78,Ag,19.16043339639145,7052,Ag_38_78,38,78,NHC,NHC,NHC-NHC
276,34_42,Ag,8.31064,276,Ag_34_42,34,42,NHC,NHC,NHC-NHC
18591,36_42,Pt,-49.710834696474194,18591,Pt_36_42,36,42,NHC,NHC,NHC-NHC
269,34_34,Ag,15.6707,269,Ag_34_34,34,34,NHC,NHC,NHC-NHC
1329,40_43,Au,-3.88492,1329,Au_40_43,40,43,NHC,NHC,NHC-NHC
319,37_49,Ag,10.85,319,Ag_37_49,37,49,NHC,NHC,NHC-NHC
2515,49_49,Cu,-18.42,2515,Cu_49_49,49,49,NHC,NHC,NHC-NHC
1214,35_45,Au,1.22,1214,Au_35_45,35,45,NHC,NHC,NHC-NHC
19136,48_77,Pt,-48.2384856531462,19136,Pt_48_77,48,77,NHC,NHC,NHC-NHC
4557,46_48,Pd,-53.39,4557,Pd_46_48,46,48,NHC,NHC,NHC-NHC
1389,43_45,Au,-0.07,1389,Au_43_45,43,45,NHC,NHC,NHC-NHC
14743,42_44,Ni,-74.19784639897989,14743,Ni_42_44,42,44,NHC,NHC,NHC-NHC
9611,44_48,Au,-2.465980904598837,9611,Au_44_48,44,48,NHC,NHC,NHC-NHC
14458,36_77,Ni,-74.73635904915864,14458,Ni_36_77,36,77,NHC,NHC,NHC-NHC
4497,44_49,Pd,-45.54,4497,Pd_44_49,44,49,NHC,NHC,NHC-NHC
9442,37_78,Au,-0.8095676452212501,9442,Au_37_78,37,78,NHC,NHC,NHC-NHC
2243,33_44,Cu,-13.7062,2243,Cu_33_44,33,44,NHC,NHC,NHC-NHC
18818,40_49,Pt,-50.71838632749859,18818,Pt_40_49,40,49,NHC,NHC,NHC-NHC
18446,32_78,Pt,-43.8275591155616,18446,Pt_32_78,32,78,NHC,NHC,NHC-NHC
12018,47_77,Cu,-12.052112076999038,12018,Cu_47_77,47,77,NHC,NHC,NHC-NHC
11943,44_78,Cu,-5.549695561916451,11943,Cu_44_78,44,78,NHC,NHC,NHC-NHC
11738,38_76,Cu,-10.677041896415176,11738,Cu_38_76,38,76,NHC,NHC,NHC-NHC
11843,40_76,Cu,-10.59937703855394,11843,Cu_40_76,40,76,NHC,NHC,NHC-NHC
2451,45_46,Cu,-14.5256,2451,Cu_45_46,45,46,NHC,NHC,NHC-NHC
14339,34_43,Ni,-70.79539160638524,14339,Ni_34_43,34,43,NHC,NHC,NHC-NHC
14744,42_45,Ni,-72.01006435841555,14744,Ni_42_45,42,45,NHC,NHC,NHC-NHC
1353,41_48,Au,-4.59681,1353,Au_41_48,41,48,NHC,NHC,NHC-NHC
1236,36_38,Au,-3.43605,1236,Au_36_38,36,38,NHC,NHC,NHC-NHC
14297,33_42,Ni,-76.73465349723119,14297,Ni_33_42,33,42,NHC,NHC,NHC-NHC
4371,40_42,Pd,-53.61,4371,Pd_40_42,40,42,NHC,NHC,NHC-NHC
14382,35_38,Ni,-76.37663113165763,14382,Ni_35_38,35,38,NHC,NHC,NHC-NHC
11710,37_77,Cu,-6.95299396655173,11710,Cu_37_77,37,77,NHC,NHC,NHC-NHC
4318,38_38,Pd,-44.72,4318,Pd_38_38,38,38,NHC,NHC,NHC-NHC
4348,39_45,Pd,-50.63,4348,Pd_39_45,39,45,NHC,NHC,NHC-NHC
18632,37_48,Pt,-53.03913539756468,18632,Pt_37_48,37,48,NHC,NHC,NHC-NHC
5426,32_32,Pt,-52.29,5426,Pt_32_32,32,32,NHC,NHC,NHC-NHC
4262,36_48,Pd,-49.68,4262,Pd_36_48,36,48,NHC,NHC,NHC-NHC
9525,40_47,Au,-2.5489908457529964,9525,Au_40_47,40,47,NHC,NHC,NHC-NHC
2318,36_48,Cu,-13.3622,2318,Cu_36_48,36,48,NHC,NHC,NHC-NHC
16544,42_76,Pd,-50.54347220047202,16544,Pd_42_76,42,76,NHC,NHC,NHC-NHC
4369,40_40,Pd,-53.25,4369,Pd_40_40,40,40,NHC,NHC,NHC-NHC
19083,47_48,Pt,-53.476655623439,19083,Pt_47_48,47,48,NHC,NHC,NHC-NHC
2325,37_41,Cu,-17.867,2325,Cu_37_41,37,41,NHC,NHC,NHC-NHC
18542,35_36,Pt,-44.08279199250683,18542,Pt_35_36,35,36,NHC,NHC,NHC-NHC
10427,77_77,Au,0.8153760730201611,10427,Au_77_77,77,77,NHC,NHC,NHC-NHC
395,43_45,Ag,16.84,395,Ag_43_45,43,45,NHC,NHC,NHC-NHC
2212,32_49,Cu,-13.36,2212,Cu_32_49,32,49,NHC,NHC,NHC-NHC
18505,34_47,Pt,-49.78622517429176,18505,Pt_34_47,34,47,NHC,NHC,NHC-NHC
14519,38_47,Ni,-73.42433205942507,14519,Ni_38_47,38,47,NHC,NHC,NHC-NHC
9459,38_78,Au,5.746429997627274,9459,Au_38_78,38,78,NHC,NHC,NHC-NHC
18899,42_46,Pt,-49.693057503587625,18899,Pt_42_46,42,46,NHC,NHC,NHC-NHC
1181,34_40,Au,-6.22453,1181,Au_34_40,34,40,NHC,NHC,NHC-NHC
14280,32_78,Ni,-61.24917830331833,14280,Ni_32_78,32,78,NHC,NHC,NHC-NHC
14261,32_49,Ni,-72.0339282292698,14261,Ni_32_49,32,49,NHC,NHC,NHC-NHC
4429,42_43,Pd,-47.72,4429,Pd_42_43,42,43,NHC,NHC,NHC-NHC
19071,46_76,Pt,-46.32437890565416,19071,Pt_46_76,46,76,NHC,NHC,NHC-NHC
2371,40_41,Cu,-16.5631,2371,Cu_40_41,40,41,NHC,NHC,NHC-NHC
7167,41_42,Ag,8.445458832575241,7167,Ag_41_42,41,42,NHC,NHC,NHC-NHC
2391,41_44,Cu,-23.7854,2391,Cu_41_44,41,44,NHC,NHC,NHC-NHC
16515,40_76,Pd,-43.031200700919726,16515,Pd_40_76,40,76,NHC,NHC,NHC-NHC
14538,38_76,Ni,-69.15999769279733,14538,Ni_38_76,38,76,NHC,NHC,NHC-NHC
373,41_47,Ag,11.87,373,Ag_41_47,41,47,NHC,NHC,NHC-NHC
2359,39_43,Cu,-9.98443,2359,Cu_39_43,39,43,NHC,NHC,NHC-NHC
18673,38_49,Pt,-52.27509013670351,18673,Pt_38_49,38,49,NHC,NHC,NHC-NHC
4400,41_45,Pd,-48.57,4400,Pd_41_45,41,45,NHC,NHC,NHC-NHC
1238,36_40,Au,-11.3236,1238,Au_36_40,36,40,NHC,NHC,NHC-NHC
316,37_43,Ag,14.5869,316,Ag_37_43,37,43,NHC,NHC,NHC-NHC
4097,32_36,Pd,-50.01,4097,Pd_32_36,32,36,NHC,NHC,NHC-NHC
1331,40_48,Au,-1.1191,1331,Au_40_48,40,48,NHC,NHC,NHC-NHC
279,34_46,Ag,9.19748,279,Ag_34_46,34,46,NHC,NHC,NHC-NHC
6933,35_42,Ag,11.34118305395532,6933,Ag_35_42,35,42,NHC,NHC,NHC-NHC
2267,34_37,Cu,-14.59,2267,Cu_34_37,34,37,NHC,NHC,NHC-NHC
16545,42_77,Pd,-52.33443552879908,16545,Pd_42_77,42,77,NHC,NHC,NHC-NHC
11875,41_77,Cu,-8.097981920014718,11875,Cu_41_77,41,77,NHC,NHC,NHC-NHC
396,43_46,Ag,15.1685,396,Ag_43_46,43,46,NHC,NHC,NHC-NHC
335,38_46,Ag,10.5409,335,Ag_38_46,38,46,NHC,NHC,NHC-NHC
1176,34_34,Au,2.21813,1176,Au_34_34,34,34,NHC,NHC,NHC-NHC
14424,36_38,Ni,-80.55156650213758,14424,Ni_36_38,36,38,NHC,NHC,NHC-NHC
18813,40_42,Pt,-53.72869300717866,18813,Pt_40_42,40,42,NHC,NHC,NHC-NHC
11926,44_44,Cu,-4.169718461387674,11926,Cu_44_44,44,44,NHC,NHC,NHC-NHC
4431,42_47,Pd,-51.4,4431,Pd_42_47,42,47,NHC,NHC,NHC-NHC
18998,44_78,Pt,-44.82997945082752,18998,Pt_44_78,44,78,NHC,NHC,NHC-NHC
19011,45_48,Pt,-49.12823060522351,19011,Pt_45_48,45,48,NHC,NHC,NHC-NHC
14748,42_49,Ni,-70.30336946059833,14748,Ni_42_49,42,49,NHC,NHC,NHC-NHC
11972,45_76,Cu,-14.421756551106228,11972,Cu_45_76,45,76,NHC,NHC,NHC-NHC
4374,40_45,Pd,-43.28,4374,Pd_40_45,40,45,NHC,NHC,NHC-NHC
14801,43_78,Ni,-59.370428697482566,14801,Ni_43_78,43,78,NHC,NHC,NHC-NHC
4347,39_44,Pd,-46.52,4347,Pd_39_44,39,44,NHC,NHC,NHC-NHC
2469,46_48,Cu,-19.4411,2469,Cu_46_48,46,48,NHC,NHC,NHC-NHC
1239,36_41,Au,-3.01735,1239,Au_36_41,36,41,NHC,NHC,NHC-NHC
11910,43_48,Cu,-8.510718925710535,11910,Cu_43_48,43,48,NHC,NHC,NHC-NHC
424,47_48,Ag,8.95236,424,Ag_47_48,47,48,NHC,NHC,NHC-NHC
372,41_46,Ag,9.79534,372,Ag_41_46,41,46,NHC,NHC,NHC-NHC
4320,38_40,Pd,-51.33,4320,Pd_38_40,38,40,NHC,NHC,NHC-NHC
2400,42_47,Cu,-15.5281,2400,Cu_42_47,42,47,NHC,NHC,NHC-NHC
18549,35_45,Pt,-45.00938238033996,18549,Pt_35_45,35,45,NHC,NHC,NHC-NHC
1148,33_39,Au,-3.37,1148,Au_33_39,33,39,NHC,NHC,NHC-NHC
9475,39_78,Au,2.383776914561168,9475,Au_39_78,39,78,NHC,NHC,NHC-NHC
4178,34_40,Pd,-51.99,4178,Pd_34_40,34,40,NHC,NHC,NHC-NHC
18666,38_39,Pt,-51.08104166790872,18666,Pt_38_39,38,39,NHC,NHC,NHC-NHC
4104,32_43,Pd,-41.77,4104,Pd_32_43,32,43,NHC,NHC,NHC-NHC
7242,43_77,Ag,16.51909797838016,7242,Ag_43_77,43,77,NHC,NHC,NHC-NHC
18461,33_43,Pt,-48.44037502714491,18461,Pt_33_43,33,43,NHC,NHC,NHC-NHC
11889,42_44,Cu,-12.525032441830264,11889,Cu_42_44,42,44,NHC,NHC,NHC-NHC
18922,42_78,Pt,-41.33870354566898,18922,Pt_42_78,42,78,NHC,NHC,NHC-NHC
14580,39_76,Ni,-74.24550806803745,14580,Ni_39_76,39,76,NHC,NHC,NHC-NHC
2340,38_40,Cu,-18.155,2340,Cu_38_40,38,40,NHC,NHC,NHC-NHC
18699,39_43,Pt,-48.90939003143285,18699,Pt_39_43,39,43,NHC,NHC,NHC-NHC
7183,41_76,Ag,26.807406795880524,7183,Ag_41_76,41,76,NHC,NHC,NHC-NHC
16646,49_76,Pd,-50.70589904369263,16646,Pd_49_76,49,76,NHC,NHC,NHC-NHC
7192,42_42,Ag,8.022567561100004,7192,Ag_42_42,42,42,NHC,NHC,NHC-NHC
2372,40_42,Cu,-19.7827,2372,Cu_40_42,40,42,NHC,NHC,NHC-NHC
328,38_38,Ag,14.99,328,Ag_38_38,38,38,NHC,NHC,NHC-NHC
2421,43_45,Cu,-3.76,2421,Cu_43_45,43,45,NHC,NHC,NHC-NHC
14247,32_33,Ni,-73.57837619789643,14247,Ni_32_33,32,33,NHC,NHC,NHC-NHC
18702,39_47,Pt,-49.07453370908479,18702,Pt_39_47,39,47,NHC,NHC,NHC-NHC
7312,46_46,Ag,11.009216622333042,7312,Ag_46_46,46,46,NHC,NHC,NHC-NHC
4291,37_46,Pd,-47.71,4291,Pd_37_46,37,46,NHC,NHC,NHC-NHC
14972,48_76,Ni,-82.04294764966471,14972,Ni_48_76,48,76,NHC,NHC,NHC-NHC
1328,40_42,Au,-6.81917,1328,Au_40_42,40,42,NHC,NHC,NHC-NHC
2211,32_48,Cu,-9.99005,2211,Cu_32_48,32,48,NHC,NHC,NHC-NHC
18626,37_39,Pt,-51.11213037679408,18626,Pt_37_39,37,39,NHC,NHC,NHC-NHC
1415,44_47,Au,-0.715894,1415,Au_44_47,44,47,NHC,NHC,NHC-NHC
14250,32_36,Ni,-78.10565052600577,14250,Ni_32_36,32,36,NHC,NHC,NHC-NHC
1211,35_41,Au,6.43,1211,Au_35_41,35,41,NHC,NHC,NHC-NHC
387,42_49,Ag,6.8243,387,Ag_42_49,42,49,NHC,NHC,NHC-NHC
11696,37_46,Cu,-25.114293364807963,11696,Cu_37_46,37,46,NHC,NHC,NHC-NHC
14837,44_77,Ni,-75.13958627395914,14837,Ni_44_77,44,77,NHC,NHC,NHC-NHC
17098,76_78,Pd,-51.35970164263563,17098,Pd_76_78,76,78,NHC,NHC,NHC-NHC
12707,77_77,Cu,-6.450230064867355,12707,Cu_77_77,77,77,NHC,NHC,NHC-NHC
14253,32_40,Ni,-79.17626305660815,14253,Ni_32_40,32,40,NHC,NHC,NHC-NHC
2422,43_49,Cu,-11.95,2422,Cu_43_49,43,49,NHC,NHC,NHC-NHC
6899,34_49,Ag,9.76005758967949,6899,Ag_34_49,34,49,NHC,NHC,NHC-NHC
18696,39_40,Pt,-48.93241430482885,18696,Pt_39_40,39,40,NHC,NHC,NHC-NHC
14388,35_46,Ni,-74.04664743223111,14388,Ni_35_46,35,46,NHC,NHC,NHC-NHC
4101,32_40,Pd,-50.94,4101,Pd_32_40,32,40,NHC,NHC,NHC-NHC
4403,41_48,Pd,-52.82,4403,Pd_41_48,41,48,NHC,NHC,NHC-NHC
6887,33_78,Ag,18.371453773230314,6887,Ag_33_78,33,78,NHC,NHC,NHC-NHC
1183,34_43,Au,-1.72,1183,Au_34_43,34,43,NHC,NHC,NHC-NHC
1459,46_48,Au,-5.74,1459,Au_46_48,46,48,NHC,NHC,NHC-NHC
18460,33_42,Pt,-54.27723035772215,18460,Pt_33_42,33,42,NHC,NHC,NHC-NHC
18701,39_45,Pt,-50.43419588332472,18701,Pt_39_45,39,45,NHC,NHC,NHC-NHC
11896,42_78,Cu,-2.1425237841176568,11896,Cu_42_78,42,78,NHC,NHC,NHC-NHC
1277,38_45,Au,-1.48415,1277,Au_38_45,38,45,NHC,NHC,NHC-NHC
16470,38_77,Pd,-47.37660276216047,16470,Pd_38_77,38,77,NHC,NHC,NHC-NHC
402,44_49,Ag,15.35,402,Ag_44_49,44,49,NHC,NHC,NHC-NHC
11684,36_77,Cu,-11.192786527753924,11684,Cu_36_77,36,77,NHC,NHC,NHC-NHC
7050,38_76,Ag,15.195457894398714,7050,Ag_38_76,38,76,NHC,NHC,NHC-NHC
16453,37_77,Pd,-40.33080258978589,16453,Pd_37_77,37,77,NHC,NHC,NHC-NHC
14428,36_42,Ni,-73.93669655949634,14428,Ni_36_42,36,42,NHC,NHC,NHC-NHC
18934,43_44,Pt,-51.24601386053837,18934,Pt_43_44,43,44,NHC,NHC,NHC-NHC
11660,36_45,Cu,-14.076101595259388,11660,Cu_36_45,36,45,NHC,NHC,NHC-NHC
2275,34_47,Cu,-18.6562,2275,Cu_34_47,34,47,NHC,NHC,NHC-NHC
344,39_46,Ag,9.05037,344,Ag_39_46,39,46,NHC,NHC,NHC-NHC
14851,45_47,Ni,-76.66556774522178,14851,Ni_45_47,45,47,NHC,NHC,NHC-NHC
9349,33_77,Au,-1.734425626877055,9349,Au_33_77,33,77,NHC,NHC,NHC-NHC
18574,35_77,Pt,-44.52896388229783,18574,Pt_35_77,35,77,NHC,NHC,NHC-NHC
12017,47_76,Cu,-16.253200143532013,12017,Cu_47_76,47,76,NHC,NHC,NHC-NHC
9348,33_76,Au,0.1632682099370868,9348,Au_33_76,33,76,NHC,NHC,NHC-NHC
4183,34_46,Pd,-49.38,4183,Pd_34_46,34,46,NHC,NHC,NHC-NHC
4140,33_40,Pd,-47.8,4140,Pd_33_40,33,40,NHC,NHC,NHC-NHC
14334,34_38,Ni,-72.94494787443546,14334,Ni_34_38,34,38,NHC,NHC,NHC-NHC
18964,43_78,Pt,-40.74247348190693,18964,Pt_43_78,43,78,NHC,NHC,NHC-NHC
14706,41_45,Ni,-77.2915526185534,14706,Ni_41_45,41,45,NHC,NHC,NHC-NHC
18462,33_44,Pt,-51.19444879261573,18462,Pt_33_44,33,44,NHC,NHC,NHC-NHC
257,33_35,Ag,12.2005,257,Ag_33_35,33,35,NHC,NHC,NHC-NHC
11908,43_46,Cu,-0.7136857068981044,11908,Cu_43_46,43,46,NHC,NHC,NHC-NHC
1146,33_35,Au,4.32,1146,Au_33_35,33,35,NHC,NHC,NHC-NHC
9363,34_77,Au,3.9515363653408713,9363,Au_34_77,34,77,NHC,NHC,NHC-NHC
2494,47_48,Cu,-21.8791,2494,Cu_47_48,47,48,NHC,NHC,NHC-NHC
14258,32_45,Ni,-76.51196768904629,14258,Ni_32_45,32,45,NHC,NHC,NHC-NHC
11645,35_78,Cu,-10.409150864812544,11645,Cu_35_78,35,78,NHC,NHC,NHC-NHC
2241,33_41,Cu,-15.9845,2241,Cu_33_41,33,41,NHC,NHC,NHC-NHC
14325,33_76,Ni,-74.05545133895066,14325,Ni_33_76,33,76,NHC,NHC,NHC-NHC
14695,40_78,Ni,-72.18387975096994,14695,Ni_40_78,40,78,NHC,NHC,NHC-NHC
2240,33_40,Cu,-17.6723,2240,Cu_33_40,33,40,NHC,NHC,NHC-NHC
1185,34_45,Au,3.18,1185,Au_34_45,34,45,NHC,NHC,NHC-NHC
250,32_49,Ag,13.9239,250,Ag_32_49,32,49,NHC,NHC,NHC-NHC
16394,33_77,Pd,-47.87691537055071,16394,Pd_33_77,33,77,NHC,NHC,NHC-NHC
4216,35_38,Pd,-41.46,4216,Pd_35_38,35,38,NHC,NHC,NHC-NHC
10439,78_78,Au,9.615246135355846,10439,Au_78_78,78,78,NHC,NHC,NHC-NHC
1280,38_49,Au,-1.24199,1280,Au_38_49,38,49,NHC,NHC,NHC-NHC
14558,39_46,Ni,-77.9886880996637,14558,Ni_39_46,39,46,NHC,NHC,NHC-NHC
18444,32_76,Pt,-48.73035411438468,18444,Pt_32_76,32,76,NHC,NHC,NHC-NHC
9440,37_76,Au,1.7221162206442386,9440,Au_37_76,37,76,NHC,NHC,NHC-NHC
17121,78_78,Pd,-25.093819372414146,17121,Pd_78_78,78,78,NHC,NHC,NHC-NHC
15716,77_77,Ni,-55.71949677419616,15716,Ni_77_77,77,77,NHC,NHC,NHC-NHC
18422,32_46,Pt,-49.23530420497264,18422,Pt_32_46,32,46,NHC,NHC,NHC-NHC
18627,37_40,Pt,-55.90347630535689,18627,Pt_37_40,37,40,NHC,NHC,NHC-NHC
18963,43_77,Pt,-43.36402395346158,18963,Pt_43_77,43,77,NHC,NHC,NHC-NHC
11694,37_37,Cu,-20.15373755780456,11694,Cu_37_37,37,37,NHC,NHC,NHC-NHC
11589,33_35,Cu,-8.281698626931757,11589,Cu_33_35,33,35,NHC,NHC,NHC-NHC
343,39_42,Ag,6.94287,343,Ag_39_42,39,42,NHC,NHC,NHC-NHC
7020,37_78,Ag,14.839809055716614,7020,Ag_37_78,37,78,NHC,NHC,NHC-NHC
9646,46_46,Au,-5.34886610283138,9646,Au_46_46,46,46,NHC,NHC,NHC-NHC
4220,35_45,Pd,-42.23,4220,Pd_35_45,35,45,NHC,NHC,NHC-NHC
18548,35_44,Pt,-46.61030324093736,18548,Pt_35_44,35,44,NHC,NHC,NHC-NHC
314,37_39,Ag,12.0836,314,Ag_37_39,37,39,NHC,NHC,NHC-NHC
18533,34_76,Pt,-45.06667632667086,18533,Pt_34_76,34,76,NHC,NHC,NHC-NHC
11632,35_40,Cu,-13.675240709795617,11632,Cu_35_40,35,40,NHC,NHC,NHC-NHC
14472,37_42,Ni,-73.4861827280838,14472,Ni_37_42,37,42,NHC,NHC,NHC-NHC
9418,37_41,Au,-1.8613726140247309,9418,Au_37_41,37,41,NHC,NHC,NHC-NHC
11894,42_76,Cu,-12.48384762040223,11894,Cu_42_76,42,76,NHC,NHC,NHC-NHC
2272,34_41,Cu,-19.4964,2272,Cu_34_41,34,41,NHC,NHC,NHC-NHC
4461,43_48,Pd,-44.65,4461,Pd_43_48,43,48,NHC,NHC,NHC-NHC
18935,43_45,Pt,-44.91417962701962,18935,Pt_43_45,43,45,NHC,NHC,NHC-NHC
14551,39_39,Ni,-85.41685237188358,14551,Ni_39_39,39,39,NHC,NHC,NHC-NHC
4585,47_48,Pd,-48.82,4585,Pd_47_48,47,48,NHC,NHC,NHC-NHC
4322,38_43,Pd,-42.28,4322,Pd_38_43,38,43,NHC,NHC,NHC-NHC
9636,45_78,Au,-0.251973725600692,9636,Au_45_78,45,78,NHC,NHC,NHC-NHC
7003,37_46,Ag,7.356607558322139,7003,Ag_37_46,37,46,NHC,NHC,NHC-NHC
15717,77_78,Ni,-71.14841819724825,15717,Ni_77_78,77,78,NHC,NHC,NHC-NHC
18842,40_76,Pt,-46.86416905302758,18842,Pt_40_76,40,76,NHC,NHC,NHC-NHC
6823,32_35,Ag,14.079576909905882,6823,Ag_32_35,32,35,NHC,NHC,NHC-NHC
4527,45_45,Pd,-51.35,4527,Pd_45_45,45,45,NHC,NHC,NHC-NHC
6990,36_78,Ag,11.476554394714183,6990,Ag_36_78,36,78,NHC,NHC,NHC-NHC
11576,32_77,Cu,-12.929685288239853,11576,Cu_32_77,32,77,NHC,NHC,NHC-NHC
2208,32_40,Cu,-16.198,2208,Cu_32_40,32,40,NHC,NHC,NHC-NHC
1118,32_36,Au,-2.56791,1118,Au_32_36,32,36,NHC,NHC,NHC-NHC
18613,36_78,Pt,-46.33709521137644,18613,Pt_36_78,36,78,NHC,NHC,NHC-NHC
264,33_48,Ag,10.6655,264,Ag_33_48,33,48,NHC,NHC,NHC-NHC
14249,32_35,Ni,-74.83337375980045,14249,Ni_32_35,32,35,NHC,NHC,NHC-NHC
4404,41_49,Pd,-50.54,4404,Pd_41_49,41,49,NHC,NHC,NHC-NHC
1391,43_47,Au,0.931011,1391,Au_43_47,43,47,NHC,NHC,NHC-NHC
14907,46_76,Ni,-79.73945218081644,14907,Ni_46_76,46,76,NHC,NHC,NHC-NHC
14477,37_48,Ni,-77.21349327845383,14477,Ni_37_48,37,48,NHC,NHC,NHC-NHC
18553,35_49,Pt,-48.60535879969393,18553,Pt_35_49,35,49,NHC,NHC,NHC-NHC
14430,36_44,Ni,-78.5457007107616,14430,Ni_36_44,36,44,NHC,NHC,NHC-NHC
9580,42_76,Au,-3.513763166440185,9580,Au_42_76,42,76,NHC,NHC,NHC-NHC
6976,36_37,Ag,11.024922337768658,6976,Ag_36_37,36,37,NHC,NHC,NHC-NHC
14704,41_43,Ni,-74.94715048020589,14704,Ni_41_43,41,43,NHC,NHC,NHC-NHC
18815,40_45,Pt,-45.64871609152033,18815,Pt_40_45,40,45,NHC,NHC,NHC-NHC
359,40_42,Ag,6.43877,359,Ag_40_42,40,42,NHC,NHC,NHC-NHC
1177,34_35,Au,1.1,1177,Au_34_35,34,35,NHC,NHC,NHC-NHC
1212,35_42,Au,-1.19261,1212,Au_35_42,35,42,NHC,NHC,NHC-NHC
11685,36_78,Cu,-12.935813875330496,11685,Cu_36_78,36,78,NHC,NHC,NHC-NHC
9474,39_77,Au,0.3204145212002913,9474,Au_39_77,39,77,NHC,NHC,NHC-NHC
4182,34_45,Pd,-40.53,4182,Pd_34_45,34,45,NHC,NHC,NHC-NHC
1278,38_47,Au,0.216541,1278,Au_38_47,38,47,NHC,NHC,NHC-NHC
333,38_43,Ag,16.3176,333,Ag_38_43,38,43,NHC,NHC,NHC-NHC
9329,32_77,Au,-0.4465821989506366,9329,Au_32_77,32,77,NHC,NHC,NHC-NHC
8181,76_77,Ag,25.116819915660017,8181,Ag_76_77,76,77,NHC,NHC,NHC-NHC
14800,43_77,Ni,-65.69632239011116,14800,Ni_43_77,43,77,NHC,NHC,NHC-NHC
9457,38_76,Au,0.0549135362089145,9457,Au_38_76,38,76,NHC,NHC,NHC-NHC
6937,35_46,Ag,13.344248858396895,6937,Ag_35_46,35,46,NHC,NHC,NHC-NHC
247,32_42,Ag,11.3321,247,Ag_32_42,32,42,NHC,NHC,NHC-NHC
18550,35_46,Pt,-49.4515126806582,18550,Pt_35_46,35,46,NHC,NHC,NHC-NHC
18586,36_36,Pt,-48.73870202567923,18586,Pt_36_36,36,36,NHC,NHC,NHC-NHC
11895,42_77,Cu,-13.870504236663692,11895,Cu_42_77,42,77,NHC,NHC,NHC-NHC
7166,41_41,Ag,9.51196608398459,7166,Ag_41_41,41,41,NHC,NHC,NHC-NHC
16406,34_76,Pd,-43.20021674447344,16406,Pd_34_76,34,76,NHC,NHC,NHC-NHC
14581,39_77,Ni,-76.74985951907001,14581,Ni_39_77,39,77,NHC,NHC,NHC-NHC
14556,39_44,Ni,-76.5880327293562,14556,Ni_39_44,39,44,NHC,NHC,NHC-NHC
4459,43_44,Pd,-41.74,4459,Pd_43_44,43,44,NHC,NHC,NHC-NHC
18667,38_40,Pt,-49.47241758529708,18667,Pt_38_40,38,40,NHC,NHC,NHC-NHC
2236,33_36,Cu,-14.4958,2236,Cu_33_36,33,36,NHC,NHC,NHC-NHC
18900,42_47,Pt,-49.66091668730951,18900,Pt_42_47,42,47,NHC,NHC,NHC-NHC
16604,46_78,Pd,-42.86017526451906,16604,Pd_46_78,46,78,NHC,NHC,NHC-NHC
9399,36_37,Au,-3.366143307001039,9399,Au_36_37,36,37,NHC,NHC,NHC-NHC
14668,40_46,Ni,-82.61642527993536,14668,Ni_40_46,40,46,NHC,NHC,NHC-NHC
18625,37_38,Pt,-50.66205404288485,18625,Pt_37_38,37,38,NHC,NHC,NHC-NHC
18589,36_40,Pt,-49.73363187288487,18589,Pt_36_40,36,40,NHC,NHC,NHC-NHC
14295,33_40,Ni,-82.39725940559583,14295,Ni_33_40,33,40,NHC,NHC,NHC-NHC
4428,42_42,Pd,-53.5,4428,Pd_42_42,42,42,NHC,NHC,NHC-NHC
4558,46_49,Pd,-47.06,4558,Pd_46_49,46,49,NHC,NHC,NHC-NHC
15009,49_76,Ni,-80.57040582003538,15009,Ni_49_76,49,76,NHC,NHC,NHC-NHC
11887,42_42,Cu,-10.079672336607471,11887,Cu_42_42,42,42,NHC,NHC,NHC-NHC
2871,37_49,Ni,-76.88,2871,Ni_37_49,37,49,NHC,NHC,NHC-NHC
4141,33_41,Pd,-48.74,4141,Pd_33_41,33,41,NHC,NHC,NHC-NHC
11973,45_78,Cu,-10.326647081179544,11973,Cu_45_78,45,78,NHC,NHC,NHC-NHC
4256,36_42,Pd,-55.92,4256,Pd_36_42,36,42,NHC,NHC,NHC-NHC
11590,33_43,Cu,-7.910863773606252,11590,Cu_33_43,33,43,NHC,NHC,NHC-NHC
18445,32_77,Pt,-48.124869182895054,18445,Pt_32_77,32,77,NHC,NHC,NHC-NHC
1302,39_39,Au,-4.72442,1302,Au_39_39,39,39,NHC,NHC,NHC-NHC
6827,32_46,Ag,13.202834343741417,6827,Ag_32_46,32,46,NHC,NHC,NHC-NHC
1388,43_43,Au,2.634,1388,Au_43_43,43,43,NHC,NHC,NHC-NHC
7343,47_47,Ag,6.618465234430914,7343,Ag_47_47,47,47,NHC,NHC,NHC-NHC
16407,34_77,Pd,-40.48300255548384,16407,Pd_34_77,34,77,NHC,NHC,NHC-NHC
2500,48_49,Cu,-17.586,2500,Cu_48_49,48,49,NHC,NHC,NHC-NHC
9533,40_76,Au,3.423583024887193,9533,Au_40_76,40,76,NHC,NHC,NHC-NHC
4319,38_39,Pd,-45.52,4319,Pd_38_39,38,39,NHC,NHC,NHC-NHC
14432,36_46,Ni,-77.64848873269511,14432,Ni_36_46,36,46,NHC,NHC,NHC-NHC
1182,34_42,Au,-5.31146,1182,Au_34_42,34,42,NHC,NHC,NHC-NHC
11711,37_78,Cu,-19.37537771723873,11711,Cu_37_78,37,78,NHC,NHC,NHC-NHC
14884,46_46,Ni,-73.59769462738768,14884,Ni_46_46,46,46,NHC,NHC,NHC-NHC
12001,47_49,Cu,-12.335375853755975,12001,Cu_47_49,47,49,NHC,NHC,NHC-NHC
7019,37_76,Ag,23.594700440771703,7019,Ag_37_76,37,76,NHC,NHC,NHC-NHC
273,34_39,Ag,10.5527,273,Ag_34_39,34,39,NHC,NHC,NHC-NHC
4176,34_38,Pd,-43.86,4176,Pd_34_38,34,38,NHC,NHC,NHC-NHC
1502,49_49,Au,-3.3,1502,Au_49_49,49,49,NHC,NHC,NHC-NHC
2319,36_49,Cu,-15.3171,2319,Cu_36_49,36,49,NHC,NHC,NHC-NHC
18857,41_43,Pt,-48.66333360780118,18857,Pt_41_43,41,43,NHC,NHC,NHC-NHC
11570,32_46,Cu,-12.35363986903394,11570,Cu_32_46,32,46,NHC,NHC,NHC-NHC
11890,42_49,Cu,-12.959866600533132,11890,Cu_42_49,42,49,NHC,NHC,NHC-NHC
4344,39_41,Pd,-50.04,4344,Pd_39_41,39,41,NHC,NHC,NHC-NHC
14747,42_48,Ni,-71.43798820558004,14747,Ni_42_48,42,48,NHC,NHC,NHC-NHC
243,32_34,Ag,12.2446,243,Ag_32_34,32,34,NHC,NHC,NHC-NHC
14298,33_43,Ni,-68.54773479377036,14298,Ni_33_43,33,43,NHC,NHC,NHC-NHC
11592,33_49,Cu,-18.980921133144875,11592,Cu_33_49,33,49,NHC,NHC,NHC-NHC
6898,34_36,Ag,9.713809912704164,6898,Ag_34_36,34,36,NHC,NHC,NHC-NHC
14341,34_45,Ni,-76.08024965929508,14341,Ni_34_45,34,45,NHC,NHC,NHC-NHC
16632,48_78,Pd,-39.05923208530294,16632,Pd_48_78,48,78,NHC,NHC,NHC-NHC
2358,39_42,Cu,-21.3062,2358,Cu_39_42,39,42,NHC,NHC,NHC-NHC
1149,33_40,Au,-1.83809,1149,Au_33_40,33,40,NHC,NHC,NHC-NHC
18485,33_76,Pt,-48.22530494963576,18485,Pt_33_76,33,76,NHC,NHC,NHC-NHC
14335,34_39,Ni,-82.60989714387688,14335,Ni_34_39,34,39,NHC,NHC,NHC-NHC
19009,45_46,Pt,-50.31006410713599,19009,Pt_45_46,45,46,NHC,NHC,NHC-NHC
7000,37_41,Ag,8.915908267415944,7000,Ag_37_41,37,41,NHC,NHC,NHC-NHC
14703,41_42,Ni,-81.1984914628265,14703,Ni_41_42,41,42,NHC,NHC,NHC-NHC
2317,36_41,Cu,-17.4127,2317,Cu_36_41,36,41,NHC,NHC,NHC-NHC
2370,40_40,Cu,-18.5565,2370,Cu_40_40,40,40,NHC,NHC,NHC-NHC
14251,32_37,Ni,-74.36820451487438,14251,Ni_32_37,32,37,NHC,NHC,NHC-NHC
1365,42_46,Au,-6.87,1365,Au_42_46,42,46,NHC,NHC,NHC-NHC
14768,42_76,Ni,-75.14445084593899,14768,Ni_42_76,42,76,NHC,NHC,NHC-NHC
18978,44_48,Pt,-52.112436867828364,18978,Pt_44_48,44,48,NHC,NHC,NHC-NHC
329,38_39,Ag,13.5965,329,Ag_38_39,38,39,NHC,NHC,NHC-NHC
14476,37_46,Ni,-79.97318450760213,14476,Ni_37_46,37,46,NHC,NHC,NHC-NHC
14296,33_41,Ni,-78.797327329783,14296,Ni_33_41,33,41,NHC,NHC,NHC-NHC
1275,38_43,Au,-0.887794,1275,Au_38_43,38,43,NHC,NHC,NHC-NHC
1367,42_48,Au,-7.43808,1367,Au_42_48,42,48,NHC,NHC,NHC-NHC
7277,44_76,Ag,16.243177955257124,7277,Ag_44_76,44,76,NHC,NHC,NHC-NHC
11658,36_38,Cu,-14.350681766765774,11658,Cu_36_38,36,38,NHC,NHC,NHC-NHC
4529,45_47,Pd,-43.18,4529,Pd_45_47,45,47,NHC,NHC,NHC-NHC
420,46_48,Ag,7.21822,420,Ag_46_48,46,48,NHC,NHC,NHC-NHC
9581,42_77,Au,-3.55993413287797,9581,Au_42_77,42,77,NHC,NHC,NHC-NHC
11888,42_43,Cu,-5.249342816503486,11888,Cu_42_43,42,43,NHC,NHC,NHC-NHC
11856,41_41,Cu,-19.887111519361497,11856,Cu_41_41,41,41,NHC,NHC,NHC-NHC
16377,32_76,Pd,-44.16442886079312,16377,Pd_32_76,32,76,NHC,NHC,NHC-NHC
18886,41_78,Pt,-47.038680325305904,18886,Pt_41_78,41,78,NHC,NHC,NHC-NHC
4222,35_47,Pd,-41.49,4222,Pd_35_47,35,47,NHC,NHC,NHC-NHC
18996,44_76,Pt,-50.723110585728136,18996,Pt_44_76,44,76,NHC,NHC,NHC-NHC
2274,34_46,Cu,-21.9805,2274,Cu_34_46,34,46,NHC,NHC,NHC-NHC
11566,32_35,Cu,-7.809879156906391,11566,Cu_32_35,32,35,NHC,NHC,NHC-NHC
14252,32_39,Ni,-79.67536569603544,14252,Ni_32_39,32,39,NHC,NHC,NHC-NHC
16602,46_76,Pd,-48.58620913480991,16602,Pd_46_76,46,76,NHC,NHC,NHC-NHC
14290,33_34,Ni,-80.60010391288961,14290,Ni_33_34,33,34,NHC,NHC,NHC-NHC
14559,39_47,Ni,-80.07537164894165,14559,Ni_39_47,39,47,NHC,NHC,NHC-NHC
1122,32_42,Au,-3.97524,1122,Au_32_42,32,42,NHC,NHC,NHC-NHC
19887,78_78,Pt,-34.99779230715649,19887,Pt_78_78,78,78,NHC,NHC,NHC-NHC
4460,43_46,Pd,-41.48,4460,Pd_43_46,43,46,NHC,NHC,NHC-NHC
18856,41_42,Pt,-52.89352323691128,18856,Pt_41_42,41,42,NHC,NHC,NHC-NHC
4325,38_48,Pd,-46.98,4325,Pd_38_48,38,48,NHC,NHC,NHC-NHC
9693,48_77,Au,-0.4842304757694364,9693,Au_48_77,48,77,NHC,NHC,NHC-NHC
14279,32_77,Ni,-70.48860573394632,14279,Ni_32_77,32,77,NHC,NHC,NHC-NHC
18861,41_48,Pt,-52.84358098769735,18861,Pt_41_48,41,48,NHC,NHC,NHC-NHC
18453,33_33,Pt,-51.16237591810932,18453,Pt_33_33,33,33,NHC,NHC,NHC-NHC
18977,44_47,Pt,-48.29810892554815,18977,Pt_44_47,44,47,NHC,NHC,NHC-NHC
1390,43_46,Au,3.32389,1390,Au_43_46,43,46,NHC,NHC,NHC-NHC
11874,41_76,Cu,-6.023057268772391,11874,Cu_41_76,41,76,NHC,NHC,NHC-NHC
6975,36_36,Ag,10.579413434737944,6975,Ag_36_36,36,36,NHC,NHC,NHC-NHC
18418,32_39,Pt,-52.16353338763293,18418,Pt_32_39,32,39,NHC,NHC,NHC-NHC
4258,36_44,Pd,-49.54,4258,Pd_36_44,36,44,NHC,NHC,NHC-NHC
18629,37_44,Pt,-49.242735439227545,18629,Pt_37_44,37,44,NHC,NHC,NHC-NHC
18669,38_42,Pt,-50.72183828728157,18669,Pt_38_42,38,42,NHC,NHC,NHC-NHC
9564,41_78,Au,-0.8521726258186391,9564,Au_41_78,41,78,NHC,NHC,NHC-NHC
6981,36_45,Ag,11.822025942004984,6981,Ag_36_45,36,45,NHC,NHC,NHC-NHC
14811,44_45,Ni,-73.45690135197947,14811,Ni_44_45,44,45,NHC,NHC,NHC-NHC
400,44_47,Ag,15.88,400,Ag_44_47,44,47,NHC,NHC,NHC-NHC
4495,44_47,Pd,-45.36,4495,Pd_44_47,44,47,NHC,NHC,NHC-NHC
1306,39_44,Au,-0.809798,1306,Au_39_44,39,44,NHC,NHC,NHC-NHC
14518,38_45,Ni,-79.35899516633071,14518,Ni_38_45,38,45,NHC,NHC,NHC-NHC
2204,32_32,Cu,-3.01,2204,Cu_32_32,32,32,NHC,NHC,NHC-NHC
2357,39_41,Cu,-20.4633,2357,Cu_39_41,39,41,NHC,NHC,NHC-NHC
271,34_37,Ag,10.94,271,Ag_34_37,34,37,NHC,NHC,NHC-NHC
16486,39_77,Pd,-46.47617166132841,16486,Pd_39_77,39,77,NHC,NHC,NHC-NHC
16587,45_77,Pd,-49.88267683143931,16587,Pd_45_77,45,77,NHC,NHC,NHC-NHC
2326,37_43,Cu,-18.7923,2326,Cu_37_43,37,43,NHC,NHC,NHC-NHC
1235,36_36,Au,-4.23282,1235,Au_36_36,36,36,NHC,NHC,NHC-NHC
374,41_48,Ag,8.76026,374,Ag_41_48,41,48,NHC,NHC,NHC-NHC
9420,37_43,Au,-1.1224354926380329,9420,Au_37_43,37,43,NHC,NHC,NHC-NHC
361,40_45,Ag,15.4546,361,Ag_40_45,40,45,NHC,NHC,NHC-NHC
4136,33_37,Pd,-48.99,4136,Pd_33_37,33,37,NHC,NHC,NHC-NHC
18700,39_44,Pt,-50.07396826519107,18700,Pt_39_44,39,44,NHC,NHC,NHC-NHC
14582,39_78,Ni,-68.38033176076715,14582,Ni_39_78,39,78,NHC,NHC,NHC-NHC
11618,34_77,Cu,-7.45132005996129,11618,Cu_34_77,34,77,NHC,NHC,NHC-NHC
2872,38_38,Ni,-76.86,2872,Ni_38_38,38,38,NHC,NHC,NHC-NHC
1332,40_49,Au,-5.43132,1332,Au_40_49,40,49,NHC,NHC,NHC-NHC
9634,45_76,Au,-1.9284167718615208,9634,Au_45_76,45,76,NHC,NHC,NHC-NHC
18698,39_42,Pt,-55.42758361833694,18698,Pt_39_42,39,42,NHC,NHC,NHC-NHC
14557,39_45,Ni,-76.77177342571667,14557,Ni_39_45,39,45,NHC,NHC,NHC-NHC
4143,33_44,Pd,-45.75,4143,Pd_33_44,33,44,NHC,NHC,NHC-NHC
9377,35_40,Au,-0.266857610848092,9377,Au_35_40,35,40,NHC,NHC,NHC-NHC
14769,42_78,Ni,-58.12645500258077,14769,Ni_42_78,42,78,NHC,NHC,NHC-NHC
14799,43_76,Ni,-66.78925404774782,14799,Ni_43_76,43,76,NHC,NHC,NHC-NHC
1153,33_47,Au,-0.22,1153,Au_33_47,33,47,NHC,NHC,NHC-NHC
16560,43_78,Pd,-35.47375373393879,16560,Pd_43_78,43,78,NHC,NHC,NHC-NHC
14475,37_45,Ni,-75.59909084289393,14475,Ni_37_45,37,45,NHC,NHC,NHC-NHC
399,44_46,Ag,11.33,399,Ag_44_46,44,46,NHC,NHC,NHC-NHC
14515,38_42,Ni,-76.2692532914225,14515,Ni_38_42,38,42,NHC,NHC,NHC-NHC
14259,32_47,Ni,-78.07128125469899,14259,Ni_32_47,32,47,NHC,NHC,NHC-NHC
9672,47_49,Au,-1.7699092480252148,9672,Au_47_49,47,49,NHC,NHC,NHC-NHC
14423,36_37,Ni,-76.82121783235925,14423,Ni_36_37,36,37,NHC,NHC,NHC-NHC
7278,44_77,Ag,18.471898414660245,7278,Ag_44_77,44,77,NHC,NHC,NHC-NHC
4493,44_45,Pd,-45.04,4493,Pd_44_45,44,45,NHC,NHC,NHC-NHC
9616,44_76,Au,-1.8709870246748324,9616,Au_44_76,44,76,NHC,NHC,NHC-NHC
7241,43_76,Ag,18.369772269084933,7241,Ag_43_76,43,76,NHC,NHC,NHC-NHC
16440,36_78,Pd,-44.82233096075652,16440,Pd_36_78,36,78,NHC,NHC,NHC-NHC
18420,32_44,Pt,-51.78608794607135,18420,Pt_32_44,32,44,NHC,NHC,NHC-NHC
4343,39_40,Pd,-50.86,4343,Pd_39_40,39,40,NHC,NHC,NHC-NHC
18672,38_47,Pt,-51.40842613502173,18672,Pt_38_47,38,47,NHC,NHC,NHC-NHC
16454,37_78,Pd,-45.12264441608568,16454,Pd_37_78,37,78,NHC,NHC,NHC-NHC
7207,42_77,Ag,9.685275939082205,7207,Ag_42_77,42,77,NHC,NHC,NHC-NHC
18458,33_39,Pt,-50.50755133145867,18458,Pt_33_39,33,39,NHC,NHC,NHC-NHC
7384,48_77,Ag,13.767272690420214,7384,Ag_48_77,48,77,NHC,NHC,NHC-NHC
1305,39_43,Au,0.220149,1305,Au_39_43,39,43,NHC,NHC,NHC-NHC
14814,44_49,Ni,-75.97035137713829,14814,Ni_44_49,44,49,NHC,NHC,NHC-NHC
274,34_40,Ag,7.57854,274,Ag_34_40,34,40,NHC,NHC,NHC-NHC
4179,34_41,Pd,-46.74,4179,Pd_34_41,34,41,NHC,NHC,NHC-NHC
4496,44_48,Pd,-46.38,4496,Pd_44_48,44,48,NHC,NHC,NHC-NHC
12032,48_78,Cu,-10.377356534372666,12032,Cu_48_78,48,78,NHC,NHC,NHC-NHC
16619,47_78,Pd,-38.7382872504968,16619,Pd_47_78,47,78,NHC,NHC,NHC-NHC
16439,36_77,Pd,-47.36871173814143,16439,Pd_36_77,36,77,NHC,NHC,NHC-NHC
2244,33_47,Cu,-14.7756,2244,Cu_33_47,33,47,NHC,NHC,NHC-NHC
6866,33_49,Ag,11.700214419906844,6866,Ag_33_49,33,49,NHC,NHC,NHC-NHC
6826,32_45,Ag,14.161620812374167,6826,Ag_32_45,32,45,NHC,NHC,NHC-NHC
1126,32_49,Au,-1.41,1126,Au_32_49,32,49,NHC,NHC,NHC-NHC
9582,42_78,Au,2.294120425278379,9582,Au_42_78,42,78,NHC,NHC,NHC-NHC
4145,33_47,Pd,-46.94,4145,Pd_33_47,33,47,NHC,NHC,NHC-NHC
1152,33_46,Au,-2.5,1152,Au_33_46,33,46,NHC,NHC,NHC-NHC
7385,48_78,Ag,14.208304031271837,7385,Ag_48_78,48,78,NHC,NHC,NHC-NHC
6982,36_47,Ag,10.625666744817863,6982,Ag_36_47,36,47,NHC,NHC,NHC-NHC
14849,45_45,Ni,-78.61161373526556,14849,Ni_45_45,45,45,NHC,NHC,NHC-NHC
4430,42_45,Pd,-52.04,4430,Pd_42_45,42,45,NHC,NHC,NHC-NHC
11612,34_45,Cu,-9.010316169122234,11612,Cu_34_45,34,45,NHC,NHC,NHC-NHC
5427,32_38,Pt,-52.4,5427,Pt_32_38,32,38,NHC,NHC,NHC-NHC
2390,41_43,Cu,-8.85821,2390,Cu_41_43,41,43,NHC,NHC,NHC-NHC
18503,34_44,Pt,-47.06173571488762,18503,Pt_34_44,34,44,NHC,NHC,NHC-NHC
14469,37_38,Ni,-80.112063587585,14469,Ni_37_38,37,38,NHC,NHC,NHC-NHC
14292,33_36,Ni,-76.33225036248041,14292,Ni_33_36,33,36,NHC,NHC,NHC-NHC
11992,46_76,Cu,-16.573336230852874,11992,Cu_46_76,46,76,NHC,NHC,NHC-NHC
6961,35_76,Ag,14.883861654278007,6961,Ag_35_76,35,76,NHC,NHC,NHC-NHC
14746,42_47,Ni,-77.94089811373851,14746,Ni_42_47,42,47,NHC,NHC,NHC-NHC
9678,47_78,Au,2.58825701992464,9678,Au_47_78,47,78,NHC,NHC,NHC-NHC
11591,33_46,Cu,-11.726269470877014,11591,Cu_33_46,33,46,NHC,NHC,NHC-NHC
14779,43_44,Ni,-71.41481234604726,14779,Ni_43_44,43,44,NHC,NHC,NHC-NHC
6862,33_36,Ag,9.802161934130709,6862,Ag_33_36,33,36,NHC,NHC,NHC-NHC
14887,46_49,Ni,-76.3835474964435,14887,Ni_46_49,46,49,NHC,NHC,NHC-NHC
1151,33_45,Au,-0.09,1151,Au_33_45,33,45,NHC,NHC,NHC-NHC
19135,48_76,Pt,-48.20358403468708,19135,Pt_48_76,48,76,NHC,NHC,NHC-NHC
18612,36_76,Pt,-48.61109347488673,18612,Pt_36_76,36,76,NHC,NHC,NHC-NHC
14940,47_78,Ni,-63.571525174644194,14940,Ni_47_78,47,78,NHC,NHC,NHC-NHC
18545,35_40,Pt,-47.540221455230494,18545,Pt_35_40,35,40,NHC,NHC,NHC-NHC
2205,32_37,Cu,-12.8494,2205,Cu_32_37,32,37,NHC,NHC,NHC-NHC
14514,38_41,Ni,-82.22364061632834,14514,Ni_38_41,38,41,NHC,NHC,NHC-NHC
9400,36_45,Au,-2.7190322885944624,9400,Au_36_45,36,45,NHC,NHC,NHC-NHC
9441,37_77,Au,2.542596689203492,9441,Au_37_77,37,77,NHC,NHC,NHC-NHC
9362,34_76,Au,3.830954053373716,9362,Au_34_76,34,76,NHC,NHC,NHC-NHC
1268,37_45,Au,-0.21,1268,Au_37_45,37,45,NHC,NHC,NHC-NHC
18860,41_46,Pt,-48.87508035151404,18860,Pt_41_46,41,46,NHC,NHC,NHC-NHC
18419,32_42,Pt,-49.73799610178685,18419,Pt_32_42,32,42,NHC,NHC,NHC-NHC
11993,46_77,Cu,-9.937918555704528,11993,Cu_46_77,46,77,NHC,NHC,NHC-NHC
6885,33_76,Ag,15.63133973890217,6885,Ag_33_76,33,76,NHC,NHC,NHC-NHC
9324,32_43,Au,-0.0470074141121585,9324,Au_32_43,32,43,NHC,NHC,NHC-NHC
332,38_42,Ag,9.91727,332,Ag_38_42,38,42,NHC,NHC,NHC-NHC
14973,48_77,Ni,-82.44825389936159,14973,Ni_48_77,48,77,NHC,NHC,NHC-NHC
6825,32_41,Ag,12.418176141451111,6825,Ag_32_41,32,41,NHC,NHC,NHC-NHC
18502,34_42,Pt,-52.94366332336358,18502,Pt_34_42,34,42,NHC,NHC,NHC-NHC
18592,36_47,Pt,-45.99162756897567,18592,Pt_36_47,36,47,NHC,NHC,NHC-NHC
14520,38_48,Ni,-76.89803822925023,14520,Ni_38_48,38,48,NHC,NHC,NHC-NHC
263,33_47,Ag,12.6253,263,Ag_33_47,33,47,NHC,NHC,NHC-NHC
2235,33_33,Cu,-18.19,2235,Cu_33_33,33,33,NHC,NHC,NHC-NHC
4346,39_43,Pd,-43.83,4346,Pd_39_43,39,43,NHC,NHC,NHC-NHC
293,36_38,Ag,11.4627,293,Ag_36_38,36,38,NHC,NHC,NHC-NHC
14412,35_76,Ni,-81.67517490891623,14412,Ni_35_76,35,76,NHC,NHC,NHC-NHC
4096,32_35,Pd,-41.87,4096,Pd_32_35,32,35,NHC,NHC,NHC-NHC
4108,32_49,Pd,-46.9,4108,Pd_32_49,32,49,NHC,NHC,NHC-NHC
401,44_48,Ag,12.33,401,Ag_44_48,44,48,NHC,NHC,NHC-NHC
1304,39_42,Au,-5.2299,1304,Au_39_42,39,42,NHC,NHC,NHC-NHC
4252,36_38,Pd,-49.46,4252,Pd_36_38,36,38,NHC,NHC,NHC-NHC
9350,33_78,Au,3.6379600369400578,9350,Au_33_78,33,78,NHC,NHC,NHC-NHC
4433,42_49,Pd,-52.59,4433,Pd_42_49,42,49,NHC,NHC,NHC-NHC
19137,48_78,Pt,-47.4169251844578,19137,Pt_48_78,48,78,NHC,NHC,NHC-NHC
9407,36_78,Au,-1.9750050824004568,9407,Au_36_78,36,78,NHC,NHC,NHC-NHC
14302,33_49,Ni,-76.23907446017256,14302,Ni_33_49,33,49,NHC,NHC,NHC-NHC
18546,35_42,Pt,-49.34345603967813,18546,Pt_35_42,35,42,NHC,NHC,NHC-NHC
14908,46_77,Ni,-73.33449055317033,14908,Ni_46_77,46,77,NHC,NHC,NHC-NHC
14500,37_78,Ni,-69.12493468912726,14500,Ni_37_78,37,78,NHC,NHC,NHC-NHC
4147,33_49,Pd,-49.55,4147,Pd_33_49,33,49,NHC,NHC,NHC-NHC
19049,46_49,Pt,-51.825323040029616,19049,Pt_46_49,46,49,NHC,NHC,NHC-NHC
18671,38_44,Pt,-52.34153147773759,18671,Pt_38_44,38,44,NHC,NHC,NHC-NHC
2268,34_38,Cu,-8.87249,2268,Cu_34_38,34,38,NHC,NHC,NHC-NHC
14414,35_78,Ni,-65.97735091413779,14414,Ni_35_78,35,78,NHC,NHC,NHC-NHC
14256,32_43,Ni,-71.23081542633008,14256,Ni_32_43,32,43,NHC,NHC,NHC-NHC
4215,35_37,Pd,-40.53,4215,Pd_35_37,35,37,NHC,NHC,NHC-NHC
2356,39_40,Cu,-20.6262,2356,Cu_39_40,39,40,NHC,NHC,NHC-NHC
386,42_48,Ag,5.71667,386,Ag_42_48,42,48,NHC,NHC,NHC-NHC
1310,39_49,Au,-3.89075,1310,Au_39_49,39,49,NHC,NHC,NHC-NHC
11909,43_47,Cu,-2.7140536038641585,11909,Cu_43_47,43,47,NHC,NHC,NHC-NHC
4372,40_43,Pd,-48.48,4372,Pd_40_43,40,43,NHC,NHC,NHC-NHC
18457,33_37,Pt,-50.30651095933717,18457,Pt_33_37,33,37,NHC,NHC,NHC-NHC
19073,46_78,Pt,-45.231629556423286,19073,Pt_46_78,46,78,NHC,NHC,NHC-NHC
18454,33_34,Pt,-49.48838947827608,18454,Pt_33_34,33,34,NHC,NHC,NHC-NHC
4398,41_43,Pd,-45.5,4398,Pd_41_43,41,43,NHC,NHC,NHC-NHC
14342,34_46,Ni,-83.34959161437291,14342,Ni_34_46,34,46,NHC,NHC,NHC-NHC
7289,45_45,Ag,10.412674083956516,7289,Ag_45_45,45,45,NHC,NHC,NHC-NHC
1303,39_40,Au,-5.46815,1303,Au_39_40,39,40,NHC,NHC,NHC-NHC
15701,76_76,Ni,-56.66509634996328,15701,Ni_76_76,76,76,NHC,NHC,NHC-NHC
2207,32_39,Cu,-16.7604,2207,Cu_32_39,32,39,NHC,NHC,NHC-NHC
2393,41_47,Cu,-17.66,2393,Cu_41_47,41,47,NHC,NHC,NHC-NHC
2493,47_47,Cu,-20.8959,2493,Cu_47_47,47,47,NHC,NHC,NHC-NHC
1242,36_46,Au,-3.25,1242,Au_36_46,36,46,NHC,NHC,NHC-NHC
18976,44_46,Pt,-50.97362949582748,18976,Pt_44_46,44,46,NHC,NHC,NHC-NHC
16516,40_77,Pd,-42.38387992972275,16516,Pd_40_77,40,77,NHC,NHC,NHC-NHC
4099,32_38,Pd,-44.57,4099,Pd_32_38,32,38,NHC,NHC,NHC-NHC
1155,33_49,Au,-2.27,1155,Au_33_49,33,49,NHC,NHC,NHC-NHC
18424,32_48,Pt,-51.79122074761108,18424,Pt_32_48,32,48,NHC,NHC,NHC-NHC
1414,44_46,Au,-2.24507,1414,Au_44_46,44,46,NHC,NHC,NHC-NHC
403,45_48,Ag,10.5788,403,Ag_45_48,45,48,NHC,NHC,NHC-NHC
18885,41_77,Pt,-39.65422619961464,18885,Pt_41_77,41,77,NHC,NHC,NHC-NHC
16395,33_78,Pd,-42.32364106133173,16395,Pd_33_78,33,78,NHC,NHC,NHC-NHC
4287,37_37,Pd,-46.17,4287,Pd_37_37,37,37,NHC,NHC,NHC-NHC
4133,33_33,Pd,-50.15,4133,Pd_33_33,33,33,NHC,NHC,NHC-NHC
1123,32_46,Au,1.18,1123,Au_32_46,32,46,NHC,NHC,NHC-NHC
2269,34_39,Cu,-14.1245,2269,Cu_34_39,34,39,NHC,NHC,NHC-NHC
2339,38_39,Cu,-14.952,2339,Cu_38_39,38,39,NHC,NHC,NHC-NHC
6863,33_37,Ag,10.160398009378696,6863,Ag_33_37,33,37,NHC,NHC,NHC-NHC
9323,32_37,Au,0.3321237081618164,9323,Au_32_37,32,37,NHC,NHC,NHC-NHC
11657,36_37,Cu,-15.289502481828094,11657,Cu_36_37,36,37,NHC,NHC,NHC-NHC
9712,49_78,Au,2.855361790425377,9712,Au_49_78,49,78,NHC,NHC,NHC-NHC
397,43_48,Ag,13.51,397,Ag_43_48,43,48,NHC,NHC,NHC-NHC
14782,43_47,Ni,-73.90397777821636,14782,Ni_43_47,43,47,NHC,NHC,NHC-NHC
1147,33_38,Au,-1.99117,1147,Au_33_38,33,38,NHC,NHC,NHC-NHC
14812,44_46,Ni,-75.57901615492301,14812,Ni_44_46,44,46,NHC,NHC,NHC-NHC
19010,45_47,Pt,-49.23710642861988,19010,Pt_45_47,45,47,NHC,NHC,NHC-NHC
14255,32_42,Ni,-71.63488790101837,14255,Ni_32_42,32,42,NHC,NHC,NHC-NHC
262,33_44,Ag,15.4143,262,Ag_33_44,33,44,NHC,NHC,NHC-NHC
14742,42_43,Ni,-74.54282058520766,14742,Ni_42_43,42,43,NHC,NHC,NHC-NHC
1354,41_49,Au,-3.22,1354,Au_41_49,41,49,NHC,NHC,NHC-NHC
15010,49_77,Ni,-82.46090658233152,15010,Ni_49_77,49,77,NHC,NHC,NHC-NHC
18631,37_47,Pt,-51.28539657972578,18631,Pt_37_47,37,47,NHC,NHC,NHC-NHC
6936,35_45,Ag,14.61521212835214,6936,Ag_35_45,35,45,NHC,NHC,NHC-NHC
1216,35_48,Au,2.63956,1216,Au_35_48,35,48,NHC,NHC,NHC-NHC
18898,42_45,Pt,-51.63967972651881,18898,Pt_42_45,42,45,NHC,NHC,NHC-NHC
4492,44_44,Pd,-43.84,4492,Pd_44_44,44,44,NHC,NHC,NHC-NHC
4219,35_44,Pd,-41.85,4219,Pd_35_44,35,44,NHC,NHC,NHC-NHC
19072,46_77,Pt,-46.93521461421187,19072,Pt_46_77,46,77,NHC,NHC,NHC-NHC
2324,37_40,Cu,-24.8807,2324,Cu_37_40,37,40,NHC,NHC,NHC-NHC
11768,39_78,Cu,-13.237948568712454,11768,Cu_39_78,39,78,NHC,NHC,NHC-NHC
18938,43_48,Pt,-50.96994206205272,18938,Pt_43_48,43,48,NHC,NHC,NHC-NHC
18534,34_78,Pt,-48.63060561600287,18534,Pt_34_78,34,78,NHC,NHC,NHC-NHC
7156,40_77,Ag,17.1474675897407,7156,Ag_40_77,40,77,NHC,NHC,NHC-NHC
14741,42_42,Ni,-77.03809202852426,14741,Ni_42_42,42,42,NHC,NHC,NHC-NHC
11575,32_76,Cu,-13.79423253959976,11575,Cu_32_76,32,76,NHC,NHC,NHC-NHC
18855,41_41,Pt,-46.8691464532094,18855,Pt_41_41,41,41,NHC,NHC,NHC-NHC
1213,35_44,Au,2.61,1213,Au_35_44,35,44,NHC,NHC,NHC-NHC
12047,49_76,Cu,-16.195268944153213,12047,Cu_49_76,49,76,NHC,NHC,NHC-NHC
1272,38_38,Au,-0.92,1272,Au_38_38,38,38,NHC,NHC,NHC-NHC
9694,48_78,Au,2.0219980075853528,9694,Au_48_78,48,78,NHC,NHC,NHC-NHC
260,33_42,Ag,9.79584,260,Ag_33_42,33,42,NHC,NHC,NHC-NHC
14384,35_40,Ni,-78.72938706958666,14384,Ni_35_40,35,40,NHC,NHC,NHC-NHC
18937,43_47,Pt,-48.612340284729726,18937,Pt_43_47,43,47,NHC,NHC,NHC-NHC
7072,39_77,Ag,15.18340511056158,7072,Ag_39_77,39,77,NHC,NHC,NHC-NHC
4251,36_37,Pd,-50.03,4251,Pd_36_37,36,37,NHC,NHC,NHC-NHC
9548,41_45,Au,-2.2367414964246564,9548,Au_41_45,41,45,NHC,NHC,NHC-NHC
14367,34_77,Ni,-73.81499496901233,14367,Ni_34_77,34,77,NHC,NHC,NHC-NHC
9343,33_43,Au,0.4402054605525336,9343,Au_33_43,33,43,NHC,NHC,NHC-NHC
8192,77_77,Ag,24.75474486888561,8192,Ag_77_77,77,77,NHC,NHC,NHC-NHC
12048,49_78,Cu,-8.372302838120959,12048,Cu_49_78,49,78,NHC,NHC,NHC-NHC
2355,39_39,Cu,-23.7025,2355,Cu_39_39,39,39,NHC,NHC,NHC-NHC
14299,33_46,Ni,-76.72466883581365,14299,Ni_33_46,33,46,NHC,NHC,NHC-NHC
19035,45_78,Pt,-47.86571279569762,19035,Pt_45_78,45,78,NHC,NHC,NHC-NHC
14293,33_37,Ni,-77.80692561583419,14293,Ni_33_37,33,37,NHC,NHC,NHC-NHC
1180,34_39,Au,-2.0131,1180,Au_34_39,34,39,NHC,NHC,NHC-NHC
18500,34_39,Pt,-47.96393094108498,18500,Pt_34_39,34,39,NHC,NHC,NHC-NHC
14327,33_78,Ni,-66.8786820564419,14327,Ni_33_78,33,78,NHC,NHC,NHC-NHC
4289,37_44,Pd,-50.58,4289,Pd_37_44,37,44,NHC,NHC,NHC-NHC
11709,37_76,Cu,-9.097698070429033,11709,Cu_37_76,37,76,NHC,NHC,NHC-NHC
277,34_44,Ag,18.2499,277,Ag_34_44,34,44,NHC,NHC,NHC-NHC
259,33_41,Ag,12.5329,259,Ag_33_41,33,41,NHC,NHC,NHC-NHC
331,38_41,Ag,11.2048,331,Ag_38_41,38,41,NHC,NHC,NHC-NHC
14852,45_48,Ni,-77.09499943238916,14852,Ni_45_48,45,48,NHC,NHC,NHC-NHC
18933,43_43,Pt,-47.26835365982697,18933,Pt_43_43,43,43,NHC,NHC,NHC-NHC
9364,34_78,Au,2.248987920058425,9364,Au_34_78,34,78,NHC,NHC,NHC-NHC
2452,45_47,Cu,-14.7197,2452,Cu_45_47,45,47,NHC,NHC,NHC-NHC
19867,76_78,Pt,-49.459882979841495,19867,Pt_76_78,76,78,NHC,NHC,NHC-NHC
7290,45_47,Ag,11.079137221706333,7290,Ag_45_47,45,47,NHC,NHC,NHC-NHC
18507,34_49,Pt,-50.72435669461265,18507,Pt_34_49,34,49,NHC,NHC,NHC-NHC
4324,38_46,Pd,-46.14,4324,Pd_38_46,38,46,NHC,NHC,NHC-NHC
18979,44_49,Pt,-50.87748895101686,18979,Pt_44_49,44,49,NHC,NHC,NHC-NHC
18814,40_43,Pt,-49.701769676488766,18814,Pt_40_43,40,43,NHC,NHC,NHC-NHC
404,45_49,Ag,10.9224,404,Ag_45_49,45,49,NHC,NHC,NHC-NHC
6886,33_77,Ag,15.364041556713346,6886,Ag_33_77,33,77,NHC,NHC,NHC-NHC
12031,48_77,Cu,-11.956144638097612,12031,Cu_48_77,48,77,NHC,NHC,NHC-NHC
18997,44_77,Pt,-49.80140433531051,18997,Pt_44_77,44,77,NHC,NHC,NHC-NHC
4137,33_38,Pd,-47.75,4137,Pd_33_38,33,38,NHC,NHC,NHC-NHC
14552,39_40,Ni,-86.73066074983217,14552,Ni_39_40,39,40,NHC,NHC,NHC-NHC
16647,49_77,Pd,-47.280304294938105,16647,Pd_49_77,49,77,NHC,NHC,NHC-NHC
18858,41_44,Pt,-51.68372397663188,18858,Pt_41_44,41,44,NHC,NHC,NHC-NHC
2271,34_40,Cu,-18.5692,2271,Cu_34_40,34,40,NHC,NHC,NHC-NHC
18552,35_48,Pt,-47.60906416099897,18552,Pt_35_48,35,48,NHC,NHC,NHC-NHC
14260,32_48,Ni,-74.06299661191588,14260,Ni_32_48,32,48,NHC,NHC,NHC-NHC
18859,41_45,Pt,-48.58044845462428,18859,Pt_41_45,41,45,NHC,NHC,NHC-NHC
9406,36_77,Au,-0.938761042751139,9406,Au_36_77,36,77,NHC,NHC,NHC-NHC
6979,36_43,Ag,13.90504826416145,6979,Ag_36_43,36,43,NHC,NHC,NHC-NHC
14554,39_42,Ni,-79.15355216909666,14554,Ni_39_42,39,42,NHC,NHC,NHC-NHC
18624,37_37,Pt,-46.82235882727037,18624,Pt_37_37,37,37,NHC,NHC,NHC-NHC
18652,37_76,Pt,-41.515047401746415,18652,Pt_37_76,37,76,NHC,NHC,NHC-NHC
14555,39_43,Ni,-71.95364568727382,14555,Ni_39_43,39,43,NHC,NHC,NHC-NHC
14670,40_48,Ni,-76.28655796348175,14670,Ni_40_48,40,48,NHC,NHC,NHC-NHC
7253,44_44,Ag,14.59831759420922,7253,Ag_44_44,44,44,NHC,NHC,NHC-NHC
2276,34_48,Cu,-7.72851,2276,Cu_34_48,34,48,NHC,NHC,NHC-NHC
4399,41_44,Pd,-50.44,4399,Pd_41_44,41,44,NHC,NHC,NHC-NHC
14781,43_46,Ni,-69.36733107978944,14781,Ni_43_46,43,46,NHC,NHC,NHC-NHC
1267,37_39,Au,-1.5876,1267,Au_37_39,37,39,NHC,NHC,NHC-NHC
294,36_41,Ag,9.17488,294,Ag_36_41,36,41,NHC,NHC,NHC-NHC
14326,33_77,Ni,-76.8607674313389,14326,Ni_33_77,33,77,NHC,NHC,NHC-NHC
4432,42_48,Pd,-51.7,4432,Pd_42_48,42,48,NHC,NHC,NHC-NHC
18541,35_35,Pt,-43.53783672501595,18541,Pt_35_35,35,35,NHC,NHC,NHC-NHC
1240,36_43,Au,-1.24969,1240,Au_36_43,36,43,NHC,NHC,NHC-NHC
249,32_44,Ag,16.5472,249,Ag_32_44,32,44,NHC,NHC,NHC-NHC
4261,36_47,Pd,-54.12,4261,Pd_36_47,36,47,NHC,NHC,NHC-NHC
11565,32_34,Cu,-15.553067449000082,11565,Cu_32_34,32,34,NHC,NHC,NHC-NHC
6849,32_77,Ag,15.133039197316975,6849,Ag_32_77,32,77,NHC,NHC,NHC-NHC
16452,37_76,Pd,-43.146303947782144,16452,Pd_37_76,37,76,NHC,NHC,NHC-NHC
2373,40_43,Cu,-16.8575,2373,Cu_40_43,40,43,NHC,NHC,NHC-NHC
2344,38_48,Cu,-11.6223,2344,Cu_38_48,38,48,NHC,NHC,NHC-NHC
18504,34_45,Pt,-45.86707656334329,18504,Pt_34_45,34,45,NHC,NHC,NHC-NHC
6988,36_76,Ag,22.52800750283496,6988,Ag_36_76,36,76,NHC,NHC,NHC-NHC
14431,36_45,Ni,-78.91150657011895,14431,Ni_36_45,36,45,NHC,NHC,NHC-NHC
6920,34_78,Ag,17.94328133671661,6920,Ag_34_78,34,78,NHC,NHC,NHC-NHC
7001,37_42,Ag,13.961237596624414,7001,Ag_37_42,37,42,NHC,NHC,NHC-NHC
244,32_37,Ag,13.4913,244,Ag_32_37,32,37,NHC,NHC,NHC-NHC
14886,46_48,Ni,-79.92605940108479,14886,Ni_46_48,46,48,NHC,NHC,NHC-NHC
9635,45_77,Au,-2.8230513586349844,9635,Au_45_77,45,77,NHC,NHC,NHC-NHC
1438,45_48,Au,-1.73,1438,Au_45_48,45,48,NHC,NHC,NHC-NHC
1243,36_48,Au,-4.73642,1243,Au_36_48,36,48,NHC,NHC,NHC-NHC
2328,37_49,Cu,-16.3,2328,Cu_37_49,37,49,NHC,NHC,NHC-NHC
1460,46_49,Au,-5.38411,1460,Au_46_49,46,49,NHC,NHC,NHC-NHC
18812,40_41,Pt,-52.19398816196917,18812,Pt_40_41,40,41,NHC,NHC,NHC-NHC
14338,34_42,Ni,-75.49218515731627,14338,Ni_34_42,34,42,NHC,NHC,NHC-NHC
18487,33_78,Pt,-49.97169037924323,18487,Pt_33_78,33,78,NHC,NHC,NHC-NHC
11598,33_77,Cu,-13.132574665127322,11598,Cu_33_77,33,77,NHC,NHC,NHC-NHC
11916,43_76,Cu,-4.687309000146342,11916,Cu_43_76,43,76,NHC,NHC,NHC-NHC
4134,33_35,Pd,-40.93,4134,Pd_33_35,33,35,NHC,NHC,NHC-NHC
18455,33_35,Pt,-47.0141304153658,18455,Pt_33_35,33,35,NHC,NHC,NHC-NHC
14366,34_76,Ni,-74.80274061934324,14366,Ni_34_76,34,76,NHC,NHC,NHC-NHC
1308,39_46,Au,0.39,1308,Au_39_46,39,46,NHC,NHC,NHC-NHC
2868,34_37,Ni,-79.6,2868,Ni_34_37,34,37,NHC,NHC,NHC-NHC
7299,45_78,Ag,13.216840128181502,7299,Ag_45_78,45,78,NHC,NHC,NHC-NHC
11635,35_43,Cu,-5.413255083418335,11635,Cu_35_43,35,43,NHC,NHC,NHC-NHC
16378,32_77,Pd,-44.68849254958332,16378,Pd_32_77,32,77,NHC,NHC,NHC-NHC
4556,46_47,Pd,-45.1,4556,Pd_46_47,46,47,NHC,NHC,NHC-NHC
2392,41_46,Cu,-21.5555,2392,Cu_41_46,41,46,NHC,NHC,NHC-NHC
4397,41_42,Pd,-55.13,4397,Pd_41_42,41,42,NHC,NHC,NHC-NHC
18543,35_37,Pt,-47.61286594732519,18543,Pt_35_37,35,37,NHC,NHC,NHC-NHC
11637,35_46,Cu,-11.697879061815913,11637,Cu_35_46,35,46,NHC,NHC,NHC-NHC
6980,36_44,Ag,9.10835585850873,6980,Ag_36_44,36,44,NHC,NHC,NHC-NHC
14383,35_39,Ni,-72.11879743741883,14383,Ni_35_39,35,39,NHC,NHC,NHC-NHC
1209,35_37,Au,3.67,1209,Au_35_37,35,37,NHC,NHC,NHC-NHC
14938,47_76,Ni,-77.64056064955366,14938,Ni_47_76,47,76,NHC,NHC,NHC-NHC
14974,48_78,Ni,-63.38461812486639,14974,Ni_48_78,48,78,NHC,NHC,NHC-NHC
4214,35_35,Pd,-30.49,4214,Pd_35_35,35,35,NHC,NHC,NHC-NHC
14343,34_47,Ni,-82.60571035220346,14343,Ni_34_47,34,47,NHC,NHC,NHC-NHC
1116,32_33,Au,0.502258,1116,Au_32_33,32,33,NHC,NHC,NHC-NHC
2376,40_48,Cu,-10.415,2376,Cu_40_48,40,48,NHC,NHC,NHC-NHC
4370,40_41,Pd,-48.28,4370,Pd_40_41,40,41,NHC,NHC,NHC-NHC
1413,44_45,Au,-0.15,1413,Au_44_45,44,45,NHC,NHC,NHC-NHC
2470,46_49,Cu,-13.1126,2470,Cu_46_49,46,49,NHC,NHC,NHC-NHC
14457,36_76,Ni,-76.64585351639835,14457,Ni_36_76,36,76,NHC,NHC,NHC-NHC
4345,39_42,Pd,-50.72,4345,Pd_39_42,39,42,NHC,NHC,NHC-NHC
2242,33_42,Cu,-17.7101,2242,Cu_33_42,33,42,NHC,NHC,NHC-NHC
2327,37_44,Cu,-11.3534,2327,Cu_37_44,37,44,NHC,NHC,NHC-NHC
2322,37_38,Cu,-25.0138,2322,Cu_37_38,37,38,NHC,NHC,NHC-NHC
16422,35_78,Pd,-39.77870240027551,16422,Pd_35_78,35,78,NHC,NHC,NHC-NHC
313,37_37,Ag,11.599,313,Ag_37_37,37,37,NHC,NHC,NHC-NHC
14513,38_40,Ni,-84.22194328764454,14513,Ni_38_40,38,40,NHC,NHC,NHC-NHC
9601,43_76,Au,2.8228270922481897,9601,Au_43_76,43,76,NHC,NHC,NHC-NHC
1121,32_40,Au,-5.20956,1121,Au_32_40,32,40,NHC,NHC,NHC-NHC
11767,39_76,Cu,-10.380866972860533,11767,Cu_39_76,39,76,NHC,NHC,NHC-NHC
385,42_47,Ag,10.684,385,Ag_42_47,42,47,NHC,NHC,NHC-NHC
14390,35_48,Ni,-74.71861034895119,14390,Ni_35_48,35,48,NHC,NHC,NHC-NHC
19106,47_77,Pt,-47.64737351552321,19106,Pt_47_77,47,77,NHC,NHC,NHC-NHC
330,38_40,Ag,8.92686,330,Ag_38_40,38,40,NHC,NHC,NHC-NHC
4373,40_44,Pd,-48.3,4373,Pd_40_44,40,44,NHC,NHC,NHC-NHC
14810,44_44,Ni,-74.41554442995402,14810,Ni_44_44,44,44,NHC,NHC,NHC-NHC
16485,39_76,Pd,-45.52737926969712,16485,Pd_39_76,39,76,NHC,NHC,NHC-NHC
7169,41_49,Ag,9.475913174261224,7169,Ag_41_49,41,49,NHC,NHC,NHC-NHC
14517,38_44,Ni,-79.85265621934377,14517,Ni_38_44,38,44,NHC,NHC,NHC-NHC
9711,49_77,Au,0.8656257054099115,9711,Au_49_77,49,77,NHC,NHC,NHC-NHC
2343,38_47,Cu,-8.81861,2343,Cu_38_47,38,47,NHC,NHC,NHC-NHC
7193,42_43,Ag,11.601703274747706,7193,Ag_42_43,42,43,NHC,NHC,NHC-NHC
18486,33_77,Pt,-51.11173528061772,18486,Pt_33_77,33,77,NHC,NHC,NHC-NHC
14433,36_48,Ni,-77.87657806232164,14433,Ni_36_48,36,48,NHC,NHC,NHC-NHC
1351,41_42,Au,-6.03651,1351,Au_41_42,41,42,NHC,NHC,NHC-NHC
6861,33_34,Ag,10.569491872331128,6861,Ag_33_34,33,34,NHC,NHC,NHC-NHC
1352,41_44,Au,-1.47656,1352,Au_41_44,41,44,NHC,NHC,NHC-NHC
19118,48_49,Pt,-49.9319728764458,19118,Pt_48_49,48,49,NHC,NHC,NHC-NHC
16603,46_77,Pd,-44.39589362416882,16603,Pd_46_77,46,77,NHC,NHC,NHC-NHC
1241,36_44,Au,-2.53314,1241,Au_36_44,36,44,NHC,NHC,NHC-NHC
9710,49_76,Au,-1.522561681209481,9710,Au_49_76,49,76,NHC,NHC,NHC-NHC
1184,34_44,Au,2.43289,1184,Au_34_44,34,44,NHC,NHC,NHC-NHC
19107,47_78,Pt,-41.01068959313852,19107,Pt_47_78,47,78,NHC,NHC,NHC-NHC
1364,42_45,Au,-2.85484,1364,Au_42_45,42,45,NHC,NHC,NHC-NHC
10416,76_77,Au,0.2955776077469636,10416,Au_76_77,76,77,NHC,NHC,NHC-NHC
14340,34_44,Ni,-73.47579157433938,14340,Ni_34_44,34,44,NHC,NHC,NHC-NHC
18843,40_77,Pt,-48.50404870599596,18843,Pt_40_77,40,77,NHC,NHC,NHC-NHC
18975,44_44,Pt,-51.7154217300922,18975,Pt_44_44,44,44,NHC,NHC,NHC-NHC
4351,39_49,Pd,-50.06,4351,Pd_39_49,39,49,NHC,NHC,NHC-NHC
9602,43_77,Au,2.6621730337028566,9602,Au_43_77,43,77,NHC,NHC,NHC-NHC
18423,32_47,Pt,-50.37862967944966,18423,Pt_32_47,32,47,NHC,NHC,NHC-NHC
2206,32_38,Cu,-5.99,2206,Cu_32_38,32,38,NHC,NHC,NHC-NHC
1279,38_48,Au,-3.94293,1279,Au_38_48,38,48,NHC,NHC,NHC-NHC
14337,34_41,Ni,-77.3431834369112,14337,Ni_34_41,34,41,NHC,NHC,NHC-NHC
1468,47_47,Au,-1.45912,1468,Au_47_47,47,47,NHC,NHC,NHC-NHC
4259,36_45,Pd,-50.63,4259,Pd_36_45,36,45,NHC,NHC,NHC-NHC
2299,35_49,Cu,-7.47,2299,Cu_35_49,35,49,NHC,NHC,NHC-NHC
18728,39_77,Pt,-49.76344645892823,18728,Pt_39_77,39,77,NHC,NHC,NHC-NHC
14516,38_43,Ni,-73.32992636947893,14516,Ni_38_43,38,43,NHC,NHC,NHC-NHC
4260,36_46,Pd,-50.49,4260,Pd_36_46,36,46,NHC,NHC,NHC-NHC
18415,32_34,Pt,-51.03950986712152,18415,Pt_32_34,32,34,NHC,NHC,NHC-NHC
7051,38_77,Ag,13.738953105304972,7051,Ag_38_77,38,77,NHC,NHC,NHC-NHC
7194,42_46,Ag,10.8040590936871,7194,Ag_42_46,42,46,NHC,NHC,NHC-NHC
11631,35_38,Cu,-10.792441269630215,11631,Cu_35_38,35,38,NHC,NHC,NHC-NHC
6978,36_42,Ag,6.279526622834965,6978,Ag_36_42,36,42,NHC,NHC,NHC-NHC
270,34_35,Ag,10.4339,270,Ag_34_35,34,35,NHC,NHC,NHC-NHC
14380,35_36,Ni,-75.09968650662631,14380,Ni_35_36,35,36,NHC,NHC,NHC-NHC
14540,38_78,Ni,-64.92779428117501,14540,Ni_38_78,38,78,NHC,NHC,NHC-NHC
2342,38_46,Cu,-14.2429,2342,Cu_38_46,38,46,NHC,NHC,NHC-NHC
16648,49_78,Pd,-40.36589619360166,16648,Pd_49_78,49,78,NHC,NHC,NHC-NHC
11907,43_43,Cu,-2.470308590331115,11907,Cu_43_43,43,43,NHC,NHC,NHC-NHC
1208,35_35,Au,15.17,1208,Au_35_35,35,35,NHC,NHC,NHC-NHC
9341,33_37,Au,-1.223585906176595,9341,Au_33_37,33,37,NHC,NHC,NHC-NHC
11929,44_48,Cu,-10.3006908922398,11929,Cu_44_48,44,48,NHC,NHC,NHC-NHC
6935,35_44,Ag,15.144542942376576,6935,Ag_35_44,35,44,NHC,NHC,NHC-NHC
14389,35_47,Ni,-72.01944714301499,14389,Ni_35_47,35,47,NHC,NHC,NHC-NHC
18587,36_37,Pt,-49.30264455555152,18587,Pt_36_37,36,37,NHC,NHC,NHC-NHC
14474,37_44,Ni,-73.366147062261,14474,Ni_37_44,37,44,NHC,NHC,NHC-NHC
342,39_41,Ag,10.122,342,Ag_39_41,39,41,NHC,NHC,NHC-NHC
9388,35_78,Au,3.3026545643879217,9388,Au_35_78,35,78,NHC,NHC,NHC-NHC
6939,35_49,Ag,14.485275248254766,6939,Ag_35_49,35,49,NHC,NHC,NHC-NHC
7143,40_47,Ag,9.873506282499877,7143,Ag_40_47,40,47,NHC,NHC,NHC-NHC
261,33_43,Ag,16.6961,261,Ag_33_43,33,43,NHC,NHC,NHC-NHC
248,32_43,Ag,17.8245,248,Ag_32_43,32,43,NHC,NHC,NHC-NHC
14499,37_77,Ni,-64.3980951851263,14499,Ni_37_77,37,77,NHC,NHC,NHC-NHC
341,39_40,Ag,9.74359,341,Ag_39_40,39,40,NHC,NHC,NHC-NHC
14872,45_77,Ni,-77.9782083536702,14872,Ni_45_77,45,77,NHC,NHC,NHC-NHC
4094,32_32,Pd,-43.91,4094,Pd_32_32,32,32,NHC,NHC,NHC-NHC
11844,40_77,Cu,-7.694711889809696,11844,Cu_40_77,40,77,NHC,NHC,NHC-NHC
18703,39_48,Pt,-50.99512190441601,18703,Pt_39_48,39,48,NHC,NHC,NHC-NHC
16573,44_76,Pd,-41.44291804652312,16573,Pd_44_76,44,76,NHC,NHC,NHC-NHC
14426,36_40,Ni,-83.07211021118565,14426,Ni_36_40,36,40,NHC,NHC,NHC-NHC
14838,44_78,Ni,-63.76015402773919,14838,Ni_44_78,44,78,NHC,NHC,NHC-NHC
7218,43_47,Ag,18.725463614755427,7218,Ag_43_47,43,47,NHC,NHC,NHC-NHC
6934,35_43,Ag,19.100606256106403,6934,Ag_35_43,35,43,NHC,NHC,NHC-NHC
16469,38_76,Pd,-44.80697118838725,16469,Pd_38_76,38,76,NHC,NHC,NHC-NHC
7298,45_77,Ag,21.797455074782192,7298,Ag_45_77,45,77,NHC,NHC,NHC-NHC
11985,46_46,Cu,-10.557598964864155,11985,Cu_46_46,46,46,NHC,NHC,NHC-NHC
9417,37_38,Au,-3.049558688690013,9417,Au_37_38,37,38,NHC,NHC,NHC-NHC
19048,46_48,Pt,-53.73220324090653,19048,Pt_46_48,46,48,NHC,NHC,NHC-NHC
18501,34_41,Pt,-54.10767709947686,18501,Pt_34_41,34,41,NHC,NHC,NHC-NHC
7168,41_44,Ag,8.798398109909613,7168,Ag_41_44,41,44,NHC,NHC,NHC-NHC
318,37_48,Ag,10.388,318,Ag_37_48,37,48,NHC,NHC,NHC-NHC
1307,39_45,Au,-4.67704,1307,Au_39_45,39,45,NHC,NHC,NHC-NHC
4098,32_37,Pd,-49.9,4098,Pd_32_37,32,37,NHC,NHC,NHC-NHC
16531,41_78,Pd,-44.29022836439253,16531,Pd_41_78,41,78,NHC,NHC,NHC-NHC
17110,77_78,Pd,-49.82623587521084,17110,Pd_77_78,77,78,NHC,NHC,NHC-NHC
18544,35_38,Pt,-46.59898781948141,18544,Pt_35_38,35,38,NHC,NHC,NHC-NHC
1368,42_49,Au,-6.08417,1368,Au_42_49,42,49,NHC,NHC,NHC-NHC
18697,39_41,Pt,-51.81641805382242,18697,Pt_39_41,39,41,NHC,NHC,NHC-NHC
5434,38_38,Pt,-52.29,5434,Pt_38_38,38,38,NHC,NHC,NHC-NHC
14885,46_47,Ni,-69.10300716145139,14885,Ni_46_47,46,47,NHC,NHC,NHC-NHC
6824,32_36,Ag,11.179455009536468,6824,Ag_32_36,32,36,NHC,NHC,NHC-NHC
14300,33_47,Ni,-79.13367755609215,14300,Ni_33_47,33,47,NHC,NHC,NHC-NHC
4555,46_46,Pd,-44.28,4555,Pd_46_46,46,46,NHC,NHC,NHC-NHC
18817,40_48,Pt,-47.21631017095933,18817,Pt_40_48,40,48,NHC,NHC,NHC-NHC
14669,40_47,Ni,-80.8112887552852,14669,Ni_40_47,40,47,NHC,NHC,NHC-NHC
1154,33_48,Au,-3.04,1154,Au_33_48,33,48,NHC,NHC,NHC-NHC
4350,39_47,Pd,-46.77,4350,Pd_39_47,39,47,NHC,NHC,NHC-NHC
11610,34_36,Cu,-9.0605007444683,11610,Cu_34_36,34,36,NHC,NHC,NHC-NHC
2468,46_47,Cu,-12.0477,2468,Cu_46_47,46,47,NHC,NHC,NHC-NHC
1217,35_49,Au,1.08,1217,Au_35_49,35,49,NHC,NHC,NHC-NHC
1187,34_48,Au,0.05,1187,Au_34_48,34,48,NHC,NHC,NHC-NHC
1416,44_49,Au,-1.35,1416,Au_44_49,44,49,NHC,NHC,NHC-NHC
435,48_48,Ag,9.45022,435,Ag_48_48,48,48,NHC,NHC,NHC-NHC
9594,43_44,Au,2.034285213638213,9594,Au_43_44,43,44,NHC,NHC,NHC-NHC
4095,32_33,Pd,-43.78,4095,Pd_32_33,32,33,NHC,NHC,NHC-NHC
8182,76_78,Ag,14.606416266396993,8182,Ag_76_78,76,78,NHC,NHC,NHC-NHC
1469,47_48,Au,-4.91824,1469,Au_47_48,47,48,NHC,NHC,NHC-NHC
18896,42_43,Pt,-47.29760160191654,18896,Pt_42_43,42,43,NHC,NHC,NHC-NHC
1120,32_39,Au,-5.74846,1120,Au_32_39,32,39,NHC,NHC,NHC-NHC
11723,38_45,Cu,-14.775931888158084,11723,Cu_38_45,38,45,NHC,NHC,NHC-NHC
18936,43_46,Pt,-47.319311925974034,18936,Pt_43_46,43,46,NHC,NHC,NHC-NHC
340,39_39,Ag,7.15756,340,Ag_39_39,39,39,NHC,NHC,NHC-NHC
14539,38_77,Ni,-74.78555188397877,14539,Ni_38_77,38,77,NHC,NHC,NHC-NHC
14731,41_78,Ni,-72.52162405324634,14731,Ni_41_78,41,78,NHC,NHC,NHC-NHC
1366,42_47,Au,-7.37,1366,Au_42_47,42,47,NHC,NHC,NHC-NHC
9419,37_42,Au,-3.324371395232447,9419,Au_37_42,37,42,NHC,NHC,NHC-NHC
14294,33_38,Ni,-79.2258663438115,14294,Ni_33_38,33,38,NHC,NHC,NHC-NHC
4627,49_49,Pd,-49.72,4627,Pd_49_49,49,49,NHC,NHC,NHC-NHC
16546,42_78,Pd,-43.0296222820034,16546,Pd_42_78,42,78,NHC,NHC,NHC-NHC
2399,42_46,Cu,-16.68,2399,Cu_42_46,42,46,NHC,NHC,NHC-NHC
15702,76_77,Ni,-56.758798703274806,15702,Ni_76_77,76,77,NHC,NHC,NHC-NHC
1186,34_46,Au,-5.18,1186,Au_34_46,34,46,NHC,NHC,NHC-NHC
18463,33_48,Pt,-52.31443322098494,18463,Pt_33_48,33,48,NHC,NHC,NHC-NHC
4138,33_39,Pd,-51.65,4138,Pd_33_39,33,39,NHC,NHC,NHC-NHC
15011,49_78,Ni,-61.55216310443939,15011,Ni_49_78,49,78,NHC,NHC,NHC-NHC
2377,40_49,Cu,-20.068,2377,Cu_40_49,40,49,NHC,NHC,NHC-NHC
18921,42_76,Pt,-49.84592892621004,18921,Pt_42_76,42,76,NHC,NHC,NHC-NHC
4290,37_45,Pd,-47.96,4290,Pd_37_45,37,45,NHC,NHC,NHC-NHC
9617,44_77,Au,-2.095517090419889,9617,Au_44_77,44,77,NHC,NHC,NHC-NHC
14473,37_43,Ni,-78.41302289413579,14473,Ni_37_43,37,43,NHC,NHC,NHC-NHC
280,34_47,Ag,7.34266,280,Ag_34_47,34,47,NHC,NHC,NHC-NHC
295,36_48,Ag,9.1923,295,Ag_36_48,36,48,NHC,NHC,NHC-NHC
14694,40_76,Ni,-74.39297994974186,14694,Ni_40_76,40,76,NHC,NHC,NHC-NHC
272,34_38,Ag,16.3439,272,Ag_34_38,34,38,NHC,NHC,NHC-NHC
18456,33_36,Pt,-49.45706076893839,18456,Pt_33_36,33,36,NHC,NHC,NHC-NHC
1269,37_49,Au,-2.43,1269,Au_37_49,37,49,NHC,NHC,NHC-NHC
6999,37_38,Ag,10.72196867178718,6999,Ag_37_38,37,38,NHC,NHC,NHC-NHC
11569,32_44,Cu,-6.32678389371722,11569,Cu_32_44,32,44,NHC,NHC,NHC-NHC
275,34_41,Ag,11.6445,275,Ag_34_41,34,41,NHC,NHC,NHC-NHC
18630,37_46,Pt,-51.11261361930519,18630,Pt_37_46,37,46,NHC,NHC,NHC-NHC
14664,40_41,Ni,-77.93624075541447,14664,Ni_40_41,40,41,NHC,NHC,NHC-NHC
245,32_39,Ag,13.0717,245,Ag_32_39,32,39,NHC,NHC,NHC-NHC
16618,47_76,Pd,-53.62436632080789,16618,Pd_47_76,47,76,NHC,NHC,NHC-NHC
4376,40_47,Pd,-44.88,4376,Pd_40_47,40,47,NHC,NHC,NHC-NHC
2296,35_39,Cu,-11.111,2296,Cu_35_39,35,39,NHC,NHC,NHC-NHC
14666,40_43,Ni,-74.87203711643815,14666,Ni_40_43,40,43,NHC,NHC,NHC-NHC
14387,35_45,Ni,-71.74101273485576,14387,Ni_35_45,35,45,NHC,NHC,NHC-NHC
7206,42_76,Ag,10.01723321814643,7206,Ag_42_76,42,76,NHC,NHC,NHC-NHC
4377,40_48,Pd,-45.59,4377,Pd_40_48,40,48,NHC,NHC,NHC-NHC
11695,37_45,Cu,-15.485040953048156,11695,Cu_37_45,37,45,NHC,NHC,NHC-NHC
7415,49_76,Ag,11.8955869740239,7415,Ag_49_76,49,76,NHC,NHC,NHC-NHC
4255,36_41,Pd,-49.94,4255,Pd_36_41,36,41,NHC,NHC,NHC-NHC
14784,43_49,Ni,-66.7746484901727,14784,Ni_43_49,43,49,NHC,NHC,NHC-NHC
14381,35_37,Ni,-72.03003996571351,14381,Ni_35_37,35,37,NHC,NHC,NHC-NHC
16393,33_76,Pd,-44.9359319453215,16393,Pd_33_76,33,76,NHC,NHC,NHC-NHC
19148,49_49,Pt,-50.409262312430656,19148,Pt_49_49,49,49,NHC,NHC,NHC-NHC
6918,34_76,Ag,15.610229601938045,6918,Ag_34_76,34,76,NHC,NHC,NHC-NHC
18499,34_36,Pt,-47.7412981113157,18499,Pt_34_36,34,36,NHC,NHC,NHC-NHC
2238,33_39,Cu,-20.6244,2238,Cu_33_39,33,39,NHC,NHC,NHC-NHC
18939,43_49,Pt,-51.44517398583412,18939,Pt_43_49,43,49,NHC,NHC,NHC-NHC
9342,33_41,Au,-2.27046958826395,9342,Au_33_41,33,41,NHC,NHC,NHC-NHC
4106,32_47,Pd,-47.27,4106,Pd_32_47,32,47,NHC,NHC,NHC-NHC
12721,78_78,Cu,8.769351148454007,12721,Cu_78_78,78,78,NHC,NHC,NHC-NHC
18628,37_43,Pt,-49.49845438695047,18628,Pt_37_43,37,43,NHC,NHC,NHC-NHC
278,34_45,Ag,18.4689,278,Ag_34_45,34,45,NHC,NHC,NHC-NHC
14291,33_35,Ni,-73.50568514496263,14291,Ni_33_35,33,35,NHC,NHC,NHC-NHC
18902,42_49,Pt,-52.46004052769422,18902,Pt_42_49,42,49,NHC,NHC,NHC-NHC
9375,35_36,Au,2.9563084131659707,9375,Au_35_36,35,36,NHC,NHC,NHC-NHC
9595,43_48,Au,-1.396861436049221,9595,Au_43_48,43,48,NHC,NHC,NHC-NHC
14471,37_40,Ni,-81.4703835019609,14471,Ni_37_40,37,40,NHC,NHC,NHC-NHC
14413,35_77,Ni,-80.91866954031866,14413,Ni_35_77,35,77,NHC,NHC,NHC-NHC
1150,33_44,Au,0.237954,1150,Au_33_44,33,44,NHC,NHC,NHC-NHC
14986,49_49,Ni,-72.82617219582608,14986,Ni_49_49,49,49,NHC,NHC,NHC-NHC
11644,35_77,Cu,-9.964277795224916,11644,Cu_35_77,35,77,NHC,NHC,NHC-NHC
9563,41_77,Au,1.2654036434032605,9563,Au_41_77,41,77,NHC,NHC,NHC-NHC
18729,39_78,Pt,-49.76125970875728,18729,Pt_39_78,39,78,NHC,NHC,NHC-NHC
11697,37_48,Cu,-16.268187091118307,11697,Cu_37_48,37,48,NHC,NHC,NHC-NHC
18844,40_78,Pt,-49.09118044968636,18844,Pt_40_78,40,78,NHC,NHC,NHC-NHC
4349,39_46,Pd,-45.01,4349,Pd_39_46,39,46,NHC,NHC,NHC-NHC
14470,37_39,Ni,-77.8341150576598,14470,Ni_37_39,37,39,NHC,NHC,NHC-NHC
5432,37_49,Pt,-52.35,5432,Pt_37_49,37,49,NHC,NHC,NHC-NHC
6864,33_45,Ag,13.691062336845787,6864,Ag_33_45,33,45,NHC,NHC,NHC-NHC
11656,36_36,Cu,-11.200148881835048,11656,Cu_36_36,36,36,NHC,NHC,NHC-NHC
19877,77_78,Pt,-50.38661873180536,19877,Pt_77_78,77,78,NHC,NHC,NHC-NHC
7416,49_78,Ag,13.965100027999142,7416,Ag_49_78,49,78,NHC,NHC,NHC-NHC
9535,40_78,Au,-0.2053554090380203,9535,Au_40_78,40,78,NHC,NHC,NHC-NHC
4293,37_48,Pd,-50.15,4293,Pd_37_48,37,48,NHC,NHC,NHC-NHC
360,40_44,Ag,11.3405,360,Ag_40_44,40,44,NHC,NHC,NHC-NHC
14257,32_44,Ni,-75.88251951934944,14257,Ni_32_44,32,44,NHC,NHC,NHC-NHC
18588,36_39,Pt,-48.91217321975273,18588,Pt_36_39,36,39,NHC,NHC,NHC-NHC
18421,32_45,Pt,-48.0277658163468,18421,Pt_32_45,32,45,NHC,NHC,NHC-NHC
14745,42_46,Ni,-68.83723940806522,14745,Ni_42_46,42,46,NHC,NHC,NHC-NHC
11659,36_42,Cu,-15.840285918864538,11659,Cu_36_42,36,42,NHC,NHC,NHC-NHC
7002,37_45,Ag,11.26589940618578,7002,Ag_37_45,37,45,NHC,NHC,NHC-NHC
1124,32_47,Au,0.77,1124,Au_32_47,32,47,NHC,NHC,NHC-NHC
18593,36_48,Pt,-48.47500363997824,18593,Pt_36_48,36,48,NHC,NHC,NHC-NHC
14705,41_44,Ni,-80.66094957145106,14705,Ni_41_44,41,44,NHC,NHC,NHC-NHC
16379,32_78,Pd,-39.20874623704003,16379,Pd_32_78,32,78,NHC,NHC,NHC-NHC
16421,35_77,Pd,-37.685790805116994,16421,Pd_35_77,35,77,NHC,NHC,NHC-NHC
362,40_46,Ag,10.1209,362,Ag_40_46,40,46,NHC,NHC,NHC-NHC
9422,37_48,Au,-4.181019937648671,9422,Au_37_48,37,48,NHC,NHC,NHC-NHC
14512,38_39,Ni,-80.94360548135592,14512,Ni_38_39,38,39,NHC,NHC,NHC-NHC
14427,36_41,Ni,-81.36227889957081,14427,Ni_36_41,36,41,NHC,NHC,NHC-NHC
9524,40_45,Au,-0.2709570273582358,9524,Au_40_45,40,45,NHC,NHC,NHC-NHC
4100,32_39,Pd,-48.57,4100,Pd_32_39,32,39,NHC,NHC,NHC-NHC
19170,49_76,Pt,-50.30806987102551,19170,Pt_49_76,49,76,NHC,NHC,NHC-NHC
18901,42_48,Pt,-53.03885226591956,18901,Pt_42_48,42,48,NHC,NHC,NHC-NHC
14730,41_77,Ni,-64.25227311359049,14730,Ni_41_77,41,77,NHC,NHC,NHC-NHC
7208,42_78,Ag,17.51141868266859,7208,Ag_42_78,42,78,NHC,NHC,NHC-NHC
14379,35_35,Ni,-63.60034813040693,14379,Ni_35_35,35,35,NHC,NHC,NHC-NHC
14385,35_42,Ni,-70.87730637750064,14385,Ni_35_42,35,42,NHC,NHC,NHC-NHC
11917,43_78,Cu,4.031229961066856,11917,Cu_43_78,43,78,NHC,NHC,NHC-NHC
19117,48_48,Pt,-50.21243998924183,19117,Pt_48_48,48,48,NHC,NHC,NHC-NHC
11721,38_42,Cu,-7.144787053024629,11721,Cu_38_42,38,42,NHC,NHC,NHC-NHC
11994,46_78,Cu,-12.897701915062498,11994,Cu_46_78,46,78,NHC,NHC,NHC-NHC
14850,45_46,Ni,-78.10024018479453,14850,Ni_45_46,45,46,NHC,NHC,NHC-NHC
1179,34_38,Au,1.25934,1179,Au_34_38,34,38,NHC,NHC,NHC-NHC
16588,45_78,Pd,-42.79677289594838,16588,Pd_45_78,45,78,NHC,NHC,NHC-NHC
18862,41_49,Pt,-52.28485221783194,18862,Pt_41_49,41,49,NHC,NHC,NHC-NHC
19034,45_77,Pt,-51.70982178019767,19034,Pt_45_77,45,77,NHC,NHC,NHC-NHC
18416,32_35,Pt,-46.81067466941749,18416,Pt_32_35,32,35,NHC,NHC,NHC-NHC
1188,34_49,Au,-3.72,1188,Au_34_49,34,49,NHC,NHC,NHC-NHC
16574,44_77,Pd,-41.64954875977128,16574,Pd_44_77,44,77,NHC,NHC,NHC-NHC
8193,77_78,Ag,14.249983458954375,8193,Ag_77_78,77,78,NHC,NHC,NHC-NHC
6919,34_77,Ag,15.986575539856858,6919,Ag_34_77,34,77,NHC,NHC,NHC-NHC
11611,34_43,Cu,-12.809687004657462,11611,Cu_34_43,34,43,NHC,NHC,NHC-NHC
4218,35_42,Pd,-47.0,4218,Pd_35_42,35,42,NHC,NHC,NHC-NHC
18417,32_37,Pt,-48.27113474374346,18417,Pt_32_37,32,37,NHC,NHC,NHC-NHC
1119,32_38,Au,-0.61,1119,Au_32_38,32,38,NHC,NHC,NHC-NHC
14468,37_37,Ni,-81.1114012903854,14468,Ni_37_37,37,37,NHC,NHC,NHC-NHC
258,33_39,Ag,9.61119,258,Ag_33_39,33,39,NHC,NHC,NHC-NHC
6848,32_76,Ag,14.710270858951844,6848,Ag_32_76,32,76,NHC,NHC,NHC-NHC
289,35_48,Ag,16.0672,289,Ag_35_48,35,48,NHC,NHC,NHC-NHC
6865,33_46,Ag,10.940667993563691,6865,Ag_33_46,33,46,NHC,NHC,NHC-NHC
9421,37_47,Au,-3.448365422395,9421,Au_37_47,37,47,NHC,NHC,NHC-NHC
14301,33_48,Ni,-81.7435209172254,14301,Ni_33_48,33,48,NHC,NHC,NHC-NHC
2453,45_49,Cu,-14.5528,2453,Cu_45_49,45,49,NHC,NHC,NHC-NHC
11633,35_41,Cu,-6.226792733126786,11633,Cu_35_41,35,41,NHC,NHC,NHC-NHC
11597,33_76,Cu,-11.32027010890306,11597,Cu_33_76,33,76,NHC,NHC,NHC-NHC
4135,33_36,Pd,-49.26,4135,Pd_33_36,33,36,NHC,NHC,NHC-NHC
9458,38_77,Au,-2.387334782339167,9458,Au_38_77,38,77,NHC,NHC,NHC-NHC
4462,43_49,Pd,-43.66,4462,Pd_43_49,43,49,NHC,NHC,NHC-NHC
2338,38_38,Cu,-8.2,2338,Cu_38_38,38,38,NHC,NHC,NHC-NHC
9328,32_76,Au,-0.34748354300973,9328,Au_32_76,32,76,NHC,NHC,NHC-NHC
12030,48_76,Cu,-16.633173654117854,12030,Cu_48_76,48,76,NHC,NHC,NHC-NHC
14345,34_49,Ni,-76.88168907536601,14345,Ni_34_49,34,49,NHC,NHC,NHC-NHC
4144,33_45,Pd,-47.4,4144,Pd_33_45,33,45,NHC,NHC,NHC-NHC
358,40_41,Ag,11.8679,358,Ag_40_41,40,41,NHC,NHC,NHC-NHC
18425,32_49,Pt,-53.04527535566013,18425,Pt_32_49,32,49,NHC,NHC,NHC-NHC
18414,32_33,Pt,-49.98820991638058,18414,Pt_32_33,32,33,NHC,NHC,NHC-NHC
1350,41_41,Au,-1.28,1350,Au_41_41,41,41,NHC,NHC,NHC-NHC
19171,49_77,Pt,-44.19820087636617,19171,Pt_49_77,49,77,NHC,NHC,NHC-NHC
2863,32_38,Ni,-74.67,2863,Ni_32_38,32,38,NHC,NHC,NHC-NHC
9405,36_76,Au,-2.282865384066099,9405,Au_36_76,36,76,NHC,NHC,NHC-NHC
7254,44_45,Ag,15.779158324978198,7254,Ag_44_45,44,45,NHC,NHC,NHC-NHC
2277,34_49,Cu,-20.2142,2277,Cu_34_49,34,49,NHC,NHC,NHC-NHC
14950,48_49,Ni,-79.36013267710223,14950,Ni_48_49,48,49,NHC,NHC,NHC-NHC
4402,41_47,Pd,-46.48,4402,Pd_41_47,41,47,NHC,NHC,NHC-NHC
18547,35_43,Pt,-44.67735547255143,18547,Pt_35_43,35,43,NHC,NHC,NHC-NHC
2363,39_48,Cu,-20.519,2363,Cu_39_48,39,48,NHC,NHC,NHC-NHC
7313,46_47,Ag,11.748974263580749,7313,Ag_46_47,46,47,NHC,NHC,NHC-NHC
14386,35_43,Ni,-67.22414053532702,14386,Ni_35_43,35,43,NHC,NHC,NHC-NHC
7071,39_76,Ag,16.282875756260182,7071,Ag_39_76,39,76,NHC,NHC,NHC-NHC
4105,32_45,Pd,-45.43,4105,Pd_32_45,32,45,NHC,NHC,NHC-NHC
1215,35_47,Au,3.74,1215,Au_35_47,35,47,NHC,NHC,NHC-NHC
14780,43_45,Ni,-71.24608273984632,14780,Ni_43_45,43,45,NHC,NHC,NHC-NHC
18884,41_76,Pt,-40.01919538837319,18884,Pt_41_76,41,76,NHC,NHC,NHC-NHC
2364,39_49,Cu,-18.9589,2364,Cu_39_49,39,49,NHC,NHC,NHC-NHC
7279,44_78,Ag,17.917452860681806,7279,Ag_44_78,44,78,NHC,NHC,NHC-NHC
16471,38_78,Pd,-38.032323184088455,16471,Pd_38_78,38,78,NHC,NHC,NHC-NHC
6989,36_77,Ag,25.46984348379192,6989,Ag_36_77,36,77,NHC,NHC,NHC-NHC
315,37_40,Ag,9.55507,315,Ag_37_40,37,40,NHC,NHC,NHC-NHC
16438,36_76,Pd,-47.575097478074895,16438,Pd_36_76,36,76,NHC,NHC,NHC-NHC
281,34_48,Ag,14.1256,281,Ag_34_48,34,48,NHC,NHC,NHC-NHC
4107,32_48,Pd,-46.33,4107,Pd_32_48,32,48,NHC,NHC,NHC-NHC
15728,78_78,Ni,-51.75558565965912,15728,Ni_78_78,78,78,NHC,NHC,NHC-NHC
1274,38_42,Au,-5.01402,1274,Au_38_42,38,42,NHC,NHC,NHC-NHC
11683,36_76,Cu,-11.047083413883229,11683,Cu_36_76,36,76,NHC,NHC,NHC-NHC
1273,38_41,Au,-3.15409,1273,Au_38_41,38,41,NHC,NHC,NHC-NHC
1309,39_47,Au,-3.98662,1309,Au_39_47,39,47,NHC,NHC,NHC-NHC
14336,34_40,Ni,-83.75698831900081,14336,Ni_34_40,34,40,NHC,NHC,NHC-NHC
19047,46_47,Pt,-51.698230181471445,19047,Pt_46_47,46,47,NHC,NHC,NHC-NHC
4326,38_49,Pd,-46.56,4326,Pd_38_49,38,49,NHC,NHC,NHC-NHC
18811,40_40,Pt,-49.99470127103268,18811,Pt_40_40,40,40,NHC,NHC,NHC-NHC
7354,47_77,Ag,22.69808036795439,7354,Ag_47_77,47,77,NHC,NHC,NHC-NHC
1276,38_44,Au,-0.752915,1276,Au_38_44,38,44,NHC,NHC,NHC-NHC
2210,32_47,Cu,-14.8718,2210,Cu_32_47,32,47,NHC,NHC,NHC-NHC
246,32_40,Ag,9.07338,246,Ag_32_40,32,40,NHC,NHC,NHC-NHC
12696,76_76,Cu,-5.984878590214066,12696,Cu_76_76,76,76,NHC,NHC,NHC-NHC
6932,35_38,Ag,14.668591934634604,6932,Ag_35_38,35,38,NHC,NHC,NHC-NHC
14434,36_49,Ni,-80.97950329112064,14434,Ni_36_49,36,49,NHC,NHC,NHC-NHC
4102,32_41,Pd,-50.01,4102,Pd_32_41,32,41,NHC,NHC,NHC-NHC
19105,47_76,Pt,-48.290838817414624,19105,Pt_47_76,47,76,NHC,NHC,NHC-NHC
4223,35_48,Pd,-42.45,4223,Pd_35_48,35,48,NHC,NHC,NHC-NHC
4458,43_43,Pd,-39.59,4458,Pd_43_43,43,43,NHC,NHC,NHC-NHC
2361,39_46,Cu,-14.1835,2361,Cu_39_46,39,46,NHC,NHC,NHC-NHC
10415,76_76,Au,1.4394132305278615,10415,Au_76_76,76,76,NHC,NHC,NHC-NHC
9662,46_78,Au,-2.41358667203167,9662,Au_46_78,46,78,NHC,NHC,NHC-NHC
11564,32_33,Cu,-10.91314741819224,11564,Cu_32_33,32,33,NHC,NHC,NHC-NHC
9387,35_76,Au,3.4870041708272765,9387,Au_35_76,35,76,NHC,NHC,NHC-NHC
14429,36_43,Ni,-71.45129300381814,14429,Ni_36_43,36,43,NHC,NHC,NHC-NHC
4180,34_42,Pd,-52.68,4180,Pd_34_42,34,42,NHC,NHC,NHC-NHC
18590,36_41,Pt,-48.5577169223543,18590,Pt_36_41,36,41,NHC,NHC,NHC-NHC
9692,48_76,Au,-0.3030531903204974,9692,Au_48_76,48,76,NHC,NHC,NHC-NHC
11722,38_43,Cu,-8.219310322747333,11722,Cu_38_43,38,43,NHC,NHC,NHC-NHC
346,39_49,Ag,8.48764,346,Ag_39_49,39,49,NHC,NHC,NHC-NHC
4173,34_34,Pd,-44.11,4173,Pd_34_34,34,34,NHC,NHC,NHC-NHC
1117,32_35,Au,2.61,1117,Au_32_35,32,35,NHC,NHC,NHC-NHC
18575,35_78,Pt,-45.92719042744284,18575,Pt_35_78,35,78,NHC,NHC,NHC-NHC
4175,34_37,Pd,-50.04,4175,Pd_34_37,34,37,NHC,NHC,NHC-NHC
9473,39_76,Au,-1.206786530725367,9473,Au_39_76,39,76,NHC,NHC,NHC-NHC
4401,41_46,Pd,-45.64,4401,Pd_41_46,41,46,NHC,NHC,NHC-NHC
14707,41_46,Ni,-80.50444228816195,14707,Ni_41_46,41,46,NHC,NHC,NHC-NHC
4174,34_36,Pd,-47.3,4174,Pd_34_36,34,36,NHC,NHC,NHC-NHC
6938,35_47,Ag,14.377803669776767,6938,Ag_35_47,35,47,NHC,NHC,NHC-NHC
16529,41_76,Pd,-40.25061079154693,16529,Pd_41_76,41,76,NHC,NHC,NHC-NHC
14873,45_78,Ni,-68.8458390286687,14873,Ni_45_78,45,78,NHC,NHC,NHC-NHC
15703,76_78,Ni,-70.84835904472857,15703,Ni_76_78,76,78,NHC,NHC,NHC-NHC
4221,35_46,Pd,-42.68,4221,Pd_35_46,35,46,NHC,NHC,NHC-NHC
2323,37_39,Cu,-19.1029,2323,Cu_37_39,37,39,NHC,NHC,NHC-NHC
16631,48_76,Pd,-47.35950555559248,16631,Pd_48_76,48,76,NHC,NHC,NHC-NHC
7383,48_76,Ag,11.408317031091428,7383,Ag_48_76,48,76,NHC,NHC,NHC-NHC
14344,34_48,Ni,-73.1016825264378,14344,Ni_34_48,34,48,NHC,NHC,NHC-NHC
2298,35_48,Cu,-8.12457,2298,Cu_35_48,35,48,NHC,NHC,NHC-NHC
14425,36_39,Ni,-73.25498413392052,14425,Ni_36_39,36,39,NHC,NHC,NHC-NHC
19,14_32,Ag,14.5,19,Ag_14_32,14,32,NHC,NHC,NHC-NHC
31,17_48,Ag,9.75804,31,Ag_17_48,17,48,NHC,NHC,NHC-NHC
42,2_42,Ag,9.08,42,Ag_2_42,2,42,NHC,NHC,NHC-NHC
43,24_32,Ag,16.25,43,Ag_24_32,24,32,NHC,NHC,NHC-NHC
51,2_48,Ag,8.77,51,Ag_2_48,2,48,NHC,NHC,NHC-NHC
54,25_42,Ag,12.76,54,Ag_25_42,25,42,NHC,NHC,NHC-NHC
59,26_48,Ag,9.46,59,Ag_26_48,26,48,NHC,NHC,NHC-NHC
78,32_48,Ag,12.6028,78,Ag_32_48,32,48,NHC,NHC,NHC-NHC
86,35_40,Ag,11.0863,86,Ag_35_40,35,40,NHC,NHC,NHC-NHC
95,38_47,Ag,13.5375,95,Ag_38_47,38,47,NHC,NHC,NHC-NHC
104,40_40,Ag,7.04128,104,Ag_40_40,40,40,NHC,NHC,NHC-NHC
111,41_43,Ag,13.84,111,Ag_41_43,41,43,NHC,NHC,NHC-NHC
112,41_45,Ag,10.5124,112,Ag_41_45,41,45,NHC,NHC,NHC-NHC
120,4_37,Ag,31.1925,120,Ag_4_37,4,37,NHC,NHC,NHC-NHC
130,48_49,Ag,10.7524,130,Ag_48_49,48,49,NHC,NHC,NHC-NHC
143,7_41,Ag,18.7929,143,Ag_7_41,7,41,NHC,NHC,NHC-NHC
158,9_47,Ag,4.71,158,Ag_9_47,9,47,NHC,NHC,NHC-NHC
178,11_36,Au,-2.61,178,Au_11_36,11,36,NHC,NHC,NHC-NHC
179,11_45,Au,2.27,179,Au_11_45,11,45,NHC,NHC,NHC-NHC
202,15_40,Au,1.15513,202,Au_15_40,15,40,NHC,NHC,NHC-NHC
213,17_49,Au,-1.76907,213,Au_17_49,17,49,NHC,NHC,NHC-NHC
232,20_49,Au,-1.21881,232,Au_20_49,20,49,NHC,NHC,NHC-NHC
241,21_45,Au,6.15,241,Au_21_45,21,45,NHC,NHC,NHC-NHC
267,25_39,Au,-1.27443,267,Au_25_39,25,39,NHC,NHC,NHC-NHC
272,26_33,Au,-0.15,272,Au_26_33,26,33,NHC,NHC,NHC-NHC
273,26_35,Au,4.56,273,Au_26_35,26,35,NHC,NHC,NHC-NHC
281,27_39,Au,-2.76,281,Au_27_39,27,39,NHC,NHC,NHC-NHC
287,29_36,Au,3.55982,287,Au_29_36,29,36,NHC,NHC,NHC-NHC
289,29_40,Au,-5.0267,289,Au_29_40,29,40,NHC,NHC,NHC-NHC
299,32_32,Au,0.12,299,Au_32_32,32,32,NHC,NHC,NHC-NHC
300,32_34,Au,-2.59,300,Au_32_34,32,34,NHC,NHC,NHC-NHC
302,32_45,Au,-0.21,302,Au_32_45,32,45,NHC,NHC,NHC-NHC
310,33_34,Au,-2.98,310,Au_33_34,33,34,NHC,NHC,NHC-NHC
313,33_42,Au,-4.89584,313,Au_33_42,33,42,NHC,NHC,NHC-NHC
321,34_41,Au,-2.03841,321,Au_34_41,34,41,NHC,NHC,NHC-NHC
322,34_47,Au,-3.28,322,Au_34_47,34,47,NHC,NHC,NHC-NHC
349,38_39,Au,-2.16469,349,Au_38_39,38,39,NHC,NHC,NHC-NHC
363,41_43,Au,-0.597697,363,Au_41_43,41,43,NHC,NHC,NHC-NHC
371,42_44,Au,-3.91198,371,Au_42_44,42,44,NHC,NHC,NHC-NHC
388,45_46,Au,-2.3,388,Au_45_46,45,46,NHC,NHC,NHC-NHC
390,45_49,Au,-1.18,390,Au_45_49,45,49,NHC,NHC,NHC-NHC
401,46_47,Au,-3.52,401,Au_46_47,46,47,NHC,NHC,NHC-NHC
425,5_33,Au,0.597464,425,Au_5_33,5,33,NHC,NHC,NHC-NHC
454,9_38,Au,-0.75,454,Au_9_38,9,38,NHC,NHC,NHC-NHC
455,9_39,Au,-0.45,455,Au_9_39,9,39,NHC,NHC,NHC-NHC
456,9_47,Au,1.57,456,Au_9_47,9,47,NHC,NHC,NHC-NHC
470,10_48,Cu,-18.6988,470,Cu_10_48,10,48,NHC,NHC,NHC-NHC
478,11_41,Cu,-12.8194,478,Cu_11_41,11,41,NHC,NHC,NHC-NHC
508,14_40,Cu,-14.3925,508,Cu_14_40,14,40,NHC,NHC,NHC-NHC
516,17_42,Cu,-13.9805,516,Cu_17_42,17,42,NHC,NHC,NHC-NHC
527,19_46,Cu,-16.4889,527,Cu_19_46,19,46,NHC,NHC,NHC-NHC
528,19_49,Cu,-18.19,528,Cu_19_49,19,49,NHC,NHC,NHC-NHC
535,20_49,Cu,-7.09,535,Cu_20_49,20,49,NHC,NHC,NHC-NHC
539,21_39,Cu,-14.9179,539,Cu_21_39,21,39,NHC,NHC,NHC-NHC
554,24_37,Cu,-9.03403,554,Cu_24_37,24,37,NHC,NHC,NHC-NHC
558,25_37,Cu,-8.5351,558,Cu_25_37,25,37,NHC,NHC,NHC-NHC
573,27_41,Cu,-14.2048,573,Cu_27_41,27,41,NHC,NHC,NHC-NHC
574,27_46,Cu,-19.39,574,Cu_27_46,27,46,NHC,NHC,NHC-NHC
575,27_47,Cu,-15.85,575,Cu_27_47,27,47,NHC,NHC,NHC-NHC
593,33_38,Cu,-15.8548,593,Cu_33_38,33,38,NHC,NHC,NHC-NHC
600,34_34,Cu,-10.6112,600,Cu_34_34,34,34,NHC,NHC,NHC-NHC
616,36_39,Cu,-9.436,616,Cu_36_39,36,39,NHC,NHC,NHC-NHC
690,6_49,Cu,-22.8503,690,Cu_6_49,6,49,NHC,NHC,NHC-NHC
696,8_43,Cu,2.1,696,Cu_8_43,8,43,NHC,NHC,NHC-NHC
710,12_45,Ni,-67.8893,710,Ni_12_45,12,45,NHC,NHC,NHC-NHC
717,15_38,Ni,-76.65,717,Ni_15_38,15,38,NHC,NHC,NHC-NHC
745,28_49,Ni,-57.326,745,Ni_28_49,28,49,NHC,NHC,NHC-NHC
799,0_36,Pd,-24.77,799,Pd_0_36,0,36,NHC,NHC,NHC-NHC
800,0_44,Pd,-25.46,800,Pd_0_44,0,44,NHC,NHC,NHC-NHC
867,13_45,Pd,-42.54,867,Pd_13_45,13,45,NHC,NHC,NHC-NHC
877,14_33,Pd,-46.94,877,Pd_14_33,14,33,NHC,NHC,NHC-NHC
905,16_33,Pd,-36.41,905,Pd_16_33,16,33,NHC,NHC,NHC-NHC
943,19_36,Pd,-48.88,943,Pd_19_36,19,36,NHC,NHC,NHC-NHC
978,22_39,Pd,-45.04,978,Pd_22_39,22,39,NHC,NHC,NHC-NHC
995,2_36,Pd,-46.39,995,Pd_2_36,2,36,NHC,NHC,NHC-NHC
1000,24_36,Pd,-46.32,1000,Pd_24_36,24,36,NHC,NHC,NHC-NHC
1003,24_48,Pd,-38.02,1003,Pd_24_48,24,48,NHC,NHC,NHC-NHC
1004,24_49,Pd,-41.71,1004,Pd_24_49,24,49,NHC,NHC,NHC-NHC
1015,25_40,Pd,-42.5,1015,Pd_25_40,25,40,NHC,NHC,NHC-NHC
1016,25_43,Pd,-37.21,1016,Pd_25_43,25,43,NHC,NHC,NHC-NHC
1017,25_49,Pd,-40.22,1017,Pd_25_49,25,49,NHC,NHC,NHC-NHC
1042,27_35,Pd,-34.05,1042,Pd_27_35,27,35,NHC,NHC,NHC-NHC
1043,27_49,Pd,-45.35,1043,Pd_27_49,27,49,NHC,NHC,NHC-NHC
1072,31_44,Pd,-40.72,1072,Pd_31_44,31,44,NHC,NHC,NHC-NHC
1100,34_39,Pd,-47.17,1100,Pd_34_39,34,39,NHC,NHC,NHC-NHC
1110,35_41,Pd,-37.23,1110,Pd_35_41,35,41,NHC,NHC,NHC-NHC
1130,37_42,Pd,-54.84,1130,Pd_37_42,37,42,NHC,NHC,NHC-NHC
1142,39_39,Pd,-52.55,1142,Pd_39_39,39,39,NHC,NHC,NHC-NHC
1149,40_49,Pd,-52.0,1149,Pd_40_49,40,49,NHC,NHC,NHC-NHC
1155,41_41,Pd,-45.93,1155,Pd_41_41,41,41,NHC,NHC,NHC-NHC
1175,43_47,Pd,-42.77,1175,Pd_43_47,43,47,NHC,NHC,NHC-NHC
1184,45_49,Pd,-47.41,1184,Pd_45_49,45,49,NHC,NHC,NHC-NHC
1296,7_38,Pd,-46.81,1296,Pd_7_38,7,38,NHC,NHC,NHC-NHC
1305,8_34,Pd,-34.57,1305,Pd_8_34,8,34,NHC,NHC,NHC-NHC
1306,8_35,Pd,-26.19,1306,Pd_8_35,8,35,NHC,NHC,NHC-NHC
1309,8_48,Pd,-36.78,1309,Pd_8_48,8,48,NHC,NHC,NHC-NHC
1320,9_43,Pd,-38.8,1320,Pd_9_43,9,43,NHC,NHC,NHC-NHC
1321,9_48,Pd,-41.28,1321,Pd_9_48,9,48,NHC,NHC,NHC-NHC
1446,0_78,Ag,31.5376426501316,1446,Ag_0_78,0,78,NHC,NHC,NHC-NHC
1457,10_38,Ag,8.977705931392848,1457,Ag_10_38,10,38,NHC,NHC,NHC-NHC
1467,10_77,Ag,24.38599778537173,1467,Ag_10_77,10,77,NHC,NHC,NHC-NHC
1472,11_37,Ag,11.58165563532384,1472,Ag_11_37,11,37,NHC,NHC,NHC-NHC
1473,11_40,Ag,10.65831000455364,1473,Ag_11_40,11,40,NHC,NHC,NHC-NHC
1515,15_35,Ag,17.888096638940624,1515,Ag_15_35,15,35,NHC,NHC,NHC-NHC
1534,16_48,Ag,20.77431013016757,1534,Ag_16_48,16,48,NHC,NHC,NHC-NHC
1535,16_77,Ag,30.924131334970298,1535,Ag_16_77,16,77,NHC,NHC,NHC-NHC
1542,17_32,Ag,12.487913379343809,1542,Ag_17_32,17,32,NHC,NHC,NHC-NHC
1551,18_39,Ag,21.045157887245296,1551,Ag_18_39,18,39,NHC,NHC,NHC-NHC
1574,1_36,Ag,20.19409159301722,1574,Ag_1_36,1,36,NHC,NHC,NHC-NHC
1575,1_37,Ag,18.115784950350644,1575,Ag_1_37,1,37,NHC,NHC,NHC-NHC
1577,1_43,Ag,19.81445760255156,1577,Ag_1_43,1,43,NHC,NHC,NHC-NHC
1585,20_38,Ag,14.200439322914464,1585,Ag_20_38,20,38,NHC,NHC,NHC-NHC
1595,21_36,Ag,12.488744349495391,1595,Ag_21_36,21,36,NHC,NHC,NHC-NHC
1608,22_43,Ag,23.22677832636691,1608,Ag_22_43,22,43,NHC,NHC,NHC-NHC
1609,22_48,Ag,16.10459512777743,1609,Ag_22_48,22,48,NHC,NHC,NHC-NHC
1632,24_48,Ag,12.194307690864662,1632,Ag_24_48,24,48,NHC,NHC,NHC-NHC
1647,25_45,Ag,14.102426930665388,1647,Ag_25_45,25,45,NHC,NHC,NHC-NHC
1655,25_78,Ag,16.076810041238787,1655,Ag_25_78,25,78,NHC,NHC,NHC-NHC
1660,26_37,Ag,14.993511359745751,1660,Ag_26_37,26,37,NHC,NHC,NHC-NHC
1677,27_76,Ag,17.36891613106127,1677,Ag_27_76,27,76,NHC,NHC,NHC-NHC
1711,30_33,Ag,20.657507308831555,1711,Ag_30_33,30,33,NHC,NHC,NHC-NHC
1737,32_33,Ag,15.84951974642172,1737,Ag_32_33,32,33,NHC,NHC,NHC-NHC
1794,3_35,Ag,16.051756317348918,1794,Ag_3_35,3,35,NHC,NHC,NHC-NHC
1795,3_42,Ag,11.057998302188937,1795,Ag_3_42,3,42,NHC,NHC,NHC-NHC
1805,40_78,Ag,15.998809907512625,1805,Ag_40_78,40,78,NHC,NHC,NHC-NHC
1812,41_78,Ag,12.53943408858322,1812,Ag_41_78,41,78,NHC,NHC,NHC-NHC
1851,46_77,Ag,21.569206938758725,1851,Ag_46_77,46,77,NHC,NHC,NHC-NHC
1852,46_78,Ag,14.703170252454584,1852,Ag_46_78,46,78,NHC,NHC,NHC-NHC
1880,4_39,Ag,19.081391462736065,1880,Ag_4_39,4,39,NHC,NHC,NHC-NHC
1911,52_77,Ag,19.70036040181003,1911,Ag_52_77,52,77,NHC,NHC,NHC-NHC
1991,63_78,Ag,21.78190584544791,1991,Ag_63_78,63,78,NHC,NHC,NHC-NHC
2018,6_34,Ag,6.019160551993991,2018,Ag_6_34,6,34,NHC,NHC,NHC-NHC
2021,6_48,Ag,8.593704006256303,2021,Ag_6_48,6,48,NHC,NHC,NHC-NHC
2052,75_78,Ag,14.128400080051506,2052,Ag_75_78,75,78,NHC,NHC,NHC-NHC
2053,76_76,Ag,24.51204323730053,2053,Ag_76_76,76,76,NHC,NHC,NHC-NHC
2069,7_43,Ag,13.55664852434711,2069,Ag_7_43,7,43,NHC,NHC,NHC-NHC
2090,8_78,Ag,22.529586174117867,2090,Ag_8_78,8,78,NHC,NHC,NHC-NHC
2173,15_39,Au,-0.0050837787930504,2173,Au_15_39,15,39,NHC,NHC,NHC-NHC
2191,17_35,Au,3.25554735307378,2191,Au_17_35,17,35,NHC,NHC,NHC-NHC
2208,19_78,Au,0.9318065472252784,2208,Au_19_78,19,78,NHC,NHC,NHC-NHC
2263,24_37,Au,4.216361034719739,2263,Au_24_37,24,37,NHC,NHC,NHC-NHC
2264,24_47,Au,4.113003097554611,2264,Au_24_47,24,47,NHC,NHC,NHC-NHC
2296,28_40,Au,3.2617117527333903,2296,Au_28_40,28,40,NHC,NHC,NHC-NHC
2297,28_44,Au,8.39515482421848,2297,Au_28_44,28,44,NHC,NHC,NHC-NHC
2302,29_76,Au,3.6386734153493294,2302,Au_29_76,29,76,NHC,NHC,NHC-NHC
2322,31_48,Au,-1.0059216529407422,2322,Au_31_48,31,48,NHC,NHC,NHC-NHC
2347,35_77,Au,0.223177262560057,2347,Au_35_77,35,77,NHC,NHC,NHC-NHC
2379,3_36,Au,-1.5952349589570076,2379,Au_3_36,3,36,NHC,NHC,NHC-NHC
2383,3_77,Au,13.61065543856239,2383,Au_3_77,3,77,NHC,NHC,NHC-NHC
2390,42_43,Au,-0.9339934051822638,2390,Au_42_43,42,43,NHC,NHC,NHC-NHC
2419,47_76,Au,-0.6844777897931635,2419,Au_47_76,47,76,NHC,NHC,NHC-NHC
2490,55_77,Au,3.834695701560122,2490,Au_55_77,55,77,NHC,NHC,NHC-NHC
2514,5_35,Au,5.833219693602587,2514,Au_5_35,5,35,NHC,NHC,NHC-NHC
2516,5_47,Au,-1.9582259923627128,2516,Au_5_47,5,47,NHC,NHC,NHC-NHC
2560,65_76,Au,-1.4180231892532902,2560,Au_65_76,65,76,NHC,NHC,NHC-NHC
2565,66_78,Au,9.884883977443678,2565,Au_66_78,66,78,NHC,NHC,NHC-NHC
2586,6_41,Au,-0.7081045982340584,2586,Au_6_41,6,41,NHC,NHC,NHC-NHC
2587,6_45,Au,1.3123224639857654,2587,Au_6_45,6,45,NHC,NHC,NHC-NHC
2609,73_76,Au,5.55401158424138,2609,Au_73_76,73,76,NHC,NHC,NHC-NHC
2656,8_42,Au,2.1378177615406457,2656,Au_8_42,8,42,NHC,NHC,NHC-NHC
2659,8_49,Au,5.733516006424907,2659,Au_8_49,8,49,NHC,NHC,NHC-NHC
2680,0_40,Cu,-2.5141984236543067,2680,Cu_0_40,0,40,NHC,NHC,NHC-NHC
2690,10_76,Cu,-10.5380983446521,2690,Cu_10_76,10,76,NHC,NHC,NHC-NHC
2691,10_77,Cu,-5.317892027218477,2691,Cu_10_77,10,77,NHC,NHC,NHC-NHC
2723,14_76,Cu,-9.305001359985908,2723,Cu_14_76,14,76,NHC,NHC,NHC-NHC
2728,15_36,Cu,-0.663412122594309,2728,Cu_15_36,15,36,NHC,NHC,NHC-NHC
2742,16_40,Cu,1.3349745256855383,2742,Cu_16_40,16,40,NHC,NHC,NHC-NHC
2744,16_42,Cu,-3.0592787039349787,2744,Cu_16_42,16,42,NHC,NHC,NHC-NHC
2757,18_36,Cu,1.119416597954114,2757,Cu_18_36,18,36,NHC,NHC,NHC-NHC
2793,22_34,Cu,-1.8804672551923431,2793,Cu_22_34,22,34,NHC,NHC,NHC-NHC
2810,23_40,Cu,-2.7242190110264346,2810,Cu_23_40,23,40,NHC,NHC,NHC-NHC
2834,26_35,Cu,-5.407843284396222,2834,Cu_26_35,26,35,NHC,NHC,NHC-NHC
2851,28_49,Cu,-10.690571450802963,2851,Cu_28_49,28,49,NHC,NHC,NHC-NHC
2857,29_46,Cu,-14.656636723899284,2857,Cu_29_46,29,46,NHC,NHC,NHC-NHC
2865,2_33,Cu,-12.688894005375914,2865,Cu_2_33,2,33,NHC,NHC,NHC-NHC
2868,2_78,Cu,-1.9730576002184528,2868,Cu_2_78,2,78,NHC,NHC,NHC-NHC
2875,30_44,Cu,-12.790490290513844,2875,Cu_30_44,30,44,NHC,NHC,NHC-NHC
2885,31_35,Cu,-11.26073679846013,2885,Cu_31_35,31,35,NHC,NHC,NHC-NHC
2887,31_45,Cu,-12.030680557145388,2887,Cu_31_45,31,45,NHC,NHC,NHC-NHC
2903,32_78,Cu,1.758546905752155,2903,Cu_32_78,32,78,NHC,NHC,NHC-NHC
2904,33_45,Cu,-11.88597408210626,2904,Cu_33_45,33,45,NHC,NHC,NHC-NHC
2906,33_78,Cu,-12.9361684947944,2906,Cu_33_78,33,78,NHC,NHC,NHC-NHC
2914,35_44,Cu,-8.460099911651923,2914,Cu_35_44,35,44,NHC,NHC,NHC-NHC
2920,36_43,Cu,-5.320054935626104,2920,Cu_36_43,36,43,NHC,NHC,NHC-NHC
2938,38_77,Cu,-14.91183743525471,2938,Cu_38_77,38,77,NHC,NHC,NHC-NHC
2981,44_77,Cu,-8.737449131469475,2981,Cu_44_77,44,77,NHC,NHC,NHC-NHC
2987,45_77,Cu,-14.114912835560972,2987,Cu_45_77,45,77,NHC,NHC,NHC-NHC
3018,4_37,Cu,4.242935967675294,3018,Cu_4_37,4,37,NHC,NHC,NHC-NHC
3028,4_76,Cu,6.5622084450296825,3028,Cu_4_76,4,76,NHC,NHC,NHC-NHC
3069,54_78,Cu,12.88035957145621,3069,Cu_54_78,54,78,NHC,NHC,NHC-NHC
3102,5_44,Cu,-8.413965359941358,3102,Cu_5_44,5,44,NHC,NHC,NHC-NHC
3142,66_77,Cu,-11.861908262435463,3142,Cu_66_77,66,77,NHC,NHC,NHC-NHC
3193,75_76,Cu,-22.36972305036033,3193,Cu_75_76,75,76,NHC,NHC,NHC-NHC
3267,0_47,Ni,-45.972194496062,3267,Ni_0_47,0,47,NHC,NHC,NHC-NHC
3276,0_78,Ni,-34.8603981481574,3276,Ni_0_78,0,78,NHC,NHC,NHC-NHC
3314,12_32,Ni,-67.37269545359595,3314,Ni_12_32,12,32,NHC,NHC,NHC-NHC
3315,12_33,Ni,-67.68612919549923,3315,Ni_12_33,12,33,NHC,NHC,NHC-NHC
3324,13_38,Ni,-72.65067348310549,3324,Ni_13_38,13,38,NHC,NHC,NHC-NHC
3326,13_47,Ni,-69.42280908154498,3326,Ni_13_47,13,47,NHC,NHC,NHC-NHC
3352,15_33,Ni,-63.20481405581813,3352,Ni_15_33,15,33,NHC,NHC,NHC-NHC
3389,18_49,Ni,-62.00507649834617,3389,Ni_18_49,18,49,NHC,NHC,NHC-NHC
3396,19_36,Ni,-74.83856786253455,3396,Ni_19_36,19,36,NHC,NHC,NHC-NHC
3422,1_77,Ni,-50.74493413885648,3422,Ni_1_77,1,77,NHC,NHC,NHC-NHC
3428,20_35,Ni,-63.0671427763009,3428,Ni_20_35,20,35,NHC,NHC,NHC-NHC
3432,20_49,Ni,-61.80970171766239,3432,Ni_20_49,20,49,NHC,NHC,NHC-NHC
3439,21_33,Ni,-65.27484341250965,3439,Ni_21_33,21,33,NHC,NHC,NHC-NHC
3451,22_34,Ni,-60.79911049852672,3451,Ni_22_34,22,34,NHC,NHC,NHC-NHC
3452,22_43,Ni,-53.91310879326193,3452,Ni_22_43,22,43,NHC,NHC,NHC-NHC
3464,23_43,Ni,-62.15242964371282,3464,Ni_23_43,23,43,NHC,NHC,NHC-NHC
3481,24_78,Ni,-59.03388704589452,3481,Ni_24_78,24,78,NHC,NHC,NHC-NHC
3485,25_38,Ni,-69.22805793071166,3485,Ni_25_38,25,38,NHC,NHC,NHC-NHC
3535,29_76,Ni,-69.31309106889239,3535,Ni_29_76,29,76,NHC,NHC,NHC-NHC
3548,2_76,Ni,-67.78853383410024,3548,Ni_2_76,2,76,NHC,NHC,NHC-NHC
3555,30_33,Ni,-69.34505960148817,3555,Ni_30_33,30,33,NHC,NHC,NHC-NHC
3586,33_33,Ni,-77.72346368270519,3586,Ni_33_33,33,33,NHC,NHC,NHC-NHC
3602,34_36,Ni,-75.88756499231386,3602,Ni_34_36,34,36,NHC,NHC,NHC-NHC
3628,36_78,Ni,-68.18225463249837,3628,Ni_36_78,36,78,NHC,NHC,NHC-NHC
3632,37_41,Ni,-86.0980618809408,3632,Ni_37_41,37,41,NHC,NHC,NHC-NHC
3649,39_48,Ni,-87.89645853510592,3649,Ni_39_48,39,48,NHC,NHC,NHC-NHC
3660,3_41,Ni,-70.6599984128261,3660,Ni_3_41,3,41,NHC,NHC,NHC-NHC
3740,47_48,Ni,-83.05821930257662,3740,Ni_47_48,47,48,NHC,NHC,NHC-NHC
3784,52_77,Ni,-62.78755540988641,3784,Ni_52_77,52,77,NHC,NHC,NHC-NHC
3815,57_77,Ni,-68.2506756563962,3815,Ni_57_77,57,77,NHC,NHC,NHC-NHC
3875,66_76,Ni,-75.89928462661919,3875,Ni_66_76,66,76,NHC,NHC,NHC-NHC
3940,7_40,Ni,-75.48006578619243,3940,Ni_7_40,7,40,NHC,NHC,NHC-NHC
3943,7_48,Ni,-71.25904446186905,3943,Ni_7_48,7,48,NHC,NHC,NHC-NHC
3965,8_32,Ni,-57.66175278357696,3965,Ni_8_32,8,32,NHC,NHC,NHC-NHC
3979,9_36,Ni,-70.30070881893334,3979,Ni_9_36,9,36,NHC,NHC,NHC-NHC
3998,12_78,Pd,-28.688354349782458,3998,Pd_12_78,12,78,NHC,NHC,NHC-NHC
4038,1_36,Pd,-28.293819455080666,4038,Pd_1_36,1,36,NHC,NHC,NHC-NHC
4041,1_78,Pd,-18.940008350924472,4041,Pd_1_78,1,78,NHC,NHC,NHC-NHC
4048,21_78,Pd,-26.58270091740997,4048,Pd_21_78,21,78,NHC,NHC,NHC-NHC
4056,24_77,Pd,-34.89908115976141,4056,Pd_24_77,24,77,NHC,NHC,NHC-NHC
4065,26_77,Pd,-39.00161795421445,4065,Pd_26_77,26,77,NHC,NHC,NHC-NHC
4066,27_77,Pd,-36.42316334782663,4066,Pd_27_77,27,77,NHC,NHC,NHC-NHC
4086,31_78,Pd,-30.49909080960788,4086,Pd_31_78,31,78,NHC,NHC,NHC-NHC
4154,47_49,Pd,-48.326806276192656,4154,Pd_47_49,47,49,NHC,NHC,NHC-NHC
4163,48_77,Pd,-44.647854105671286,4163,Pd_48_77,48,77,NHC,NHC,NHC-NHC
4191,56_77,Pd,-43.72195370538975,4191,Pd_56_77,56,77,NHC,NHC,NHC-NHC
4207,58_78,Pd,-32.966198723137495,4207,Pd_58_78,58,78,NHC,NHC,NHC-NHC
4211,59_77,Pd,-44.2420967148064,4211,Pd_59_77,59,77,NHC,NHC,NHC-NHC
4282,76_76,Pd,-37.24845659513085,4282,Pd_76_76,76,76,NHC,NHC,NHC-NHC
4336,11_37,Pt,-42.06731018554274,4336,Pt_11_37,11,37,NHC,NHC,NHC-NHC
4352,13_35,Pt,-41.17163233199972,4352,Pt_13_35,13,35,NHC,NHC,NHC-NHC
4356,13_44,Pt,-47.98532608184178,4356,Pt_13_44,13,44,NHC,NHC,NHC-NHC
4406,18_32,Pt,-34.8825559326142,4406,Pt_18_32,18,32,NHC,NHC,NHC-NHC
4412,18_78,Pt,-32.016950875848124,4412,Pt_18_78,18,78,NHC,NHC,NHC-NHC
4416,19_36,Pt,-46.32092697270127,4416,Pt_19_36,19,36,NHC,NHC,NHC-NHC
4417,19_38,Pt,-49.28000849420641,4417,Pt_19_38,19,38,NHC,NHC,NHC-NHC
4418,19_46,Pt,-45.26116767815256,4418,Pt_19_46,19,46,NHC,NHC,NHC-NHC
4429,1_33,Pt,-38.49178394707269,4429,Pt_1_33,1,33,NHC,NHC,NHC-NHC
4430,1_34,Pt,-37.0951668773414,4430,Pt_1_34,1,34,NHC,NHC,NHC-NHC
4435,20_33,Pt,-43.69575695380627,4435,Pt_20_33,20,33,NHC,NHC,NHC-NHC
4441,21_43,Pt,-44.04274593781884,4441,Pt_21_43,21,43,NHC,NHC,NHC-NHC
4442,21_47,Pt,-42.99295192768477,4442,Pt_21_47,21,47,NHC,NHC,NHC-NHC
4485,25_33,Pt,-46.748378848235006,4485,Pt_25_33,25,33,NHC,NHC,NHC-NHC
4489,25_43,Pt,-45.18162161337386,4489,Pt_25_43,25,43,NHC,NHC,NHC-NHC
4490,25_44,Pt,-46.64163786163408,4490,Pt_25_44,25,44,NHC,NHC,NHC-NHC
4491,25_45,Pt,-44.482476702432905,4491,Pt_25_45,25,45,NHC,NHC,NHC-NHC
4496,25_76,Pt,-39.92854799658744,4496,Pt_25_76,25,76,NHC,NHC,NHC-NHC
4508,27_35,Pt,-44.12065783273283,4508,Pt_27_35,27,35,NHC,NHC,NHC-NHC
4509,27_38,Pt,-49.34193347123801,4509,Pt_27_38,27,38,NHC,NHC,NHC-NHC
4517,28_76,Pt,-42.120013872976415,4517,Pt_28_76,28,76,NHC,NHC,NHC-NHC
4525,29_49,Pt,-45.52902103564702,4525,Pt_29_49,29,49,NHC,NHC,NHC-NHC
4546,30_36,Pt,-37.78529412973148,4546,Pt_30_36,30,36,NHC,NHC,NHC-NHC
4547,30_42,Pt,-36.85448538450146,4547,Pt_30_42,30,42,NHC,NHC,NHC-NHC
4559,31_35,Pt,-35.08259065026505,4559,Pt_31_35,31,35,NHC,NHC,NHC-NHC
4562,31_41,Pt,-38.13643460309686,4562,Pt_31_41,31,41,NHC,NHC,NHC-NHC
4587,33_38,Pt,-51.783662347304926,4587,Pt_33_38,33,38,NHC,NHC,NHC-NHC
4627,36_45,Pt,-52.2513969477659,4627,Pt_36_45,36,45,NHC,NHC,NHC-NHC
4628,36_46,Pt,-46.82452132966864,4628,Pt_36_46,36,46,NHC,NHC,NHC-NHC
4629,36_49,Pt,-50.07744446990546,4629,Pt_36_49,36,49,NHC,NHC,NHC-NHC
4650,37_77,Pt,-40.22039057092479,4650,Pt_37_77,37,77,NHC,NHC,NHC-NHC
4652,38_46,Pt,-49.14273018489621,4652,Pt_38_46,38,46,NHC,NHC,NHC-NHC
4690,40_44,Pt,-48.12051942565449,4690,Pt_40_44,40,44,NHC,NHC,NHC-NHC
4783,4_47,Pt,-35.14328461619152,4783,Pt_4_47,4,47,NHC,NHC,NHC-NHC
4789,4_78,Pt,-29.73581827427552,4789,Pt_4_78,4,78,NHC,NHC,NHC-NHC
4822,54_76,Pt,-44.73736212475342,4822,Pt_54_76,54,76,NHC,NHC,NHC-NHC
4857,5_35,Pt,-36.92336349625839,4857,Pt_5_35,5,35,NHC,NHC,NHC-NHC
4858,5_44,Pt,-43.36673585985409,4858,Pt_5_44,5,44,NHC,NHC,NHC-NHC
4919,6_46,Pt,-40.666559244316886,4919,Pt_6_46,6,46,NHC,NHC,NHC-NHC
4958,7_33,Pt,-43.91143256554642,4958,Pt_7_33,7,33,NHC,NHC,NHC-NHC
4982,8_48,Pt,-40.91070947270055,4982,Pt_8_48,8,48,NHC,NHC,NHC-NHC
4994,9_48,Pt,-47.76749717132043,4994,Pt_9_48,9,48,NHC,NHC,NHC-NHC
