,idx,Predval
0,679,-4.68438720703125
1,2651,2.39697265625
2,1477,6.2923583984375
3,1988,9.383056640625
4,379,2.6025390625
5,2785,-5.062255859375
6,1378,-4.40032958984375
7,609,-0.03564453125
8,2886,1.42626953125
9,102,3.6103515625
10,508,7.55902099609375
11,2016,2.56640625
12,2445,0.941162109375
13,1306,7.8798828125
14,1053,0.16015625
15,1082,9.52685546875
16,2039,0.873046875
17,1820,-4.543212890625
18,2327,1.2266845703125
19,440,0.65576171875
20,2126,-0.4091796875
21,760,0.765625
22,2454,-0.45849609375
23,2657,0.849609375
24,2225,7.99371337890625
25,987,-0.10986328125
26,566,1.529296875
27,703,-4.8438720703125
28,2847,-0.8497314453125
29,2854,1.31689453125
30,1223,0.270751953125
31,46,-2.735107421875
32,648,5.4881591796875
33,2681,2.14404296875
34,1851,1.36083984375
35,749,-1.43438720703125
36,1938,-6.6416015625
37,1007,1.8359375
38,2734,5.5223388671875
39,1907,-0.12890625
40,2292,0.384521484375
41,2184,-2.1162109375
42,1334,-3.17724609375
43,1183,-0.5361328125
44,1749,2.32666015625
45,1777,1.603515625
46,1957,-1.38909912109375
47,2629,-0.365234375
48,2368,-3.89404296875
49,2438,1.1385498046875
50,268,6.056884765625
51,2888,-0.0418701171875
52,2603,1.3974609375
53,2940,1.39990234375
54,99,-1.51708984375
55,2998,-1.412109375
56,1452,-3.0634765625
57,1323,3.8935546875
58,769,-5.7447509765625
59,2228,7.5023193359375
60,725,6.925048828125
61,418,1.40087890625
62,151,-7.18310546875
63,1313,-2.22607421875
64,2061,-0.57177734375
65,2515,-0.0662841796875
66,2941,-0.39031982421875
67,1328,-3.0751953125
68,1468,-1.8583984375
69,2789,1.49365234375
70,1840,-0.23291015625
71,2509,5.50146484375
72,2610,7.2379150390625
73,1564,1.4072265625
74,2613,0.093017578125
75,244,-6.4326171875
76,1110,1.1708984375
77,1562,-1.87158203125
78,2639,3.656494140625
79,1858,2.27069091796875
80,579,-0.560546875
81,2930,0.64404296875
82,2255,-8.629150390625
83,178,-6.52294921875
84,2308,1.445556640625
85,416,5.69873046875
86,2606,5.67626953125
87,3081,-0.76953125
88,659,5.3739013671875
89,1981,0.8994140625
90,2757,-8.0693359375
91,1585,-0.05908203125
92,3076,7.31591796875
93,1936,-2.95556640625
94,205,2.82281494140625
95,1041,5.10443115234375
96,1568,1.54248046875
97,2814,3.68115234375
98,1955,3.64794921875
99,2189,2.424560546875
100,2101,-7.076904296875
101,918,3.802734375
102,2675,-6.02734375
103,1502,2.6414794921875
104,1152,9.778564453125
105,1918,1.48974609375
106,2383,0.06591796875
107,247,-1.45635986328125
108,2712,-1.453369140625
109,1120,-2.648193359375
110,2816,-4.12158203125
111,1380,-1.58447265625
112,1657,-2.833984375
113,2424,-4.242919921875
114,49,0.9794921875
115,2694,-2.132568359375
116,669,2.01531982421875
117,463,-1.74609375
118,1438,5.32373046875
119,653,2.391845703125
120,1044,1.34912109375
121,1456,-0.300537109375
122,3057,6.187744140625
123,166,0.16943359375
124,671,-0.64599609375
125,2895,-7.43896484375
126,943,-8.7601318359375
127,92,-1.48394775390625
128,2499,2.1181640625
129,2430,1.33148193359375
130,1889,-2.44921875
131,2794,4.7049560546875
132,2137,-2.2738037109375
133,1869,3.609375
134,3021,2.98681640625
135,2876,-1.1939697265625
136,1610,2.9989013671875
137,1930,2.538330078125
138,1643,4.45947265625
139,1168,-0.084716796875
140,2721,-4.66839599609375
141,393,-2.58636474609375
142,2415,2.29052734375
143,172,2.12158203125
144,2175,10.298583984375
145,2523,11.68408203125
146,2439,-0.2783203125
147,908,1.7431640625
148,2507,-0.9931640625
149,261,-0.111572265625
150,1518,4.738525390625
151,2840,-7.42529296875
152,1626,-0.9208984375
153,2262,-2.510498046875
154,1049,6.604736328125
155,179,8.6650390625
156,330,-0.75537109375
157,107,-0.716552734375
158,2658,1.373779296875
159,2914,-0.04022216796875
160,2575,-0.1593017578125
161,1206,-2.94287109375
162,2528,3.6673583984375
163,2302,-3.006591796875
164,1124,-2.23486328125
165,1727,-2.4677734375
166,2099,-0.806640625
167,2784,3.7783203125
168,2537,-4.607177734375
169,359,4.029296875
170,2724,0.554443359375
171,2166,-0.3890380859375
172,528,3.155029296875
173,698,2.2467041015625
174,1335,-9.89306640625
175,2174,2.486328125
176,586,-0.884765625
177,1373,-0.248046875
178,2222,0.2728271484375
179,2335,4.2314453125
180,173,-0.81378173828125
181,475,6.26611328125
182,576,-2.979736328125
183,2742,-2.255615234375
184,3110,-4.7646484375
185,2284,-0.51953125
186,3019,-3.0732421875
187,667,10.47216796875
188,1592,-10.2445068359375
189,1490,-3.632568359375
190,550,-2.138671875
191,262,-3.208984375
192,143,-1.571533203125
193,2116,3.9752197265625
194,1093,1.59033203125
195,2618,1.91015625
196,759,1.51904296875
197,2193,3.4925537109375
198,1286,-5.48583984375
199,27,1.3099365234375
200,1798,2.82098388671875
201,1784,-0.8104248046875
202,1916,-1.9462890625
203,558,3.762451171875
204,507,-2.91650390625
205,913,-2.59423828125
206,249,-1.81982421875
207,2008,-0.62109375
208,2352,-1.9111328125
209,2552,-3.462890625
210,2702,1.02880859375
211,3086,1.84033203125
212,3084,-5.61474609375
213,606,0.43212890625
214,2727,5.7860107421875
215,1301,-0.864501953125
216,464,2.017578125
217,1478,1.4326171875
218,2086,0.35498046875
219,665,10.0692138671875
220,2571,9.4791259765625
221,1752,0.28857421875
222,2485,-6.9896240234375
223,2768,6.2626953125
224,2966,0.70947265625
225,3033,0.34619140625
226,1218,2.08154296875
227,2417,5.42901611328125
228,74,2.2705078125
229,1805,-0.57818603515625
230,830,-3.67047119140625
231,1803,10.54541015625
232,1056,3.6912841796875
233,306,-4.1165771484375
234,2265,-2.748046875
235,1559,0.208984375
236,2705,0.7236328125
237,2336,-1.5361328125
238,1708,0.898193359375
239,1324,0.2998046875
240,101,-7.7060546875
241,1492,0.025634765625
242,1843,-3.3017578125
243,1024,8.958251953125
244,2898,14.207275390625
245,514,8.728515625
246,590,4.064453125
247,707,3.623046875
248,1974,-0.27587890625
249,1722,-3.433349609375
250,119,13.8837890625
251,1710,0.60552978515625
252,2328,6.2529296875
253,3016,-1.896484375
254,1467,-1.15283203125
255,2097,0.975830078125
256,2252,3.10205078125
257,2220,0.86865234375
258,429,-6.86572265625
259,2251,4.350341796875
260,1695,-0.6513671875
261,2961,-4.5126953125
262,243,-0.1943359375
263,2416,4.07421875
264,2726,2.18670654296875
265,2246,-3.18939208984375
266,2979,0.974365234375
267,2604,0.210693359375
268,627,2.1240234375
269,2397,-6.4803466796875
270,2846,1.4794921875
271,914,1.7911376953125
272,1927,-2.10009765625
273,969,-1.05987548828125
274,2947,1.612548828125
275,693,4.4334716796875
276,2612,-2.324462890625
277,3042,-1.17822265625
278,202,1.5927734375
279,1958,1.1976318359375
280,2732,1.2325439453125
281,1720,-1.12725830078125
282,1827,-3.27392578125
283,1925,-1.3017578125
284,2647,1.57623291015625
285,487,-5.03314208984375
286,2926,-5.653076171875
287,1748,7.815185546875
288,1146,2.909912109375
289,1751,1.0830078125
290,2364,-2.043060302734375
291,2341,1.8974609375
292,2903,-2.47314453125
293,1390,-5.1524658203125
294,923,-15.92236328125
295,2551,3.21142578125
296,292,1.450927734375
297,2607,-4.742431640625
298,211,-2.0341796875
299,2633,2.034423828125
300,1182,1.357421875
301,1768,5.171142578125
302,2843,-2.93310546875
303,2285,1.774658203125
304,1090,-1.64892578125
305,1706,-13.787353515625
306,3001,5.0008544921875
307,1413,1.4921875
308,2698,5.8519287109375
309,2536,3.119140625
310,1384,1.37890625
311,1073,8.74609375
312,2172,-6.857421875
313,1797,-1.521484375
314,1512,-6.0828857421875
315,1527,0.598388671875
316,1947,-0.4677734375
317,1704,4.955078125
318,548,-4.70166015625
319,2976,0.07080078125
320,2934,-3.1513671875
321,1883,-2.8697509765625
322,874,-1.11328125
323,1548,-3.999267578125
324,2115,5.97998046875
325,2411,0.511962890625
326,2435,-1.81829833984375
327,2360,-5.2216796875
328,3030,-4.0576171875
329,356,5.2781982421875
330,1764,-4.35009765625
331,1145,0.3878173828125
332,2520,-10.9453125
333,847,-13.53643798828125
334,2303,1.29296875
335,2638,-1.216552734375
336,889,9.98046875
337,2232,1.7115478515625
338,2186,2.2314453125
339,1690,0.2193603515625
340,474,1.3477783203125
341,2640,3.87286376953125
342,1091,-2.80029296875
343,1899,0.56005859375
344,1815,-6.58740234375
345,481,-3.36279296875
346,649,-0.25390625
347,3055,0.008544921875
348,2154,-8.6435546875
349,2864,0.861083984375
350,298,-2.41259765625
351,812,-3.6455078125
352,927,1.381103515625
353,678,0.011474609375
354,2654,-0.9219970703125
355,2408,-1.239013671875
356,630,-1.3759765625
357,170,-2.0244140625
358,1139,-2.21435546875
359,334,0.88983154296875
360,518,-0.35595703125
361,2354,-3.64453125
362,1217,-2.08831787109375
363,1435,-0.54327392578125
364,2879,-4.0888671875
365,2421,-2.7294921875
366,84,8.30419921875
367,954,6.12353515625
368,715,1.8896484375
369,624,-1.294921875
370,45,1.562744140625
371,857,7.6875
372,1846,0.53125
373,994,1.67877197265625
374,1021,-5.2001953125
375,2371,2.65234375
376,2973,1.6671142578125
377,938,-0.13037109375
378,577,2.99346923828125
379,1838,5.5576171875
380,109,1.1806640625
381,1481,0.21710205078125
382,891,-0.557861328125
383,1849,-7.25146484375
384,411,2.95849609375
385,784,-5.219970703125
386,328,0.23486328125
387,1156,1.2896728515625
388,89,2.424560546875
389,1099,3.41748046875
390,2909,0.79541015625
391,2426,-0.12646484375
392,571,8.212890625
393,1891,-1.84619140625
394,1725,-4.58587646484375
395,526,-0.8759765625
396,2380,-1.5123291015625
397,2630,-5.51611328125
398,1826,7.7138671875
399,428,-3.72998046875
400,32,-2.843994140625
401,1757,1.421142578125
402,967,-0.03546142578125
403,2833,3.40380859375
404,1344,2.06787109375
405,394,-0.10577392578125
406,840,-16.5419921875
407,148,0.94677734375
408,122,-1.0220947265625
409,2804,2.22998046875
410,2386,4.7540283203125
411,848,-4.3759765625
412,597,-8.506591796875
413,2072,0.03155517578125
414,1640,-3.099365234375
415,341,0.59765625
416,1439,0.1337890625
417,1929,6.26904296875
418,2492,-1.0927734375
419,575,-7.97607421875
420,390,3.101806640625
421,756,4.105224609375
422,2010,-1.779541015625
423,2034,-5.1514892578125
424,2150,4.3629150390625
425,357,4.50537109375
426,2316,1.54681396484375
427,1570,-5.44140625
428,1077,3.681640625
429,533,-2.41943359375
430,1442,-1.21337890625
431,866,-2.0908203125
432,1760,0.759765625
433,1554,1.3421630859375
434,2224,-6.6649169921875
435,1854,-7.748046875
436,564,1.2666015625
437,321,-1.084716796875
438,1169,-5.330078125
439,1579,3.1728515625
440,2249,-4.638916015625
441,1982,5.12994384765625
442,372,1.89453125
443,1917,1.692626953125
444,916,-2.03857421875
445,1036,4.4404296875
446,912,-4.10693359375
447,275,2.337646484375
448,1321,3.052734375
449,2058,-4.31005859375
450,1943,1.9949951171875
451,1038,-0.61279296875
452,26,7.93341064453125
453,1188,3.831298828125
454,97,-4.41064453125
455,3063,-4.193115234375
456,3080,1.2606201171875
457,626,2.987060546875
458,1463,3.5361328125
459,964,9.70947265625
460,1359,5.71923828125
461,814,5.6219482421875
462,60,-3.998046875
463,885,-1.509765625
464,366,-3.29833984375
465,611,2.0426025390625
466,1025,3.512451171875
467,1871,-3.089111328125
468,2080,1.82373046875
469,2433,-1.528076171875
470,2469,-3.421142578125
471,2363,-1.388671875
472,3087,-2.1064453125
473,2842,1.18212890625
474,1994,-1.5438232421875
475,13,2.9801025390625
476,2,-5.742431640625
477,1425,7.9296875
478,774,1.3975830078125
479,2117,-3.825439453125
480,2666,-3.06494140625
481,1431,-1.706787109375
482,1314,-4.5772705078125
483,1243,-0.5068359375
484,1801,3.00640869140625
485,1937,-4.802734375
486,2173,-0.6090087890625
487,1601,4.11328125
488,2459,-0.413818359375
489,589,-0.715087890625
490,1877,11.3046875
491,1921,3.8116455078125
492,2682,-2.255126953125
493,743,-1.6943359375
494,2384,1.2802734375
495,2447,-5.385498046875
496,2379,4.684326171875
497,727,2.966796875
498,1496,-0.415771484375
499,221,-1.5322265625
500,1866,-0.21142578125
501,1723,-3.2841796875
502,1615,4.349853515625
503,279,-3.753662109375
504,572,-2.343017578125
505,2595,0.021484375
506,1381,-6.00042724609375
507,1012,-2.26708984375
508,2746,2.3011474609375
509,278,1.6728515625
510,909,-2.3818359375
511,2282,-2.07177734375
512,217,-15.4268798828125
513,2000,4.03753662109375
514,705,-1.9027099609375
515,2296,12.18017578125
516,684,-1.51416015625
517,2381,-0.8134765625
518,621,-1.82916259765625
519,1296,-0.45904541015625
520,851,-2.4981689453125
521,2432,0.2589111328125
522,1326,2.56689453125
523,2038,-3.0950927734375
524,1392,3.1475830078125
525,1069,1.78216552734375
526,1781,-5.990478515625
527,1575,-3.91650390625
528,2984,-3.67724609375
529,2637,-1.0654296875
530,111,-3.598388671875
531,1669,8.71875
532,1766,3.02734375
533,2241,-2.525634765625
534,1672,1.55126953125
535,427,-7.493408203125
536,2083,2.366455078125
537,815,2.1015625
538,2661,0.802734375
539,2037,-3.3724365234375
540,266,10.302001953125
541,1552,2.1092529296875
542,956,2.0361328125
543,2750,8.2283935546875
544,1103,-4.4171142578125
545,729,0.0716552734375
546,1342,3.7901611328125
547,2402,-0.5771484375
548,2691,-0.566162109375
549,369,-6.96337890625
550,3047,-1.1636962890625
551,1770,0.818115234375
552,2375,4.834716796875
553,449,5.51220703125
554,1642,-9.4951171875
555,2765,0.3243408203125
556,757,3.2593994140625
557,2986,-3.97564697265625
558,1474,-4.840576171875
559,2118,-4.4676513671875
560,1436,-4.044189453125
561,2182,-0.6873779296875
562,1033,-3.62353515625
563,2120,6.097412109375
564,235,4.80908203125
565,935,-4.8748779296875
566,368,-0.6690673828125
567,1440,1.3592529296875
568,2378,1.1298828125
569,2774,0.84326171875
570,39,-4.02001953125
571,1736,-0.1220703125
572,3012,-3.46923828125
573,2856,3.4659423828125
574,3010,-3.5087890625
575,2065,1.96533203125
576,271,-1.662109375
577,612,-0.0665283203125
578,3028,-0.9471435546875
579,1545,-0.35333251953125
580,808,2.0872802734375
581,386,3.150146484375
582,1830,-1.6552734375
583,1059,11.9521484375
584,1914,-4.489990234375
585,1935,-10.3095703125
586,687,-3.98779296875
587,1806,1.5357666015625
588,1597,-1.1387939453125
589,1470,3.38128662109375
590,1196,-3.52685546875
591,2563,5.2403564453125
592,441,-3.046142578125
593,2477,14.115478515625
594,1382,-2.856689453125
595,1386,-1.546142578125
596,2178,4.49285888671875
597,412,-0.173095703125
598,497,1.72021484375
599,410,-2.486083984375
600,1888,1.18505859375
601,320,3.58935546875
602,2235,-1.9481201171875
603,902,5.810546875
604,1807,-0.6064453125
605,2844,5.2613525390625
606,2422,-2.583984375
607,2815,-0.735595703125
608,2049,-1.213623046875
609,2701,0.3040771484375
610,1283,-1.193359375
611,1813,-0.62109375
612,2762,-0.7119140625
613,2347,-2.2236328125
614,2728,-6.35595703125
615,2490,-2.10107421875
616,3027,-5.154052734375
617,888,0.0113525390625
618,785,3.32403564453125
619,2545,2.4468994140625
620,1931,-7.59326171875
621,1112,-0.7529296875
622,2795,0.8524169921875
623,1505,-3.520751953125
624,231,4.173828125
625,1565,0.8134765625
626,1941,-1.38037109375
627,1094,-0.15087890625
628,701,-1.737548828125
629,2660,0.517578125
630,2301,9.4593505859375
631,1786,3.38671875
632,2962,2.73583984375
633,2981,-2.904296875
634,2109,6.00531005859375
635,1128,-1.031005859375
636,1310,1.45654296875
637,1847,-5.296630859375
638,1088,0.9114990234375
639,123,0.863525390625
640,3040,-4.4075927734375
641,1011,-1.978759765625
642,290,-1.5738525390625
643,2257,-4.75897216796875
644,2715,3.95263671875
645,2464,4.1552734375
646,2455,5.63037109375
647,1649,4.84912109375
648,1873,-0.43408203125
649,16,-3.4378662109375
650,672,-0.1201171875
651,574,0.704345703125
652,1043,-2.2919921875
653,1868,-2.8251953125
654,1735,4.03662109375
655,2162,7.557861328125
656,536,-1.5517578125
657,1882,5.880859375
658,556,-4.196044921875
659,2913,-1.23388671875
660,2608,0.8046875
661,95,4.9085693359375
662,1569,-2.5208740234375
663,1900,2.42529296875
664,1203,4.7591552734375
665,1084,3.15673828125
666,1098,-2.4521484375
667,886,0.21533203125
668,1212,3.0098876953125
669,832,-2.6693115234375
670,115,-5.90533447265625
671,2418,-4.05908203125
672,955,-0.51708984375
673,2769,-3.5986328125
674,2834,0.69091796875
675,1164,-3.4471435546875
676,1458,-0.0086669921875
677,54,3.44384765625
678,71,-1.85400390625
679,309,-2.53369140625
680,1000,2.7105712890625
681,1307,2.1763916015625
682,828,1.54541015625
683,3089,-0.4169921875
684,2105,-2.638916015625
685,1238,-8.5986328125
686,788,-1.20068359375
687,1802,-3.3466796875
688,1097,-0.126953125
689,1823,0.87841796875
690,870,4.458984375
691,318,-0.457763671875
692,559,1.01513671875
693,313,2.13604736328125
694,1240,4.90087890625
695,3072,4.8515625
696,920,-3.875
697,191,0.498779296875
698,2957,0.589599609375
699,1619,-3.9013671875
700,1762,-1.05029296875
701,1833,7.182373046875
702,2932,-0.6912841796875
703,1890,1.19873046875
704,1630,-0.160888671875
705,403,-4.45556640625
706,724,5.26934814453125
707,2309,-3.673828125
708,232,-10.02734375
709,1885,-3.4931640625
710,2376,4.76416015625
711,1707,2.92822265625
712,1406,-4.1090087890625
713,1761,0.6005859375
714,2147,6.39697265625
715,1721,-1.1453857421875
716,1726,3.4969482421875
717,116,4.924072265625
718,931,-1.13623046875
719,316,5.042236328125
720,2696,-0.010498046875
721,480,1.63140869140625
722,1227,-0.015625
723,1239,-0.8701171875
724,2169,3.51239013671875
725,1948,-2.501953125
726,2869,2.87786865234375
727,2740,-2.91748046875
728,37,-0.2779541015625
729,1037,-4.419921875
730,2294,0.283203125
731,860,3.5374755859375
732,842,6.40643310546875
733,2444,0.952880859375
734,2216,-5.4173583984375
735,1045,-3.901611328125
736,2959,0.75634765625
737,811,1.9130859375
738,2532,-5.09759521484375
739,2960,-2.327392578125
740,915,-1.3095703125
741,2636,4.0029296875
742,1367,-2.39990234375
743,1134,-1.1611328125
744,2188,-8.6202392578125
745,353,-0.54296875
746,263,-9.77734375
747,2534,-4.9140625
748,1816,2.4111328125
749,468,-7.8397216796875
750,2830,2.6708984375
751,1113,-11.7178955078125
752,867,2.6220703125
753,443,1.6898193359375
754,212,3.7977294921875
755,2106,-0.0350341796875
756,94,-0.0625
757,2662,3.260498046875
758,1932,-4.14697265625
759,1841,8.8857421875
760,1985,-3.333984375
761,1717,2.7528076171875
762,2001,-4.42333984375
763,1179,3.85107421875
764,126,-2.3388671875
765,3095,-2.07958984375
766,2398,0.741455078125
767,222,-4.7171630859375
768,823,-4.8974609375
769,1544,-4.018798828125
770,1465,0.678466796875
771,1327,3.2947998046875
772,1804,1.869140625
773,1860,5.2412109375
774,2279,-5.7254638671875
775,721,-5.5546875
776,970,2.4638671875
777,2714,-4.16845703125
778,207,-0.090087890625
779,988,5.40185546875
780,820,1.10638427734375
781,2372,-7.5035400390625
782,1698,-8.6005859375
783,1572,0.188232421875
784,853,-4.33331298828125
785,1251,1.0531005859375
786,2924,-0.34375
787,398,-5.221923828125
788,1934,0.605224609375
789,2831,-7.40087890625
790,2529,0.572265625
791,1557,3.140869140625
792,1271,3.55126953125
793,2927,-3.62744140625
794,1920,-1.6181640625
795,2254,-4.35546875
796,1451,-7.4765625
797,1629,-0.177734375
798,2288,-0.86181640625
799,754,-0.8990478515625
800,1682,-2.851806640625
801,324,-0.330078125
802,56,2.6171875
803,1111,3.05517578125
804,1498,0.43023681640625
805,2157,-0.877197265625
806,1680,0.568359375
807,477,5.3359375
808,2896,9.035400390625
809,1339,-5.1005859375
810,19,-2.41064453125
811,1956,-5.306884765625
812,1665,-1.23046875
813,2237,2.8983154296875
814,1138,2.5185546875
815,1143,-2.30517578125
816,652,-0.4801025390625
817,899,-1.6119384765625
818,1910,-0.52435302734375
819,839,4.50927734375
820,2968,-4.6328125
821,1347,-1.35400390625
822,2100,-0.473876953125
823,381,2.447265625
824,2404,-1.392822265625
825,2718,0.71142578125
826,1180,4.517578125
827,141,-1.3238525390625
828,500,-10.80657958984375
829,2199,0.21630859375
830,2095,5.097900390625
831,562,-0.27581787109375
832,2510,0.2293701171875
833,2589,-1.40625
834,370,4.29638671875
835,797,-2.49951171875
836,2077,3.52239990234375
837,1776,-8.5750732421875
838,2051,3.4033203125
839,2114,-0.55078125
840,457,1.87158203125
841,685,1.36669921875
842,402,1.49462890625
843,1443,0.348876953125
844,1311,-2.279541015625
845,3,1.6875
846,786,1.3507080078125
847,2599,5.0526123046875
848,855,5.072509765625
849,2685,-0.3671875
850,438,5.44873046875
851,396,3.138671875
852,83,1.85400390625
853,599,-2.84912109375
854,145,3.569580078125
855,656,4.4150390625
856,608,-11.6448974609375
857,982,3.84814453125
858,177,-1.0943603515625
859,462,-0.343505859375
860,824,-2.270751953125
861,2271,-3.7239990234375
862,3073,7.0595703125
863,2460,0.267578125
864,573,3.52099609375
865,2052,9.9066162109375
866,2570,-4.836181640625
867,1662,-3.169921875
868,2690,2.1500244140625
869,1005,1.10595703125
870,317,12.13037109375
871,1651,-3.2100830078125
872,3008,5.972900390625
873,1308,-0.4012451171875
874,1756,-8.7535400390625
875,2325,-0.8319091796875
876,1105,1.9306640625
877,2143,1.98516845703125
878,2400,-1.99365234375
879,1516,-3.9058837890625
880,98,0.10693359375
881,3026,0.7369384765625
882,2022,4.0283203125
883,3011,2.6583251953125
884,2933,-1.8916015625
885,1915,-3.0850830078125
886,1423,-2.17578125
887,2331,-0.5518798828125
888,1546,1.576171875
889,2649,0.5048828125
890,991,2.1258544921875
891,2462,8.348876953125
892,555,-4.4150390625
893,3032,-0.80712890625
894,1839,-3.9033203125
895,1990,2.6142578125
896,1971,-1.42669677734375
897,3092,3.65185546875
898,3006,0.76123046875
899,1848,3.9200439453125
900,2835,6.951904296875
901,2210,-1.33544921875
902,2473,2.80224609375
903,2176,0.80035400390625
904,419,3.3319091796875
905,2601,0.349609375
906,1430,2.28759765625
907,1202,-2.9881591796875
908,984,-1.165771484375
909,2809,2.33111572265625
910,2212,3.2333984375
911,1008,2.822998046875
912,2855,-9.681640625
913,161,2.3253173828125
914,1582,2.1796875
915,3074,-0.04150390625
916,709,3.18603515625
917,2972,-3.4041748046875
918,417,-2.2060546875
919,2512,-0.943359375
920,809,-1.6650390625
921,585,-4.947509765625
922,1122,4.455322265625
923,3085,-2.910400390625
924,437,3.7623291015625
925,3107,0.47662353515625
926,1765,-3.58984375
927,1418,-2.4075927734375
928,219,-0.80511474609375
929,281,5.2596435546875
930,782,-0.901123046875
931,2670,6.0341796875
932,2919,1.74383544921875
933,171,-0.173583984375
934,539,0.6845703125
935,233,1.74072265625
936,1538,-3.238525390625
937,1118,-4.76409912109375
938,1161,1.4892578125
939,1277,-2.6640625
940,900,1.358154296875
941,2942,-0.832275390625
942,1057,0.36767578125
943,2745,-2.1376953125
944,300,-3.973388671875
945,184,0.9173583984375
946,2036,1.30029296875
947,389,-4.1705322265625
948,878,9.41357421875
949,1285,-5.46533203125
950,1482,3.504150390625
951,1676,3.3896484375
952,1348,-3.5126953125
953,1880,-1.551513671875
954,1054,-0.8189697265625
955,3017,-1.7587890625
956,2793,1.17974853515625
957,420,-4.44921875
958,265,-2.155914306640625
959,1279,-0.1685791015625
960,2480,-2.10076904296875
961,1987,3.18603515625
962,2310,-4.771484375
963,722,-2.408203125
964,1558,-0.4775390625
965,801,1.177734375
966,2706,6.7314453125
967,498,-1.9627685546875
968,1850,2.9736328125
969,3097,1.58685302734375
970,234,-7.0531005859375
971,2245,-1.5621337890625
972,482,4.238525390625
973,1911,-0.2557373046875
974,2748,-5.61328125
975,2542,-1.4808349609375
976,1475,-0.80078125
977,2964,-0.47454833984375
978,2596,2.767578125
979,2030,0.6171875
980,1700,-3.97265625
981,1607,-2.31982421875
982,674,5.0908203125
983,530,2.0498046875
984,2851,0.68408203125
985,1821,0.9305419921875
986,1628,-0.5576171875
987,277,-8.2666015625
988,2428,-3.3212890625
989,3062,4.18548583984375
990,2797,1.49676513671875
991,2584,-2.362548828125
992,1844,3.68017578125
993,2215,-5.435546875
994,681,-0.8099365234375
995,1870,2.5556640625
996,1264,3.14501953125
997,583,-0.89892578125
998,2092,7.11572265625
999,547,2.69091796875
1000,1945,5.10498046875
1001,1683,4.046875
1002,2848,-0.73876953125
1003,838,3.50048828125
1004,1141,-0.1654052734375
1005,1528,5.0703125
1006,1553,-0.53564453125
1007,1100,2.77099609375
1008,704,5.64794921875
1009,473,-4.08447265625
1010,1541,4.80615234375
1011,2892,4.1207275390625
1012,1461,0.8193359375
1013,2873,6.119140625
1014,1645,-0.9957275390625
1015,1923,0.43658447265625
1016,1811,-2.98272705078125
1017,2063,-0.21435546875
1018,1018,-0.853759765625
1019,2377,-4.625
1020,128,1.04339599609375
1021,755,-7.2998046875
1022,392,1.65771484375
1023,1908,1.1717529296875
1024,1391,1.6142578125
1025,2141,-1.53564453125
1026,282,-0.1171875
1027,2074,-6.04736328125
1028,376,-4.916748046875
1029,1493,-1.7001953125
1030,1684,7.634765625
1031,714,-4.1632080078125
1032,2451,-3.853515625
1033,2781,-5.74267578125
1034,1222,-5.21923828125
1035,2540,-10.60986328125
1036,2771,-2.882080078125
1037,2578,-8.1661376953125
1038,876,3.8603515625
1039,2516,8.58740234375
1040,459,0.2080078125
1041,198,2.611328125
1042,1750,4.615234375
1043,1163,-3.3369140625
1044,1605,5.94580078125
1045,1617,2.183349609375
1046,3007,-2.818115234375
1047,2786,-4.524169921875
1048,946,4.516357421875
1049,1006,-0.89013671875
1050,2313,-2.48681640625
1051,1302,-3.3753662109375
1052,2317,-2.12646484375
1053,1358,7.2799072265625
1054,1362,1.478271484375
1055,1375,2.171875
1056,1778,-0.9521484375
1057,1278,-0.7890625
1058,2128,-1.478515625
1059,2471,1.36474609375
1060,1653,4.6025390625
1061,182,2.160888671875
1062,213,0.943359375
1063,1377,1.561279296875
1064,922,2.7060546875
1065,2920,2.1611328125
1066,1154,-2.33148193359375
1067,1970,3.9033203125
1068,445,-3.018798828125
1069,3078,1.61181640625
1070,535,0.350341796875
1071,1337,-1.409912109375
1072,258,1.2177734375
1073,1340,2.884521484375
1074,1265,-5.97027587890625
1075,985,-8.80084228515625
1076,1773,-2.54052734375
1077,1714,-8.57958984375
1078,2130,-0.87939453125
1079,2907,4.88525390625
1080,2882,9.9581298828125
1081,2912,-0.697265625
1082,41,3.8170166015625
1083,1531,-0.69287109375
1084,1566,-9.107421875
1085,1724,5.25555419921875
1086,2431,0.1182861328125
1087,325,3.63262939453125
1088,188,-2.54150390625
1089,2676,-5.40814208984375
1090,837,-0.2099609375
1091,1433,-3.905517578125
1092,367,0.6043701171875
1093,382,3.419921875
1094,2899,-3.84344482421875
1095,1831,1.26837158203125
1096,1510,-1.13818359375
1097,28,-3.87255859375
1098,2333,-4.39306640625
1099,1385,-1.48193359375
1100,2280,2.5526123046875
1101,1483,7.97802734375
1102,730,0.7197265625
1103,1875,-5.119140625
1104,2119,-1.79632568359375
1105,2556,-5.1923828125
1106,2897,2.26513671875
1107,973,1.734375
1108,957,-0.126953125
1109,251,3.4849853515625
1110,2155,4.5841064453125
1111,153,-2.87451171875
1112,1192,4.60223388671875
1113,174,-0.15283203125
1114,1177,-1.96484375
1115,965,0.5498046875
1116,2414,4.21630859375
1117,2151,-5.22998046875
1118,1175,2.1845703125
1119,1810,2.99755859375
1120,414,-3.561279296875
1121,2238,10.18896484375
1122,1702,-3.252685546875
1123,1822,-0.6005859375
1124,1648,-5.30810546875
1125,3000,-1.8154296875
1126,1389,-1.34912109375
1127,726,-1.234619140625
1128,1096,-2.556640625
1129,827,-4.8328857421875
1130,2370,2.5029296875
1131,454,3.92529296875
1132,1147,2.66357421875
1133,2744,3.23046875
1134,894,1.98248291015625
1135,2650,-3.5787353515625
1136,1083,-0.357177734375
1137,343,1.764892578125
1138,2593,1.0384521484375
1139,2625,-3.697265625
1140,993,7.47705078125
1141,2664,1.4296875
1142,285,0.91876220703125
1143,1166,0.69287109375
1144,62,-4.177001953125
1145,1229,-4.06640625
1146,59,-1.47314453125
1147,545,-8.724365234375
1148,1497,9.117431640625
1149,2478,-5.01348876953125
1150,2357,-3.59417724609375
1151,1194,5.03955078125
1152,1210,2.4150390625
1153,1420,8.56884765625
1154,2239,4.3997802734375
1155,1211,4.1728515625
1156,905,-3.1181640625
1157,2393,2.4935302734375
1158,68,-6.112548828125
1159,1270,2.7218017578125
1160,1507,10.72998046875
1161,734,-2.7784423828125
1162,1533,3.041015625
1163,2937,4.326904296875
1164,3049,-1.3668212890625
1165,3116,-0.58575439453125
1166,1414,-0.26025390625
1167,906,1.34619140625
1168,2202,-3.5869140625
1169,2240,2.29541015625
1170,1744,2.0673828125
1171,23,2.2509765625
1172,1219,-1.29443359375
1173,2672,0.3125
1174,3118,-3.0927734375
1175,408,1.71636962890625
1176,1123,-2.58258056640625
1177,2737,0.68359375
1178,2801,6.957275390625
1179,978,1.48486328125
1180,193,-0.77587890625
1181,465,0.5625
1182,2218,3.708984375
1183,1638,-1.125
1184,509,5.28466796875
1185,953,-1.9501953125
1186,470,-4.26904296875
1187,1926,2.208984375
1188,270,1.162109375
1189,1953,-0.493408203125
1190,2906,3.99462890625
1191,1371,1.343994140625
1192,2887,-1.260009765625
1193,1329,2.416259765625
1194,2089,0.594970703125
1195,48,-1.888916015625
1196,1530,3.0009765625
1197,2561,-1.82421875
1198,593,-3.3389892578125
1199,1624,4.634765625
1200,2060,3.4461669921875
1201,610,4.25
1202,338,3.950927734375
1203,302,3.32061767578125
1204,1338,2.9512939453125
1205,1745,1.5218505859375
1206,375,1.89794921875
1207,2361,-10.1427001953125
1208,18,0.0863037109375
1209,160,1.175537109375
1210,2991,-2.76611328125
1211,1040,-0.84716796875
1212,1997,4.10882568359375
1213,421,-5.8497314453125
1214,925,-0.05322265625
1215,689,0.782470703125
1216,1972,1.18902587890625
1217,2180,0.47509765625
1218,3046,-4.24365234375
1219,1681,6.5345458984375
1220,2041,-1.751708984375
1221,676,-2.5950927734375
1222,30,4.0504150390625
1223,1221,-7.2921142578125
1224,2204,4.9156494140625
1225,47,0.79339599609375
1226,35,-1.693359375
1227,2911,-0.0751953125
1228,2838,2.7275390625
1229,1964,-0.5302734375
1230,2946,1.6533203125
1231,1598,-4.6142578125
1232,735,-0.453125
1233,3108,4.2166748046875
1234,807,5.49609375
1235,2777,-2.455078125
1236,259,-2.76513671875
1237,2849,-2.651611328125
1238,2519,-3.946533203125
1239,7,-2.36474609375
1240,2133,-1.9521484375
1241,2736,-2.5263671875
1242,2988,-4.30340576171875
1243,2659,3.4853515625
1244,1878,12.9034423828125
1245,2735,6.23046875
1246,2622,-6.7269287109375
1247,856,4.6507568359375
1248,3002,-5.46435546875
1249,771,-2.138916015625
1250,644,4.59783935546875
1251,2053,6.40625
1252,1864,-1.254150390625
1253,2012,6.349609375
1254,602,4.0130615234375
1255,384,0.36553955078125
1256,1417,-0.54150390625
1257,82,1.52874755859375
1258,450,-3.2415771484375
1259,1488,3.20166015625
1260,513,-0.61962890625
1261,601,-0.12548828125
1262,2069,-2.64111328125
1263,971,11.96240234375
1264,423,-4.407958984375
1265,1791,2.5615234375
1266,204,3.3701171875
1267,1743,0.363037109375
1268,796,-0.48193359375
1269,666,-4.4892578125
1270,2009,1.3992919921875
1271,227,6.21240234375
1272,1459,3.578369140625
1273,2168,-1.6942138671875
1274,24,6.6668701171875
1275,2674,2.90625
1276,2410,-4.2529296875
1277,2590,-2.860595703125
1278,831,2.62744140625
1279,695,-1.212890625
1280,2207,-0.48876953125
1281,1614,2.271484375
1282,186,3.6885986328125
1283,105,-0.41162109375
1284,2619,-5.15576171875
1285,2562,-3.6004638671875
1286,2135,7.31036376953125
1287,2461,2.30816650390625
1288,333,-5.0361328125
1289,2574,-0.5469970703125
1290,1055,-2.7183837890625
1291,2373,5.883544921875
1292,1421,1.444580078125
1293,1398,3.26837158203125
1294,154,1.69970703125
1295,2164,2.8408203125
1296,2067,5.56982421875
1297,2474,-5.52978515625
1298,1448,4.6177978515625
1299,2617,-5.8916015625
1300,1289,1.300048828125
1301,2533,0.091796875
1302,2865,-1.1087646484375
1303,1509,-12.271484375
1304,538,3.221435546875
1305,43,-4.2791748046875
1306,643,-0.739013671875
1307,2226,-2.60723876953125
1308,1525,-0.5888671875
1309,472,-0.5936279296875
1310,1142,6.50927734375
1311,2773,1.9964599609375
1312,2236,1.9990234375
1313,1365,3.50537109375
1314,246,2.3994140625
1315,2229,-1.7325439453125
1316,511,3.05517578125
1317,1170,8.093505859375
1318,1881,0.25341796875
1319,2756,-1.143798828125
1320,2231,-1.1064453125
1321,2197,-13.89453125
1322,2790,0.8446044921875
1323,224,-1.659423828125
1324,229,-2.05859375
1325,3004,3.39306640625
1326,1020,1.74700927734375
1327,378,7.55908203125
1328,2591,-0.3486328125
1329,2457,-0.1668701171875
1330,696,3.021942138671875
1331,404,2.4716796875
1332,1769,-2.576904296875
1333,1790,1.75
1334,883,1.9908447265625
1335,2123,-3.433349609375
1336,1862,3.694091796875
1337,1471,-2.6240234375
1338,2259,3.859619140625
1339,2436,-2.04833984375
1340,307,-1.59912109375
1341,966,-1.62664794921875
1342,1939,-0.3857421875
1343,2124,-1.710693359375
1344,120,3.841522216796875
1345,1071,-3.322265625
1346,3075,-1.62158203125
1347,1962,1.53662109375
1348,2183,2.501708984375
1349,2720,-1.009765625
1350,93,0.531494140625
1351,2423,-4.416015625
1352,2006,1.103759765625
1353,2543,0.07177734375
1354,1586,-1.84228515625
1355,2020,-1.73095703125
1356,740,2.41650390625
1357,336,2.39111328125
1358,69,0.133056640625
1359,2073,-5.1962890625
1360,2772,-2.6435546875
1361,1333,0.2642822265625
1362,319,-2.3902587890625
1363,1978,-2.57666015625
1364,1928,-2.3065185546875
1365,2367,1.4248046875
1366,2923,-2.9515380859375
1367,90,0.2392578125
1368,1231,3.390380859375
1369,192,-0.851318359375
1370,495,4.1143798828125
1371,958,3.35595703125
1372,2300,-3.6689453125
1373,557,5.11865234375
1374,9,5.57470703125
1375,2268,0.5068359375
1376,2289,-4.21435546875
1377,1543,-0.220703125
1378,1825,3.527587890625
1379,1151,-4.48828125
1380,2711,-2.0625
1381,1252,-1.8780517578125
1382,854,-1.626953125
1383,2697,3.011474609375
1384,2977,2.09326171875
1385,2616,2.214599609375
1386,3036,-2.1630859375
1387,2905,-3.20654296875
1388,1253,2.28900146484375
1389,2798,0.2734375
1390,2208,0.70068359375
1391,1968,3.8642578125
1392,565,-1.690673828125
1393,2153,4.72686767578125
1394,206,-2.8525390625
1395,2136,5.7626953125
1396,1191,1.65264892578125
1397,1979,-7.67724609375
1398,409,7.17584228515625
1399,257,-0.45703125
1400,361,-13.86328125
1401,1550,1.85205078125
1402,2655,-0.637939453125
1403,326,-2.90673828125
1404,103,2.1787109375
1405,2624,-3.48876953125
1406,1350,2.483154296875
1407,790,4.7254638671875
1408,1495,0.8631591796875
1409,14,3.27294921875
1410,2663,-1.90869140625
1411,241,2.5162353515625
1412,436,1.65478515625
1413,989,4.58056640625
1414,661,1.263671875
1415,413,-1.65185546875
1416,2867,-0.2293701171875
1417,168,-5.760009765625
1418,990,-1.07421875
1419,2824,6.02880859375
1420,1960,6.777099609375
1421,1447,1.66558837890625
1422,138,9.893310546875
1423,2497,-3.1588134765625
1424,2346,5.15692138671875
1425,349,1.365478515625
1426,2256,10.44921875
1427,1537,1.421630859375
1428,2206,0.94140625
1429,2339,-2.2613525390625
1430,2315,-2.369140625
1431,3111,2.16796875
1432,2088,-9.169921875
1433,1159,0.9208984375
1434,751,6.7757568359375
1435,2500,2.5697021484375
1436,2877,6.828369140625
1437,2337,11.31787109375
1438,426,-1.09979248046875
1439,1171,2.7001953125
1440,2055,-0.59619140625
1441,400,-3.6484375
1442,1181,-6.0994873046875
1443,1276,2.6767578125
1444,949,2.748291015625
1445,1865,1.4091796875
1446,2817,-3.4727783203125
1447,1209,-2.5333251953125
1448,762,-0.2911376953125
1449,2780,-2.2236328125
1450,444,3.502685546875
1451,200,-12.278564453125
1452,2394,4.2060546875
1453,2900,0.8184814453125
1454,2340,5.609375
1455,543,5.53564453125
1456,1584,1.734375
1457,522,2.767333984375
1458,2219,2.47705078125
1459,2403,8.65673828125
1460,510,-0.737548828125
1461,2242,6.212158203125
1462,1017,-2.813720703125
1463,2140,-0.39398193359375
1464,803,4.01708984375
1465,1299,-0.77490234375
1466,1085,2.6136474609375
1467,1539,-2.57470703125
1468,2209,-0.3623046875
1469,1263,-3.568359375
1470,194,3.1544189453125
1471,716,-1.224853515625
1472,1309,1.384765625
1473,911,0.769287109375
1474,2104,-2.2490234375
1475,639,-5.0238037109375
1476,1131,-5.23760986328125
1477,195,0.385498046875
1478,1867,-2.4951171875
1479,21,0.243896484375
1480,2800,-2.6697998046875
1481,3020,4.053466796875
1482,776,3.31201171875
1483,1658,-1.011962890625
1484,1646,0.845703125
1485,766,-1.7117919921875
1486,2248,-1.8857421875
1487,2504,3.54931640625
1488,2948,-10.76171875
1489,625,1.43798828125
1490,1691,7.6640625
1491,52,2.362060546875
1492,295,16.537353515625
1493,2825,3.30517578125
1494,2132,-1.951171875
1495,531,1.8477783203125
1496,134,-10.255859375
1497,1503,2.5078125
1498,2344,3.6422119140625
1499,1634,-3.5045166015625
1500,1728,2.560791015625
1501,719,-0.12890625
1502,1655,3.5401611328125
1503,1130,-0.021240234375
1504,1419,-2.32666015625
1505,2567,-2.8154296875
1506,1872,-6.7236328125
1507,567,-0.7916259765625
1508,1341,-2.9691162109375
1509,1066,-6.1376953125
1510,4,1.0574951171875
1511,1942,6.314697265625
1512,2014,-1.6708984375
1513,253,-3.5853271484375
1514,976,2.01513671875
1515,2484,7.40771484375
1516,215,4.64990234375
1517,255,1.0986328125
1518,2989,-1.7747802734375
1519,1763,1.6806640625
1520,1685,-11.0869140625
1521,2978,1.1494140625
1522,2261,2.1640625
1523,2019,-6.501953125
1524,1652,-0.4091796875
1525,2253,-3.7816162109375
1526,149,2.0181884765625
1527,2802,-0.049072265625
1528,196,2.407958984375
1529,3096,0.1259765625
1530,167,-1.42626953125
1531,1370,-0.4561767578125
1532,2465,3.8720703125
1533,887,4.23663330078125
1534,133,8.269775390625
1535,505,-1.7958984375
1536,662,-1.02984619140625
1537,1577,-2.35546875
1538,1080,-4.384765625
1539,2863,-3.1893310546875
1540,1678,1.8797607421875
1541,544,3.253173828125
1542,25,-4.364990234375
1543,2891,0.795166015625
1544,2592,-2.779296875
1545,2385,0.7581787109375
1546,2446,0.05810546875
1547,1089,-2.9178466796875
1548,3115,-6.2796630859375
1549,242,3.647216796875
1550,1363,-13.091796875
1551,1294,-0.1539306640625
1552,1469,0.9512939453125
1553,1075,3.4613037109375
1554,2345,-2.6959228515625
1555,1529,1.83544921875
1556,615,7.171630859375
1557,371,-1.30908203125
1558,516,2.401611328125
1559,865,0.20068359375
1560,2687,-2.93994140625
1561,2541,0.682373046875
1562,527,2.841064453125
1563,1489,-5.41943359375
1564,2546,-9.5341796875
1565,2866,0.44873046875
1566,1886,-1.00970458984375
1567,750,2.0400390625
1568,2573,1.1724853515625
1569,718,-0.64599609375
1570,1343,2.84820556640625
1571,2889,3.8731689453125
1572,106,1.8173828125
1573,77,1.46630859375
1574,492,3.18487548828125
1575,3093,1.7845458984375
1576,742,-2.275390625
1577,1351,-0.05029296875
1578,2949,-0.9197998046875
1579,3015,3.04248046875
1580,2901,5.4091796875
1581,2782,1.1500244140625
1582,658,-1.16015625
1583,1819,-3.3125
1584,2703,-1.59259033203125
1585,761,-0.1219482421875
1586,1580,4.15234375
1587,11,-2.2197265625
1588,1633,-4.0931396484375
1589,53,7.82177734375
1590,2904,0.9757080078125
1591,1472,-3.3427734375
1592,1397,-4.356201171875
1593,745,-5.29541015625
1594,2276,0.7066650390625
1595,2980,1.950927734375
1596,2680,0.520263671875
1597,1547,0.82666015625
1598,401,-2.072509765625
1599,2938,-1.9970703125
1600,2646,2.83331298828125
1601,289,10.96875
1602,31,3.9931640625
1603,817,0.04638671875
1604,1303,6.2923583984375
1605,2812,-0.5595703125
1606,2588,-11.015625
1607,2320,-2.2408447265625
1608,1480,1.58544921875
1609,699,0.9984130859375
1610,692,9.361328125
1611,852,0.591796875
1612,1454,5.8291015625
1613,875,-1.432373046875
1614,520,-1.55029296875
1615,377,-5.76025390625
1616,2609,0.7677001953125
1617,2075,-2.27783203125
1618,2956,-6.149658203125
1619,3025,3.7178955078125
1620,2823,11.0205078125
1621,2358,-0.35205078125
1622,635,1.555908203125
1623,939,0.408203125
1624,110,-3.21435546875
1625,534,0.48681640625
1626,1904,-1.795166015625
1627,2194,3.8900146484375
1628,595,1.6226806640625
1629,2615,-0.105712890625
1630,3079,0.3056640625
1631,2557,0.266845703125
1632,614,-2.9476318359375
1633,1282,-0.731689453125
1634,1107,5.73779296875
1635,1031,5.45440673828125
1636,795,0.0264892578125
1637,2040,2.6566162109375
1638,2874,0.416748046875
1639,1737,-0.2861328125
1640,169,5.30938720703125
1641,288,5.67620849609375
1642,2853,0.10577392578125
1643,836,-4.3623046875
1644,1650,-1.1224365234375
1645,1965,-0.359619140625
1646,962,-6.3924560546875
1647,2311,-2.853759765625
1648,1549,0.17431640625
1649,777,1.302978515625
1650,768,-2.8861083984375
1651,2550,2.118896484375
1652,2263,8.95458984375
1653,744,1.95703125
1654,2822,-6.3896484375
1655,1793,-5.626953125
1656,2349,6.496826171875
1657,950,1.2890625
1658,2482,3.6982421875
1659,1692,-0.64501953125
1660,1767,-7.865234375
1661,1121,0.9794921875
1662,415,-4.146728515625
1663,1666,-0.4560546875
1664,1636,6.43701171875
1665,3083,-3.2216796875
1666,245,-4.0345458984375
1667,332,4.2841796875
1668,2167,-7.0068359375
1669,2870,0.59033203125
1670,2046,-8.6455078125
1671,72,2.223388671875
1672,2007,3.6416015625
1673,2579,4.873046875
1674,1879,2.1787109375
1675,2990,-0.54833984375
1676,2078,2.4921875
1677,1068,-11.4259033203125
1678,519,-3.86810302734375
1679,2351,-7.43017578125
1680,2723,-4.39013671875
1681,273,9.275390625
1682,3031,-9.388671875
1683,607,-6.791015625
1684,1730,-1.245849609375
1685,2813,4.2779541015625
1686,1581,-5.0556640625
1687,979,-0.947998046875
1688,1346,2.09033203125
1689,2837,0.7496337890625
1690,1287,3.223388671875
1691,6,-0.3443603515625
1692,1521,3.8125
1693,1162,-1.08935546875
1694,1576,5.200439453125
1695,1701,-3.999755859375
1696,2102,-5.9937744140625
1697,1616,3.24853515625
1698,2005,-4.83721923828125
1699,818,-0.1444091796875
1700,2560,-0.07965087890625
1701,3052,2.658203125
1702,2348,-3.96240234375
1703,2170,-2.33642578125
1704,996,1.0888671875
1705,843,0.0078125
1706,466,1.2587890625
1707,2967,2.09716796875
1708,2203,-8.80126953125
1709,2752,1.9921875
1710,2747,-2.544921875
1711,1434,-1.927001953125
1712,1785,-5.6357421875
1713,617,-3.21435546875
1714,2409,0.84765625
1715,358,1.98681640625
1716,442,-0.920654296875
1717,339,-6.84326171875
1718,1817,7.773681640625
1719,1273,3.0010986328125
1720,1903,-4.8115234375
1721,2324,-2.002685546875
1722,238,0.02685546875
1723,2200,3.033203125
1724,645,1.1929931640625
1725,1002,0.54345703125
1726,1126,4.266357421875
1727,781,-16.51885986328125
1728,1242,3.51171875
1729,1542,-0.7822265625
1730,2160,0.99658203125
1731,3068,5.311279296875
1732,1599,1.77880859375
1733,2399,-2.3836669921875
1734,226,-3.64984130859375
1735,478,-12.99609375
1736,2554,-0.50146484375
1737,486,1.29559326171875
1738,1254,3.72509765625
1739,2586,-0.18914794921875
1740,447,-2.744384765625
1741,829,-6.4892578125
1742,2792,0.05322265625
1743,2243,0.588623046875
1744,1703,0.5546875
1745,1160,0.204345703125
1746,80,-2.22607421875
1747,2555,2.1748046875
1748,2359,-2.39990234375
1749,733,7.513671875
1750,845,0.4520263671875
1751,859,-10.892578125
1752,2970,0.839599609375
1753,1331,2.20166015625
1754,1980,-8.3800048828125
1755,2113,2.41552734375
1756,1895,-0.50341796875
1757,779,2.4251708984375
1758,58,-4.59130859375
1759,960,-1.5045166015625
1760,2250,2.51904296875
1761,2686,1.9195556640625
1762,1514,5.5845947265625
1763,1719,-7.68212890625
1764,456,1.46319580078125
1765,284,5.4173583984375
1766,2922,-3.75146484375
1767,297,-6.86962890625
1768,2634,1.0789794921875
1769,1039,3.505859375
1770,2479,1.236083984375
1771,113,2.7724609375
1772,3039,3.865478515625
1773,352,0.7451171875
1774,1476,6.03125
1775,2387,1.2860107421875
1776,1673,-0.9249267578125
1777,1298,3.5966796875
1778,1661,0.0595703125
1779,1204,-1.114013671875
1780,2951,-2.291748046875
1781,2234,6.5145263671875
1782,1732,-1.80377197265625
1783,977,3.4151611328125
1784,476,-1.748291015625
1785,237,-1.475341796875
1786,720,-2.3599853515625
1787,2321,-3.99169921875
1788,3104,1.2259521484375
1789,1996,2.9560546875
1790,657,0.5262451171875
1791,2526,5.69775390625
1792,1281,-2.28125
1793,1863,-0.10888671875
1794,2004,0.5501708984375
1795,846,-2.58935546875
1796,2427,2.103515625
1797,2425,0.13232421875
1798,2741,-2.78271484375
1799,1150,3.8536376953125
1800,569,2.933349609375
1801,1441,-1.2557373046875
1802,164,1.417236328125
1803,2917,6.65142822265625
1804,3050,-4.32958984375
1805,3071,-0.60284423828125
1806,568,-0.7767333984375
1807,2678,-5.59893798828125
1808,2033,-3.59912109375
1809,1620,-0.37469482421875
1810,2079,-3.81982421875
1811,1511,6.060546875
1812,1771,-2.469970703125
1813,1258,-1.3807373046875
1814,2753,-3.393798828125
1815,2326,-13.4764404296875
1816,1241,-0.7335205078125
1817,1591,-2.016357421875
1818,2992,3.571533203125
1819,1464,-0.08154296875
1820,2323,2.201171875
1821,1199,-3.3333740234375
1822,2577,2.2601318359375
1823,2112,0.4508056640625
1824,360,-0.0780029296875
1825,2505,-3.04669189453125
1826,646,0.2855224609375
1827,2648,1.5943603515625
1828,1215,-8.66259765625
1829,1422,5.56060791015625
1830,834,0.610107421875
1831,2656,-3.349609375
1832,1304,-0.4754638671875
1833,999,0.000244140625
1834,491,-2.4439697265625
1835,2564,-1.7392578125
1836,2437,0.10205078125
1837,176,0.0205078125
1838,1780,-1.52734375
1839,1540,3.02734375
1840,15,1.4986572265625
1841,2419,-5.59228515625
1842,2145,6.31494140625
1843,187,5.63677978515625
1844,3018,4.326171875
1845,96,-1.787353515625
1846,2738,-4.2880859375
1847,2700,0.3662109375
1848,1587,-3.30517578125
1849,220,6.442138671875
1850,305,2.369384765625
1851,2441,-2.883544921875
1852,2299,-2.11083984375
1853,2096,4.50732421875
1854,1137,-5.1624755859375
1855,2244,0.403564453125
1856,2458,-2.6292724609375
1857,736,-3.3095703125
1858,637,4.71295166015625
1859,2860,1.37255859375
1860,1961,-0.5255126953125
1861,1427,-4.8984375
1862,44,-1.8797607421875
1863,2935,-2.23565673828125
1864,1003,-5.1522216796875
1865,365,-0.780517578125
1866,3077,-12.31591796875
1867,1026,-2.685546875
1868,1316,-6.01611328125
1869,240,3.22906494140625
1870,1269,0.3740234375
1871,2493,1.18408203125
1872,2187,4.7275390625
1873,350,2.1297607421875
1874,1898,4.169921875
1875,29,8.297607421875
1876,50,-3.5235595703125
1877,1305,-0.733642578125
1878,1256,-4.4884033203125
1879,2056,-0.2685546875
1880,1699,1.8614501953125
1881,73,-2.634765625
1882,1792,-0.5445556640625
1883,2971,4.86083984375
1884,1494,15.052978515625
1885,1086,-3.2552490234375
1886,2028,-2.58837890625
1887,1814,6.6923828125
1888,542,8.37884521484375
1889,591,-2.9111328125
1890,2389,-3.8729248046875
1891,1404,-8.94903564453125
1892,712,2.2138671875
1893,880,-6.59051513671875
1894,1250,-4.5078125
1895,2776,2.966796875
1896,1275,-4.4716796875
1897,940,-2.7548828125
1898,1697,0.7335205078125
1899,2488,-2.72821044921875
1900,78,1.2808837890625
1901,2841,1.5675048828125
1902,2131,-7.064697265625
1903,503,-2.6883544921875
1904,286,1.260986328125
1905,1622,-1.187744140625
1906,1149,3.130859375
1907,1117,-5.884765625
1908,629,-1.26104736328125
1909,1352,4.1875
1910,1127,4.2840576171875
1911,434,-4.5435791015625
1912,136,5.233154296875
1913,2062,-2.639892578125
1914,2719,3.18505859375
1915,2539,2.3876953125
1916,1405,-2.2607421875
1917,2530,-2.8934326171875
1918,868,-4.50341796875
1919,1993,-10.2255859375
1920,1247,-3.62255859375
1921,104,6.258056640625
1922,1051,-5.8851318359375
1923,819,6.1153564453125
1924,363,1.3466796875
1925,1484,6.1385498046875
1926,675,-4.275390625
1927,1158,-2.0321044921875
1928,2396,-3.525390625
1929,1232,-3.9007568359375
1930,1573,2.56689453125
1931,51,0.7978515625
1932,2443,6.55517578125
1933,2247,2.672607421875
1934,2494,-3.7333984375
1935,787,-6.78515625
1936,2975,-3.837890625
1937,890,15.4649658203125
1938,663,-0.54443359375
1939,2749,-2.88134765625
1940,2260,0.90673828125
1941,2548,-5.05126953125
1942,1711,2.0416259765625
1943,2502,6.2054443359375
1944,2475,-1.25830078125
1945,2098,5.345947265625
1946,1030,-2.890380859375
1947,1010,2.85986328125
1948,2081,-11.05419921875
1949,2270,8.7030029296875
1950,1087,-0.2449951171875
1951,1602,-5.77783203125
1952,690,-1.47723388671875
1953,158,7.8016357421875
1954,2644,-4.820556640625
1955,553,17.365966796875
1956,1027,-2.7958984375
1957,792,-2.24267578125
1958,582,-5.10009765625
1959,546,0.573486328125
1960,2127,-6.3408203125
1961,686,0.46044921875
1962,2463,2.9322509765625
1963,1473,11.3975830078125
1964,2902,4.8804931640625
1965,3114,-1.58544921875
1966,355,6.62384033203125
1967,983,2.4033203125
1968,1627,-2.3272705078125
1969,1291,-3.72772216796875
1970,2684,-1.55517578125
1971,1715,3.14532470703125
1972,2181,-3.86114501953125
1973,580,-4.609375
1974,493,2.752685546875
1975,1466,3.9564208984375
1976,127,-2.856689453125
1977,2761,-3.8013916015625
1978,1319,-4.42919921875
1979,1052,-6.68701171875
1980,397,-2.5576171875
1981,1189,3.1785888671875
1982,3035,-0.482421875
1983,1119,-3.736572265625
1984,2048,-1.6376953125
1985,1244,-2.703125
1986,1783,-0.3701171875
1987,1356,-7.21337890625
1988,2931,-0.658203125
1989,2716,2.0751953125
1990,594,-0.480224609375
1991,1412,0.01806640625
1992,185,-2.46630859375
1993,2278,-0.8916015625
1994,2148,-5.40625
1995,1556,-4.66796875
1996,2050,-2.4759521484375
1997,1064,1.6939697265625
1998,2857,8.8326416015625
1999,2031,5.096435546875
2000,1364,-5.759765625
2001,1034,-0.3221435546875
2002,1092,2.1353759765625
2003,1671,3.89794921875
2004,2467,-8.771484375
2005,517,1.42041015625
2006,619,-9.4140625
2007,1520,-3.357421875
2008,348,4.3720703125
2009,2491,1.7470703125
2010,1225,2.680908203125
2011,135,-1.053466796875
2012,2890,6.025634765625
2013,1144,3.1221923828125
2014,146,-3.80322265625
2015,2483,-7.91650390625
2016,385,0.09423828125
2017,537,-2.67242431640625
2018,3064,1.0400390625
2019,2987,-1.01025390625
2020,921,-0.18798828125
2021,1029,-16.068115234375
2022,2390,0.1455078125
2023,2472,0.10888671875
2024,1639,0.1448974609375
2025,896,-0.89990234375
2026,1532,0.0074462890625
2027,2820,-2.462890625
2028,391,5.0606689453125
2029,114,4.03662109375
2030,2778,-4.841552734375
2031,2108,4.22900390625
2032,327,7.12548828125
2033,67,-0.2479248046875
2034,1369,1.865234375
2035,2304,0.45703125
2036,499,1.03173828125
2037,1437,1.85986328125
2038,1262,-3.732421875
2039,2763,1.713623046875
2040,1952,0.38189697265625
2041,858,-0.94921875
2042,1074,0.308837890625
2043,2770,-13.7802734375
2044,311,-10.72412109375
2045,560,-1.14111328125
2046,2952,-6.66650390625
2047,1407,7.5859375
2048,1567,-1.53857421875
2049,1906,1.3660888671875
2050,2382,6.133056640625
2051,1048,-1.476318359375
2052,2950,-2.85626220703125
2053,87,-1.7601318359375
2054,2287,2.9483642578125
2055,697,-2.241943359375
2056,1647,-14.43994140625
2057,1794,-5.787109375
2058,2683,-1.346923828125
2059,2391,-1.129150390625
2060,1395,-5.3162841796875
2061,2506,-9.23828125
2062,344,-4.630615234375
2063,2653,0.119384765625
2064,634,2.0810546875
2065,2875,4.824462890625
2066,432,-1.21337890625
2067,2791,-0.9183349609375
2068,1919,0.624755859375
2069,2707,-1.80615234375
2070,452,2.8741455078125
2071,2489,0.4613037109375
2072,55,5.6165771484375
2073,636,-1.353271484375
2074,683,2.32373046875
2075,2878,1.5859375
2076,3099,4.43389892578125
2077,1876,4.2303466796875
2078,2709,-3.89404296875
2079,2939,-0.88671875
2080,1190,-2.06396484375
2081,917,-0.21337890625
2082,1689,1.4296875
2083,2631,-2.0791015625
2084,2319,1.400390625
2085,1660,-4.70458984375
2086,2177,-0.865966796875
2087,1534,2.907470703125
2088,668,7.14599609375
2089,2267,1.147216796875
2090,201,5.82177734375
2091,2995,2.19775390625
2092,346,6.3431396484375
2093,933,8.49005126953125
2094,532,8.2548828125
2095,248,-2.755859375
2096,2943,6.4046630859375
2097,2453,-6.93798828125
2098,952,-2.97607421875
2099,1644,5.041015625
2100,1429,-1.8330078125
2101,1411,-4.600830078125
2102,623,-4.359619140625
2103,2965,1.77099609375
2104,2486,2.7490234375
2105,2456,-2.70703125
2106,799,-0.834716796875
2107,741,-3.917236328125
2108,1360,-0.7908935546875
2109,3102,1.4013671875
2110,2144,-2.24755859375
2111,2611,-10.4384765625
2112,1184,1.821044921875
2113,767,-0.1435546875
2114,2392,-0.6455078125
2115,1637,1.769287109375
2116,1148,-1.8695068359375
2117,841,-0.74658203125
2118,929,0.8935546875
2119,1136,-6.2061767578125
2120,1167,-2.25341796875
2121,1460,6.156005859375
2122,1536,-4.390625
2123,2722,-1.57666015625
2124,272,-6.46917724609375
2125,2587,-1.22021484375
2126,1,1.6148681640625
2127,850,0.015869140625
2128,2993,7.171875
2129,1635,-2.4954833984375
2130,871,-4.072265625
2131,2277,0.5037841796875
2132,1228,-0.9647216796875
2133,345,-8.28515625
2134,3067,-0.072509765625
2135,1428,-1.23779296875
2136,968,-2.3125
2137,3048,2.198974609375
2138,1506,-0.2437744140625
2139,2221,4.8194580078125
2140,33,8.1201171875
2141,1173,5.41082763671875
2142,2628,1.10211181640625
2143,650,-0.66455078125
2144,425,0.4202880859375
2145,2910,-0.881103515625
2146,2760,0.7506103515625
2147,3043,1.46044921875
2148,1874,-0.677001953125
2149,2999,-1.01666259765625
2150,3091,4.7978515625
2151,1016,-0.649169921875
2152,129,0.537109375
2153,460,-3.55975341796875
2154,203,-7.39215087890625
2155,893,0.4677734375
2156,2412,0.38140869140625
2157,1065,-1.02294921875
2158,1125,9.968505859375
2159,461,0.9072265625
2160,1315,8.001953125
2161,1255,2.4072265625
2162,1322,-2.9569091796875
2163,3113,5.1663818359375
2164,1989,-0.052001953125
2165,863,-0.4375
2166,765,3.57568359375
2167,38,4.20458984375
2168,2149,-0.1748046875
2169,1115,0.75494384765625
2170,3069,8.21826171875
2171,3051,3.88720703125
2172,0,-5.5869140625
2173,941,0.52349853515625
2174,1236,-2.831298828125
2175,2217,-0.88623046875
2176,2764,-0.4849853515625
2177,1132,-3.3568115234375
2178,2273,5.009521484375
2179,737,4.835693359375
2180,2699,9.42626953125
2181,1061,-1.771728515625
2182,322,9.205810546875
2183,296,6.059814453125
2184,2266,-1.37744140625
2185,2508,-0.8809814453125
2186,2524,4.14013671875
2187,835,2.90869140625
2188,1172,2.28173828125
2189,1795,-4.4677734375
2190,3066,-0.7021484375
2191,354,-3.837646484375
2192,2916,1.6151123046875
2193,3034,-2.43212890625
2194,2788,3.25
2195,747,-6.83349609375
2196,140,-1.623779296875
2197,2017,-0.43359375
2198,1374,3.84271240234375
2199,1042,4.03271484375
2200,2725,2.25732421875
2201,763,-0.7979736328125
2202,485,3.74462890625
2203,2974,-1.11676025390625
2204,2819,-2.0616455078125
2205,1095,3.5872802734375
2206,3101,-4.013916015625
2207,337,-1.99853515625
2208,1207,6.103515625
2209,2406,1.122314453125
2210,2880,4.345703125
2211,1828,1.99981689453125
2212,673,-4.69140625
2213,274,2.1798095703125
2214,592,4.29833984375
2215,458,-7.256103515625
2216,903,-2.8367919921875
2217,223,-0.56787109375
2218,1416,-6.89910888671875
2219,2306,2.6796875
2220,2420,-6.4415283203125
2221,2332,1.47491455078125
2222,2179,0.05291748046875
2223,331,0.563720703125
2224,1618,0.78515625
2225,2025,7.2864990234375
2226,2751,-3.552978515625
2227,1445,-4.47900390625
2228,647,-9.826416015625
2229,974,-2.61376953125
2230,1963,3.19287109375
2231,1186,-1.8653564453125
2232,2881,9.513671875
2233,2233,-4.9560546875
2234,8,-1.6234130859375
2235,2407,1.0244140625
2236,3003,-0.43896484375
2237,1424,0.2099609375
2238,1758,-1.1630859375
2239,484,6.267578125
2240,2597,-3.57720947265625
2241,79,4.76708984375
2242,1713,1.318359375
2243,702,5.10675048828125
2244,2915,-6.453125
2245,2353,-4.638671875
2246,388,4.4957275390625
2247,3094,7.10986328125
2248,2997,0.708984375
2249,314,3.3974609375
2250,2652,8.38134765625
2251,2985,-1.697265625
2252,2994,1.8157958984375
2253,995,-3.002685546875
2254,380,0.2381591796875
2255,1078,6.128173828125
2256,2739,-2.9002685546875
2257,2614,0.38671875
2258,2084,-0.5555419921875
2259,2205,-0.099365234375
2260,2094,4.7978515625
2261,2159,-2.54638671875
2262,1410,-2.714111328125
2263,3054,-1.8763427734375
2264,717,3.6458740234375
2265,1789,-2.75567626953125
2266,2787,-1.1904296875
2267,805,4.69189453125
2268,3056,6.4658203125
2269,2759,-2.6844482421875
2270,1535,4.0308837890625
2271,3119,4.2032470703125
2272,66,-3.55224609375
2273,2945,-1.2003173828125
2274,2068,-1.7064208984375
2275,1028,-0.02783203125
2276,2121,2.4925537109375
2277,1632,-2.28759765625
2278,1896,3.1407470703125
2279,578,2.9296875
2280,897,4.42333984375
2281,892,1.226318359375
2282,552,-2.638671875
2283,315,1.73095703125
2284,1734,-1.930908203125
2285,294,8.74658203125
2286,2511,-4.2138671875
2287,17,1.699951171875
2288,216,3.09375
2289,1104,-4.14599609375
2290,175,6.20458984375
2291,638,-1.11767578125
2292,1561,1.5712890625
2293,563,-2.2392578125
2294,2665,-1.2587890625
2295,2620,-8.74169921875
2296,2163,-1.543212890625
2297,1446,-7.4171142578125
2298,3098,-2.9090576171875
2299,2677,4.0830078125
2300,919,-3.68310546875
2301,2413,0.732421875
2302,1812,3.58074951171875
2303,2688,-2.237060546875
2304,2029,-10.5224609375
2305,3109,4.9205322265625
2306,91,8.30615234375
2307,448,1.97705078125
2308,2448,0.989013671875
2309,654,7.75
2310,1453,3.042724609375
2311,1966,-1.083251953125
2312,521,-8.30810546875
2313,961,-3.9205322265625
2314,604,2.458740234375
2315,2190,-2.051025390625
2316,2272,-0.52093505859375
2317,2522,-1.5732421875
2318,879,4.281982421875
2319,864,-0.68902587890625
2320,2223,5.41455078125
2321,1705,-0.2489013671875
2322,2544,-0.841796875
2323,1001,-1.036376953125
2324,2527,1.1927490234375
2325,86,2.09808349609375
2326,2434,-6.20166015625
2327,2623,-3.81707763671875
2328,1368,-5.7119140625
2329,2839,0.6109619140625
2330,2689,-5.85107421875
2331,951,-0.8753662109375
2332,2452,-2.0404052734375
2333,2643,3.4000244140625
2334,1782,-0.54931640625
2335,2627,-3.0723876953125
2336,2872,-5.31982421875
2337,3061,-3.34326171875
2338,2983,-1.446533203125
2339,1396,2.2557373046875
2340,2671,-3.83984375
2341,2023,-2.32562255859375
2342,2806,5.693359375
2343,1845,1.1212158203125
2344,1594,-1.2119140625
2345,1746,-4.22607421875
2346,1320,-1.71630859375
2347,362,2.2430419921875
2348,631,2.137451171875
2349,2093,-9.8592529296875
2350,1372,0.09954833984375
2351,2013,2.828369140625
2352,540,0.35205078125
2353,335,-2.08349609375
2354,1109,6.58447265625
2355,2312,-1.173583984375
2356,1522,-0.111328125
2357,1759,5.32958984375
2358,1357,-3.01513671875
2359,3009,4.184814453125
2360,1205,-4.8941650390625
2361,422,3.05340576171875
2362,1220,-4.0496826171875
2363,1595,-2.06640625
2364,147,-3.21185302734375
2365,2307,2.87841796875
2366,264,6.28271484375
2367,501,2.79351806640625
2368,633,-3.61688232421875
2369,2314,-3.3006591796875
2370,1114,3.2529296875
2371,1625,4.84942626953125
2372,2894,2.538330078125
2373,2026,-0.5672607421875
2374,1403,-10.168701171875
2375,2535,-1.583251953125
2376,1267,-8.119873046875
2377,2642,3.7794189453125
2378,524,-3.068359375
2379,2893,2.575439453125
2380,942,4.056640625
2381,2002,7.03466796875
2382,5,-0.08935546875
2383,1589,2.1014404296875
2384,1679,-1.5787353515625
2385,1834,-1.349212646484375
2386,308,1.6787109375
2387,2693,-0.9805908203125
2388,132,0.58587646484375
2389,810,5.7998046875
2390,2828,-7.48681640625
2391,2583,3.705810546875
2392,2449,-6.39111328125
2393,1563,-5.6075439453125
2394,2286,0.9246826171875
2395,2743,2.5621337890625
2396,1894,4.471923828125
2397,1740,1.99169921875
2398,773,-7.22003173828125
2399,1165,0.75341796875
2400,1696,13.00634765625
2401,489,-3.9937744140625
2402,700,4.1806640625
2403,364,-5.7659912109375
2404,254,-1.4169921875
2405,584,0.120361328125
2406,1226,-1.6605224609375
2407,904,-4.83642578125
2408,374,4.51025390625
2409,2442,5.203857421875
2410,2429,-4.38623046875
2411,2969,5.5126953125
2412,2775,2.755126953125
2413,825,-7.64111328125
2414,694,3.78271484375
2415,2621,-6.9326171875
2416,20,5.630615234375
2417,1185,2.16845703125
2418,2645,-0.897705078125
2419,3044,-7.637939453125
2420,1379,-11.9083251953125
2421,1670,-4.99169921875
2422,1393,-0.9140625
2423,2090,2.17626953125
2424,2925,0.882568359375
2425,1754,3.6103515625
2426,3059,-1.5751953125
2427,2196,2.069091796875
2428,1663,-2.356201171875
2429,2044,-3.12017822265625
2430,2632,-2.80712890625
2431,225,-2.011474609375
2432,1526,3.6884765625
2433,2531,5.571533203125
2434,600,-1.1270751953125
2435,541,-4.98291015625
2436,431,-1.33251953125
2437,2517,-2.40087890625
2438,351,-1.938720703125
2439,2356,2.6151123046875
2440,2103,-2.0341796875
2441,651,1.691619873046875
2442,1560,-0.57666015625
2443,3029,-2.53857421875
2444,1176,-0.470458984375
2445,1259,-8.46923828125
2446,199,5.3857421875
2447,1654,-10.401611328125
2448,2635,0.266845703125
2449,2569,0.484375
2450,898,7.9227294921875
2451,250,4.31201171875
2452,2298,-1.43505859375
2453,2710,-1.77685546875
2454,433,-1.267578125
2455,2513,1.6563720703125
2456,934,2.492919921875
2457,2214,5.16796875
2458,2139,-3.538818359375
2459,323,-2.4296875
2460,813,6.09765625
2461,616,4.171142578125
2462,1444,3.835205078125
2463,2818,1.4150390625
2464,1693,-1.40667724609375
2465,36,4.3260498046875
2466,1986,0.639892578125
2467,2293,-0.05419921875
2468,1933,1.8902587890625
2469,895,0.99951171875
2470,758,-2.07177734375
2471,152,-4.46490478515625
2472,405,-4.59375
2473,789,-4.8408203125
2474,230,-0.041015625
2475,2871,7.8974609375
2476,12,3.8067626953125
2477,65,0.642578125
2478,793,-11.8466796875
2479,3005,0.908203125
2480,1887,2.15283203125
2481,1836,-3.7655029296875
2482,2704,-5.343017578125
2483,706,0.9677734375
2484,882,-3.755859375
2485,1774,-2.735107421875
2486,1809,0.331298828125
2487,986,-0.4564208984375
2488,1140,-0.12841796875
2489,1995,2.28204345703125
2490,1975,-7.6259765625
2491,1366,0.00732421875
2492,2883,1.2100830078125
2493,1593,7.14404296875
2494,2733,-0.69854736328125
2495,1280,-7.35009765625
2496,2668,-0.2724609375
2497,732,6.248046875
2498,1178,0.3701171875
2499,1606,1.085693359375
2500,1603,5.91796875
2501,1015,-0.845458984375
2502,1835,-1.3909912109375
2503,1800,-2.269775390625
2504,2011,-3.0771484375
2505,1353,4.120941162109375
2506,1312,2.10870361328125
2507,2366,2.014892578125
2508,81,-0.15625
2509,1664,-2.63134765625
2510,3053,0.024658203125
2511,118,4.70849609375
2512,2059,3.2891845703125
2513,713,0.398193359375
2514,2042,1.209716796875
2515,1288,2.3876953125
2516,2600,-0.703857421875
2517,2213,-0.5606689453125
2518,165,-4.6788330078125
2519,844,3.18359375
2520,2836,-0.64892578125
2521,430,4.119873046875
2522,455,6.890625
2523,2192,4.01904296875
2524,515,-6.7578125
2525,641,-0.46875
2526,2290,-1.6798095703125
2527,1600,2.05126953125
2528,1462,0.7891845703125
2529,640,-1.2581787109375
2530,1297,-2.9903564453125
2531,2111,4.2001953125
2532,1590,4.4248046875
2533,963,-0.90185546875
2534,1524,-3.7158203125
2535,1829,-6.9970703125
2536,2717,-4.78369140625
2537,1450,4.909912109375
2538,2274,-5.392578125
2539,2827,-0.50799560546875
2540,1213,-0.74169921875
2541,1200,-0.269287109375
2542,2996,1.87451171875
2543,2201,-6.095703125
2544,1266,0.3779296875
2545,2024,-7.1064453125
2546,57,-0.29443359375
2547,2885,4.29833984375
2548,1455,1.1689453125
2549,1318,-1.98858642578125
2550,677,-3.5201416015625
2551,738,-5.7783203125
2552,2211,-4.45599365234375
2553,2227,7.5849609375
2554,806,1.6641845703125
2555,2582,2.86865234375
2556,2230,-0.54345703125
2557,1133,-2.106201171875
2558,2679,3.5001220703125
2559,2852,-2.98406982421875
2560,1187,-1.9716796875
2561,1621,0.318359375
2562,2297,-6.714111328125
2563,2027,2.30712890625
2564,1325,4.55621337890625
2565,2807,5.46875
2566,1268,2.1939697265625
2567,618,-1.9176025390625
2568,2868,-1.002197265625
2569,1808,-4.6883544921875
2570,2401,-1.052001953125
2571,2944,2.24951171875
2572,753,-1.44189453125
2573,139,2.2601318359375
2574,2861,-8.806640625
2575,1101,-1.321044921875
2576,1035,-2.9345703125
2577,1892,-2.74658203125
2578,2518,10.94873046875
2579,2057,3.418212890625
2580,2602,2.5419921875
2581,2503,7.1849365234375
2582,1195,-2.697265625
2583,190,9.83935546875
2584,2958,-3.0743408203125
2585,1515,-2.6318359375
2586,2015,2.171875
2587,1415,8.052734375
2588,2669,-5.1624755859375
2589,287,3.5965576171875
2590,162,7.51025390625
2591,75,-2.034912109375
2592,312,-5.85498046875
2593,2481,-8.77587890625
2594,1224,2.40869140625
2595,1004,2.676513671875
2596,1856,2.25677490234375
2597,1884,6.72802734375
2598,435,2.18115234375
2599,469,-0.029296875
2600,2405,-7.1259765625
2601,2365,-6.84136962890625
2602,932,-1.77099609375
2603,907,-2.99560546875
2604,1718,7.835693359375
2605,731,-2.061279296875
2606,1739,2.3955078125
2607,1852,-4.78515625
2608,1157,3.89208984375
2609,2525,5.60394287109375
2610,2779,0.0771484375
2611,2125,-2.13623046875
2612,1977,4.158447265625
2613,752,-2.273681640625
2614,997,1.05517578125
2615,1787,-3.033203125
2616,1345,8.397216796875
2617,1457,-0.3734130859375
2618,1129,-1.2772216796875
2619,2129,0.6590576171875
2620,494,2.8358154296875
2621,1387,-0.404296875
2622,1859,-5.047607421875
2623,1355,-3.7152099609375
2624,620,-1.30419921875
2625,775,1.29736328125
2626,588,2.1553955078125
2627,708,5.5264892578125
2628,1072,2.1845703125
2629,490,-0.3409423828125
2630,3058,2.3681640625
2631,88,6.259765625
2632,2466,-7.238525390625
2633,1912,0.15423583984375
2634,1504,-2.2276611328125
2635,628,8.09967041015625
2636,2884,-5.95166015625
2637,1432,2.3707275390625
2638,746,10.4404296875
2639,340,-4.7451171875
2640,496,1.17578125
2641,2799,4.8642578125
2642,2107,-5.390625
2643,1824,-1.56787109375
2644,2450,-1.0828857421875
2645,798,0.209716796875
2646,2191,0.842041015625
2647,3117,-1.263916015625
2648,61,-5.982421875
2649,2070,2.3927001953125
2650,2918,-2.326171875
2651,2071,1.50665283203125
2652,3103,-4.791015625
2653,2161,3.251953125
2654,748,5.50311279296875
2655,596,2.9208984375
2656,144,-3.12353515625
2657,2810,2.877685546875
2658,2085,1.595947265625
2659,2953,-2.32373046875
2660,34,2.28515625
2661,1023,1.489013671875
2662,329,0.72412109375
2663,881,-4.1260986328125
2664,632,6.92529296875
2665,2047,4.53759765625
2666,1201,5.16552734375
2667,3023,-0.54931640625
2668,108,5.047119140625
2669,622,-7.723388671875
2670,70,-0.6630859375
2671,373,-4.9462890625
2672,1274,1.86474609375
2673,1332,-2.59765625
2674,383,2.18994140625
2675,112,-0.34423828125
2676,791,-1.9937744140625
2677,1902,3.920654296875
2678,183,-3.0419921875
2679,3038,-2.1060791015625
2680,1523,-1.034912109375
2681,1216,-1.3177490234375
2682,1675,-1.924072265625
2683,1102,2.3621826171875
2684,2087,-5.1097412109375
2685,587,-3.05078125
2686,2921,1.74560546875
2687,711,-0.1566162109375
2688,2198,1.2861328125
2689,1257,1.67303466796875
2690,180,-3.84130859375
2691,998,-5.5322265625
2692,2936,-4.346435546875
2693,2146,-1.1563720703125
2694,2585,-0.28955078125
2695,2495,0.7158203125
2696,947,5.81689453125
2697,2329,1.159912109375
2698,3024,-0.366943359375
2699,3100,3.103515625
2700,1248,3.9591064453125
2701,2829,0.95654296875
2702,1738,3.19696044921875
2703,1260,1.629150390625
2704,2322,-4.1826171875
2705,1300,1.8330078125
2706,2982,3.4306640625
2707,2343,-5.66259765625
2708,407,-6.56439208984375
2709,1500,1.9169921875
2710,936,1.4130859375
2711,10,1.9931640625
2712,347,2.16326904296875
2713,267,4.2086181640625
2714,1667,-0.4970703125
2715,1354,-2.3720703125
2716,1062,3.6317138671875
2717,1394,-7.71337890625
2718,581,-0.1494140625
2719,1687,1.6484375
2720,2138,0.740234375
2721,1772,-12.8740234375
2722,1924,1.166015625
2723,2156,-0.663330078125
2724,1967,-3.886474609375
2725,1712,6.83203125
2726,2342,-0.4677734375
2727,1485,1.957763671875
2728,1855,5.7030029296875
2729,1949,-0.34613037109375
2730,772,-1.737548828125
2731,2845,-0.879638671875
2732,2165,-6.13232421875
2733,800,-2.033203125
2734,2395,5.832275390625
2735,63,-3.590576171875
2736,260,1.890625
2737,1837,-7.60400390625
2738,1060,1.8350830078125
2739,2355,-3.40325927734375
2740,1951,-5.64599609375
2741,816,-2.138671875
2742,1214,-0.993408203125
2743,1950,4.6414794921875
2744,2021,1.62060546875
2745,1174,-0.92333984375
2746,2318,2.1298828125
2747,399,-1.9739990234375
2748,280,-0.14794921875
2749,1611,0.51123046875
2750,910,1.3935546875
2751,1716,0.2548828125
2752,1909,-2.2509765625
2753,1686,0.21722412109375
2754,1613,4.76708984375
2755,2605,-10.40234375
2756,1609,-0.28167724609375
2757,770,-0.7041015625
2758,2565,-6.5740966796875
2759,2045,5.18408203125
2760,2955,-0.9747314453125
2761,691,-7.781005859375
2762,804,-0.8609619140625
2763,2076,-1.75146484375
2764,2521,0.5084228515625
2765,1116,-13.98779296875
2766,2553,1.4114990234375
2767,1234,-0.29736328125
2768,2334,-0.90545654296875
2769,2330,-8.98431396484375
2770,664,-2.5673828125
2771,64,1.46923828125
2772,1857,-5.6505126953125
2773,2758,9.5439453125
2774,1401,2.860107421875
2775,1922,0.2161865234375
2776,2730,1.61376953125
2777,1659,-1.90966796875
2778,884,-9.166015625
2779,3088,-4.88372802734375
2780,780,-1.1650390625
2781,2275,4.57177734375
2782,682,2.731201171875
2783,1330,0.2630615234375
2784,1893,-2.915283203125
2785,826,6.755859375
2786,794,-2.4168701171875
2787,1940,-3.38525390625
2788,1292,-0.3641357421875
2789,872,1.10504150390625
2790,1574,-1.3427734375
2791,439,2.3251953125
2792,1513,1.75933837890625
2793,299,0.4930419921875
2794,124,-1.35260009765625
2795,121,-3.6826171875
2796,504,-8.409912109375
2797,1799,8.0589599609375
2798,570,-6.80615234375
2799,453,-2.5220947265625
2800,972,-2.2265625
2801,1019,0.1923828125
2802,869,-7.0751953125
2803,3082,0.28363037109375
2804,739,-2.872802734375
2805,3041,4.927001953125
2806,130,2.9500732421875
2807,512,-0.6533203125
2808,1623,7.1337890625
2809,1013,1.4583740234375
2810,1383,3.2998046875
2811,1376,1.8515625
2812,301,0.470947265625
2813,479,-10.5009765625
2814,1583,1.948974609375
2815,1741,3.904296875
2816,2305,1.5380859375
2817,131,-4.6705322265625
2818,1677,7.304931640625
2819,1983,0.68994140625
2820,710,-1.712615966796875
2821,873,-1.94140625
2822,2566,-2.50732421875
2823,252,-0.86328125
2824,877,-0.2158203125
2825,117,1.3076171875
2826,926,5.528564453125
2827,937,-3.033935546875
2828,1402,-1.08074951171875
2829,1237,-4.91455078125
2830,1491,-1.458984375
2831,1246,0.1688232421875
2832,1047,-1.880859375
2833,1479,-8.442779541015625
2834,1032,4.216796875
2835,551,-3.00286865234375
2836,142,0.013916015625
2837,2803,4.4208984375
2838,22,4.982666015625
2839,2832,4.4755859375
2840,1079,-6.712158203125
2841,822,-1.4130859375
2842,2496,1.60302734375
2843,2673,-6.0888671875
2844,549,-2.6131591796875
2845,655,5.05810546875
2846,208,-3.277099609375
2847,293,0.3858642578125
2848,613,-2.57275390625
2849,1058,7.66015625
2850,2035,-2.838623046875
2851,2362,2.94580078125
2852,2369,-2.474609375
2853,42,1.211669921875
2854,3112,2.34619140625
2855,1969,1.013671875
2856,395,5.9453125
2857,2538,-2.3837890625
2858,1400,-0.2711181640625
2859,1235,4.47314453125
2860,944,-0.298095703125
2861,1913,-1.6087646484375
2862,2476,-3.3143310546875
2863,1755,4.5135498046875
2864,2580,0.09375
2865,506,5.69677734375
2866,406,-2.205810546875
2867,1449,0.74755859375
2868,446,12.6904296875
2869,181,0.1572265625
2870,2954,1.24072265625
2871,1742,-1.447265625
2872,1668,0.822265625
2873,598,-1.791015625
2874,975,-0.153564453125
2875,2667,-1.63134765625
2876,2350,-1.57421875
2877,1361,-5.3017578125
2878,1409,-1.3447265625
2879,1336,0.264404296875
2880,1571,7.11962890625
2881,2929,0.0087890625
2882,1946,-2.27099609375
2883,2291,-1.841552734375
2884,155,-0.56591796875
2885,1578,-0.2587890625
2886,1293,3.7783203125
2887,1399,-7.3087158203125
2888,1999,1.37451171875
2889,3105,-2.62890625
2890,554,1.54278564453125
2891,2576,0.7159423828125
2892,2501,-4.97265625
2893,189,-2.4423828125
2894,2134,-0.166015625
2895,1517,1.0762939453125
2896,276,-3.7548828125
2897,3014,-9.9130859375
2898,387,-0.984375
2899,1998,3.94580078125
2900,2152,-0.9644775390625
2901,156,2.52587890625
2902,861,0.5926513671875
2903,157,4.584716796875
2904,2514,2.085205078125
2905,688,1.1796875
2906,467,9.79345703125
2907,1954,-0.4813232421875
2908,523,6.67822265625
2909,1317,-1.2857666015625
2910,197,0.4716796875
2911,1944,-6.281005859375
2912,1641,-4.10693359375
2913,2859,-1.15185546875
2914,2374,-5.35546875
2915,924,-3.776123046875
2916,256,0.3470458984375
2917,1861,-1.1173095703125
2918,3070,5.271484375
2919,3022,-3.7342529296875
2920,239,-4.99560546875
2921,1555,2.29473876953125
2922,1731,-4.397705078125
2923,980,8.3701171875
2924,2783,-2.263671875
2925,1991,10.014404296875
2926,1905,-0.41064453125
2927,2547,3.09375
2928,2283,0.84521484375
2929,137,3.83544921875
2930,1709,-1.365966796875
2931,2043,2.520294189453125
2932,1009,4.06103515625
2933,2811,4.718017578125
2934,2122,-7.30426025390625
2935,2626,-7.27685546875
2936,2018,0.62646484375
2937,1388,-7.355712890625
2938,3106,3.59130859375
2939,783,-5.13525390625
2940,2003,-2.29248046875
2941,2641,-2.653533935546875
2942,1747,-3.1763916015625
2943,670,0.3807373046875
2944,1108,-0.40673828125
2945,1976,-0.131103515625
2946,1153,-5.7666015625
2947,2110,-4.0081787109375
2948,642,-1.9383544921875
2949,85,-1.7728271484375
2950,3045,6.1707763671875
2951,959,-5.07086181640625
2952,728,2.41015625
2953,1022,-3.173828125
2954,1245,4.466796875
2955,342,1.4583740234375
2956,1249,-1.240234375
2957,945,0.08544921875
2958,3065,-2.47265625
2959,1501,7.90185546875
2960,1106,-7.48876953125
2961,483,-2.093017578125
2962,2754,-1.6708984375
2963,1233,0.8681640625
2964,303,5.5489501953125
2965,561,-0.508056640625
2966,236,-0.86962890625
2967,2032,-1.99755859375
2968,833,-1.38427734375
2969,2708,0.24072265625
2970,283,5.41748046875
2971,849,-0.4100341796875
2972,1631,1.007568359375
2973,218,3.94140625
2974,529,4.984375
2975,2269,-2.0576171875
2976,680,-1.6524658203125
2977,723,2.984375
2978,1604,7.6337890625
2979,2091,2.21923828125
2980,1408,-1.64013671875
2981,1284,5.26513671875
2982,1426,-0.3050537109375
2983,310,-2.60400390625
2984,1486,-7.95703125
2985,948,-3.1611328125
2986,2158,3.3253173828125
2987,2066,-1.9029541015625
2988,1674,0.9248046875
2989,502,1.7034912109375
2990,3037,8.1328125
2991,1499,-0.6201171875
2992,228,-1.228759765625
2993,3090,-8.59423828125
2994,1992,1.1533203125
2995,928,-4.5626220703125
2996,2766,-7.19586181640625
2997,1272,-1.220703125
2998,1046,2.14599609375
2999,100,-0.2633056640625
3000,2468,-3.8759765625
3001,2338,1.75860595703125
3002,2598,4.593505859375
3003,1775,-2.546875
3004,2388,-0.745849609375
3005,2487,5.5791015625
3006,901,-3.44287109375
3007,2568,-4.22412109375
3008,1198,-0.002197265625
3009,159,-4.76318359375
3010,660,6.8626708984375
3011,2581,-4.342041015625
3012,1729,-2.68505859375
3013,1753,-1.06591796875
3014,1656,6.17529296875
3015,3060,8.14501953125
3016,2767,3.5877685546875
3017,163,1.86767578125
3018,525,2.45703125
3019,1070,0.9833984375
3020,2264,14.0556640625
3021,2185,-1.931884765625
3022,2498,-0.74169921875
3023,451,1.67645263671875
3024,1519,1.546875
3025,2440,-1.7265625
3026,603,4.5966796875
3027,2295,8.529296875
3028,1959,6.591796875
3029,2559,-0.06298828125
3030,1842,2.23828125
3031,1733,-0.484130859375
3032,3013,1.09716796875
3033,1796,-0.11962890625
3034,125,-2.5838623046875
3035,2258,3.276123046875
3036,1551,-1.8369140625
3037,1832,4.263427734375
3038,150,-8.464599609375
3039,1688,-1.163818359375
3040,1596,4.724609375
3041,2796,1.498046875
3042,764,7.720458984375
3043,269,-3.2080078125
3044,1230,2.3359375
3045,2713,-6.8294677734375
3046,1612,-2.291748046875
3047,2054,2.1785888671875
3048,2908,-2.88134765625
3049,605,-2.191162109375
3050,1608,-7.283203125
3051,2572,-6.65283203125
3052,1155,6.89483642578125
3053,1067,-0.83056640625
3054,992,-1.8060302734375
3055,862,-4.28662109375
3056,1818,-1.54736328125
3057,40,-1.3660888671875
3058,1014,3.9248046875
3059,2142,-6.67529296875
3060,2826,2.40478515625
3061,1349,-2.71270751953125
3062,1261,2.61572265625
3063,1081,-1.46533203125
3064,76,3.91033935546875
3065,2729,8.767578125
3066,2731,3.544921875
3067,1050,0.37939453125
3068,1694,2.0198974609375
3069,1588,-10.4052734375
3070,1208,-1.92822265625
3071,2808,1.10205078125
3072,1788,9.932861328125
3073,2695,-1.470947265625
3074,291,3.5714111328125
3075,1076,-1.94921875
3076,1063,1.42333984375
3077,214,-1.98809814453125
3078,2281,-0.1121826171875
3079,2928,-2.90625
3080,2692,0.837890625
3081,821,5.72607421875
3082,488,3.4530029296875
3083,2549,0.39581298828125
3084,981,-7.744140625
3085,1779,-1.7919921875
3086,2805,-2.07080078125
3087,1295,-3.681640625
3088,1193,4.361083984375
3089,210,0.55517578125
3090,802,-1.909423828125
3091,930,-1.345703125
3092,1984,-9.747314453125
3093,1973,-0.19580078125
3094,2470,0.31396484375
3095,209,1.3154296875
3096,1897,-4.8876953125
3097,1487,-1.716796875
3098,2755,-0.28662109375
3099,1901,0.201904296875
3100,2594,-4.26043701171875
3101,424,-0.401611328125
3102,2862,-4.594482421875
3103,2821,6.60107421875
3104,1290,-0.58544921875
3105,2963,2.6134033203125
3106,2850,-1.64501953125
3107,1853,-1.966064453125
3108,1508,-2.4530029296875
3109,2195,-2.42626953125
3110,778,0.46044921875
3111,304,1.41796875
3112,471,-0.2886962890625
3113,1135,-3.39862060546875
3114,1197,4.3173828125
3115,2858,-1.03466796875
3116,2171,-1.8046875
3117,2082,4.01904296875
3118,2558,-0.43896484375
3119,2064,-3.51123046875
