,Record,Field,Value,idx,Predval,Rho,Sigma,Fold
0,50_50,Ag,28.31,0,28.52916049548516,0.2781226571732908,0.7066803451080715,1.0
1,50_51,Ag,31.061972028110176,1,29.494133363924664,0.3114759013075784,3.2442943240890325,2.0
2,50_52,Ag,28.33554253494367,2,29.27563595382242,0.4283747788545867,2.1479369746271995,3.0
3,50_53,Ag,27.90674464358017,3,29.409538270353313,0.3114759013075784,2.9726999785354287,2.0
4,50_54,Ag,30.929937268141657,4,29.543262729906623,0.2781226571732908,4.3529213408195515,1.0
5,50_55,Ag,29.644691239576787,5,30.39453244333728,0.40767300729892664,4.952227854700564,5.0
6,50_56,Ag,27.854641462676227,6,29.023633410679825,0.2781226571732908,2.4845754659883985,1.0
7,50_57,Ag,30.404006073251367,7,29.266312262578246,0.3114759013075784,2.5128698370259133,2.0
8,50_58,Ag,28.83,8,29.583948008618925,0.40767300729892664,2.963907754508129,5.0
9,50_59,Ag,27.892403992824256,9,28.458524820003678,0.40767300729892664,0.2033050938810801,5.0
10,50_60,Ag,29.447347400709987,10,28.75142583279154,0.3114759013075784,0.8598160128770513,2.0
11,50_61,Ag,29.07,11,28.83997210254833,0.4283747788545867,1.1309213313650262,3.0
12,50_62,Ag,27.707180802710354,12,28.406833078686326,0.3114759013075784,-0.24650634676172456,2.0
13,50_63,Ag,29.72989968862385,13,28.09685314631357,0.4283747788545867,-0.603818884251206,3.0
14,50_64,Ag,31.31810937775299,14,26.188888251131367,0.4197030573487236,-4.94857086204066,4.0
15,50_65,Ag,30.920020446181297,15,26.164356469165902,0.2781226571732908,-7.796057440996903,1.0
16,50_66,Ag,30.032394747249786,16,31.87501098746079,0.40767300729892664,8.583762240390099,5.0
17,51_51,Ag,30.56083793146536,17,30.048805388057918,0.40767300729892664,4.104177949287389,5.0
18,51_52,Ag,28.705375735182315,18,28.502699626400414,0.4197030573487236,0.5644015472752574,4.0
19,51_53,Ag,29.283312634564936,19,28.90260449663907,0.2781226571732908,2.0494116599510357,1.0
20,51_54,Ag,30.003312775399536,20,30.3825604852699,0.4283747788545867,4.731946552425492,3.0
21,51_55,Ag,29.79626737441868,21,29.579171740262137,0.2781226571732908,4.482033476883823,1.0
22,51_56,Ag,29.014627913944423,22,29.232371856507,0.4197030573487236,2.3029455424416154,4.0
23,51_57,Ag,27.160065110307187,23,28.061960485965674,0.40767300729892664,-0.7694459270056703,5.0
24,51_58,Ag,28.27614943496883,24,28.33751461763736,0.40767300729892664,-0.09352643580022084,5.0
25,51_59,Ag,28.430830968543887,25,28.58824534791341,0.3114759013075784,0.33592159859620974,2.0
26,51_60,Ag,27.864974406082183,26,27.710384725730314,0.40767300729892664,-1.6318423916741502,5.0
27,51_61,Ag,28.203192498069257,27,28.14622571727463,0.2781226571732908,-0.6701753994130777,1.0
28,51_62,Ag,28.274027560837567,28,28.213864387142355,0.2781226571732908,-0.4269781333033238,1.0
29,51_63,Ag,27.70179650979117,29,29.038016707003223,0.4197030573487236,1.83986778758435,4.0
30,51_64,Ag,24.90470234490931,30,26.40789227605089,0.4283747788545867,-4.546536694993288,3.0
31,51_65,Ag,25.126736719161272,31,17.098488370979815,0.40767300729892664,-27.662254424740922,5.0
32,51_66,Ag,31.9231945136562,32,30.65232471940304,0.2781226571732908,8.340593545480637,1.0
33,52_52,Ag,30.97676855046302,33,30.65750647462787,0.3114759013075784,6.979328417639624,2.0
34,52_53,Ag,28.1079221139662,34,29.403997383000814,0.2781226571732908,3.8521877856276197,1.0
35,52_54,Ag,31.086539575830106,35,30.35656311069635,0.4197030573487236,4.981485130146551,4.0
36,52_55,Ag,28.664619399234653,36,29.66640480685194,0.3114759013075784,3.797375452369192,2.0
37,52_56,Ag,26.89345233142376,37,29.14717481104448,0.3114759013075784,2.1303765172100686,2.0
38,52_57,Ag,30.24620644096285,38,29.48141954905784,0.2781226571732908,4.130561963567342,1.0
39,52_58,Ag,28.839790127705783,39,28.89727482637246,0.3114759013075784,1.3280673060546073,2.0
40,52_59,Ag,29.63762218970805,40,29.31904945764771,0.2781226571732908,3.5467544699226936,1.0
41,52_60,Ag,29.59691357566044,41,28.32000177628429,0.3114759013075784,-0.5252800882856069,2.0
42,52_61,Ag,27.289824273902923,42,28.832999473803692,0.3114759013075784,1.1217099207835892,2.0
43,52_62,Ag,27.712847241666168,43,28.42789507421901,0.2781226571732908,0.3425768869599065,1.0
44,52_63,Ag,28.66397380270064,44,27.60628300119717,0.4283747788545867,-1.7490080254702933,3.0
45,52_64,Ag,29.234317208174616,45,27.33334003247444,0.4197030573487236,-2.221757794314615,4.0
46,52_65,Ag,29.92669414542616,46,26.870187900360985,0.3114759013075784,-5.1799383454315775,2.0
47,52_66,Ag,27.45836869068444,47,31.82168053854865,0.40767300729892664,8.452945512381827,5.0
48,53_53,Ag,29.97968762787059,48,29.615563571987252,0.4197030573487236,3.2159522712962643,4.0
49,53_54,Ag,30.981772972270846,49,29.963718682830933,0.2781226571732908,5.864685816240682,1.0
50,53_55,Ag,31.54915662575513,50,29.710732269624003,0.4197030573487236,3.442704723942031,4.0
51,53_56,Ag,28.82130908826366,51,28.530328559569217,0.3114759013075784,0.14997851888745442,2.0
52,53_57,Ag,28.69168044719845,52,28.229312815262826,0.2781226571732908,-0.37143275531260705,1.0
53,53_58,Ag,27.8107354757376,53,28.44976432398981,0.3114759013075784,-0.10867467142741827,2.0
54,53_59,Ag,27.531401575542983,54,29.3760812611343,0.3114759013075784,2.865285539477508,2.0
55,53_60,Ag,27.59930239478126,55,26.95571189739529,0.40767300729892664,-3.4830143231571165,5.0
56,53_61,Ag,29.16785024851561,56,28.76697719798674,0.4283747788545867,0.960521699629542,3.0
57,53_62,Ag,28.827348691876978,57,28.772743720377512,0.40767300729892664,0.974067186901958,5.0
58,53_63,Ag,27.206429877784103,58,28.63128681807163,0.3114759013075784,0.47410715316891405,2.0
59,53_64,Ag,31.41851048823446,59,26.4805086226302,0.4197030573487236,-4.253745398197229,4.0
60,53_65,Ag,29.88666189229116,60,26.782953697196803,0.3114759013075784,-5.46000560841396,2.0
61,53_66,Ag,30.79684538487345,61,31.246622353461387,0.3114759013075784,8.870697465326472,2.0
62,54_54,Ag,29.64303434081376,62,30.2583394418228,0.3114759013075784,5.697794176533453,2.0
63,54_55,Ag,29.357573312707245,63,29.876742729986578,0.4197030573487236,3.838247375957169,4.0
64,54_56,Ag,28.8356307791546,64,29.496844985083445,0.4283747788545867,2.6643283267336564,3.0
65,54_57,Ag,26.43330790940672,65,28.171906372874698,0.2781226571732908,-0.5778396801262147,1.0
66,54_58,Ag,27.73271940788254,66,29.576125271226935,0.40767300729892664,2.9447189996680194,5.0
67,54_59,Ag,28.25510920677334,67,28.647607955218707,0.4197030573487236,0.9096654815760475,4.0
68,54_60,Ag,27.457210313528776,68,27.586858043700705,0.2781226571732908,-2.6814019541248557,1.0
69,54_61,Ag,27.84934597881511,69,28.337951457972974,0.4283747788545867,-0.04099790701238015,3.0
70,54_62,Ag,27.832112616859376,70,28.567786100793793,0.4197030573487236,0.7194789841767883,4.0
71,54_63,Ag,27.05807577632368,71,27.666069972984317,0.3114759013075784,-2.6247420388081304,2.0
72,54_64,Ag,24.74049535859376,72,26.73627005575217,0.3114759013075784,-5.609884431297705,2.0
73,54_65,Ag,24.43222190439701,73,26.007040139093704,0.3114759013075784,-7.951092574839948,2.0
74,54_66,Ag,31.841177661903203,74,31.92687050043592,0.3114759013075784,11.054648596437568,2.0
75,55_55,Ag,29.58390738908201,75,30.15558831338365,0.3114759013075784,5.367909495221668,2.0
76,55_56,Ag,27.730718936305493,76,29.874489129111268,0.4283747788545867,3.5459025058615445,3.0
77,55_57,Ag,30.353868042118847,77,28.32914252571093,0.4283747788545867,-0.06156151788974401,3.0
78,55_58,Ag,28.13501078169793,78,29.1528933645274,0.3114759013075784,2.148736054686051,2.0
79,55_59,Ag,27.76414919178933,79,28.858169437303072,0.4197030573487236,1.4113570427824114,4.0
80,55_60,Ag,27.333401045762,80,28.538480214038177,0.2781226571732908,0.7401897277946057,1.0
81,55_61,Ag,27.720972720067948,81,28.919305495770736,0.3114759013075784,1.398797238308727,2.0
82,55_62,Ag,27.50015578884632,82,29.05875670632947,0.40767300729892664,1.675641686148199,5.0
83,55_63,Ag,29.37660824228078,83,28.219568763054593,0.2781226571732908,-0.40646784489238474,1.0
84,55_64,Ag,31.1551719349809,84,26.028855782349556,0.4283747788545867,-5.431361181427394,3.0
85,55_65,Ag,30.87228931579739,85,26.69155180860015,0.2781226571732908,-5.900507668848114,1.0
86,55_66,Ag,32.28744557267055,86,33.541683865950596,0.40767300729892664,12.672021331990239,5.0
87,56_56,Ag,28.306268628686663,87,28.83458867367223,0.2781226571732908,1.804858326331537,1.0
88,56_57,Ag,28.76615167176351,88,28.439261384745695,0.4283747788545867,0.19550043923388605,3.0
89,56_58,Ag,27.901818254962564,89,29.146289991092655,0.4197030573487236,2.0978437117374793,4.0
90,56_59,Ag,26.94648201717064,90,28.383527307414404,0.40767300729892664,0.01934022192113478,5.0
91,56_60,Ag,26.112471868284047,91,27.682256295409836,0.2781226571732908,-2.3383941147826213,1.0
92,56_61,Ag,25.753530266229063,92,28.062499722914584,0.40767300729892664,-0.7681232077202248,5.0
93,56_62,Ag,26.902597442734987,93,28.49501779651166,0.2781226571732908,0.5839190450381365,1.0
94,56_63,Ag,27.989016419276595,94,27.591310428946954,0.3114759013075784,-2.864759143577784,2.0
95,56_64,Ag,31.30930803809315,95,26.379547093968007,0.4197030573487236,-4.494300063917251,4.0
96,56_65,Ag,29.946045723278075,96,25.092875051888978,0.4197030573487236,-7.559972375686843,4.0
97,56_66,Ag,32.00328070484102,97,30.563306721328892,0.3114759013075784,6.676898107931787,2.0
98,57_57,Ag,23.680347881745547,98,26.128405105034673,0.3114759013075784,-7.5614477726851845,2.0
99,57_58,Ag,25.15574386296793,99,27.12715240807331,0.2781226571732908,-4.334290072984459,1.0
100,57_59,Ag,25.3617274351418,100,27.677650663460618,0.3114759013075784,-2.587561985944704,2.0
101,57_60,Ag,23.98993982188404,101,25.220979861508496,0.40767300729892664,-7.738218873932782,5.0
102,57_61,Ag,25.00372512079776,102,27.943726832695877,0.4283747788545867,-0.9612776357377658,3.0
103,57_62,Ag,25.291408154182136,103,27.392048101793645,0.4197030573487236,-2.0818777808354083,4.0
104,57_63,Ag,25.00545094301924,104,26.82810280465208,0.2781226571732908,-5.409533659611428,1.0
105,57_64,Ag,22.431126366835088,105,24.621943500857572,0.40767300729892664,-9.207622905904119,5.0
106,57_65,Ag,22.0458661261946,106,23.978950803576943,0.4283747788545867,-10.216668533680409,3.0
107,57_66,Ag,28.12758439965546,107,28.809491233074375,0.2781226571732908,1.7146195775257567,1.0
108,58_58,Ag,27.25,108,28.173450794789805,0.2781226571732908,-0.5722866556772079,1.0
109,58_59,Ag,28.06680233217776,109,28.348379373018762,0.3114759013075784,-0.4341732109466422,2.0
110,58_60,Ag,26.46476042456925,110,28.551193280172935,0.3114759013075784,0.2169651477602669,2.0
111,58_61,Ag,28.74,111,28.83867580697577,0.4283747788545867,1.127895253181742,3.0
112,58_62,Ag,28.674801114480942,112,28.10579262031658,0.4197030573487236,-0.3812837393440637,4.0
113,58_63,Ag,27.98993700789288,113,27.51901712132976,0.3114759013075784,-3.0968583439130524,2.0
114,58_64,Ag,31.783312576822937,114,26.643098110032913,0.2781226571732908,-6.074724681800948,1.0
115,58_65,Ag,31.87009701086208,115,25.981636714838075,0.2781226571732908,-8.45303287832698,1.0
116,58_66,Ag,29.96764526842162,116,30.60186359050606,0.3114759013075784,6.800685755757215,2.0
117,59_59,Ag,28.042529304511845,117,26.9264491090846,0.4197030573487236,-3.191231130916402,4.0
118,59_60,Ag,28.05997309088707,118,26.651617271147703,0.2781226571732908,-6.0440937321279655,1.0
119,59_61,Ag,27.426088307984173,119,27.169505050050393,0.3114759013075784,-4.218974275874761,2.0
120,59_62,Ag,28.175131362862885,120,27.18838256877285,0.4283747788545867,-2.724556664308753,3.0
121,59_63,Ag,26.27046316768974,121,26.512476792194413,0.40767300729892664,-4.570246240073983,5.0
122,59_64,Ag,31.12647999776528,122,27.02495822564494,0.40767300729892664,-3.3131567976161236,5.0
123,59_65,Ag,30.256372625939548,123,26.26756230529866,0.4197030573487236,-4.761119155912329,4.0
124,59_66,Ag,28.42163448221981,124,30.007651041489094,0.3114759013075784,4.892953740142334,2.0
125,60_60,Ag,24.100390393752605,125,25.00734624506969,0.3114759013075784,-11.160631065064367,2.0
126,60_61,Ag,24.42320081917569,126,25.603511614814177,0.2781226571732908,-9.812595252234184,1.0
127,60_62,Ag,23.86595678143204,127,26.699687369669707,0.4283747788545867,-3.865368923167324,3.0
128,60_63,Ag,24.66067391913384,128,26.192994089502992,0.4197030573487236,-4.9387881399476585,4.0
129,60_64,Ag,24.02903095446527,129,25.27506706855558,0.40767300729892664,-7.605545858847873,5.0
130,60_65,Ag,23.270165666937828,130,20.706551772877663,0.4283747788545867,-17.855771469313574,3.0
131,60_66,Ag,28.841156454291195,131,28.9039345826494,0.4283747788545867,1.2802356310352692,3.0
132,61_61,Ag,26.69,132,27.64195949319998,0.3114759013075784,-2.7021492465026022,2.0
133,61_62,Ag,27.146390434820205,133,27.382571061418552,0.4283747788545867,-2.271242178416438,3.0
134,61_63,Ag,24.174014376476407,134,25.72778700762142,0.4197030573487236,-6.047207708821662,4.0
135,61_64,Ag,29.35596128320321,135,24.456169182049095,0.4197030573487236,-9.077011288536257,4.0
136,61_65,Ag,27.82331464067101,136,25.2912129676242,0.40767300729892664,-7.565940835263898,5.0
137,61_66,Ag,29.92293610516936,137,29.820770473428848,0.2781226571732908,5.350710396708356,1.0
138,62_62,Ag,25.214938380289823,138,27.426166365817732,0.4197030573487236,-2.0005863453152175,4.0
139,62_63,Ag,24.96222245926037,139,27.362905189726725,0.2781226571732908,-3.486632481727794,1.0
140,62_64,Ag,30.14968833141029,140,26.078766720136738,0.40767300729892664,-5.634113762064859,5.0
141,62_65,Ag,28.493758943863213,141,25.807167903910727,0.3114759013075784,-8.592786633172917,2.0
142,62_66,Ag,26.949412702582777,142,29.545188275796853,0.40767300729892664,2.8688322108049094,5.0
143,63_63,Ag,29.00894490955397,143,25.724041394644843,0.4283747788545867,-6.142921251606461,3.0
144,63_64,Ag,30.707169188186526,144,24.240760689682016,0.4283747788545867,-9.605498364406872,3.0
145,63_65,Ag,29.33019974455237,145,23.313961675478694,0.40767300729892664,-12.4160321014136,5.0
146,63_66,Ag,27.600223046261817,146,29.620031382557787,0.3114759013075784,3.6484925882391743,2.0
147,64_64,Ag,21.72261430416256,147,23.37718941819996,0.2781226571732908,-17.817416647375143,1.0
148,64_65,Ag,20.2627425538376,148,22.7645460001208,0.3114759013075784,-18.361188910899624,2.0
149,64_66,Ag,26.07397632906213,149,27.284532164342135,0.3114759013075784,-3.8496772811189692,2.0
150,65_65,Ag,19.776279654353857,150,23.357702448789382,0.3114759013075784,-16.45684752789532,2.0
151,65_66,Ag,25.49393473705277,151,26.403547850904232,0.2781226571732908,-6.9360362396702655,1.0
152,66_66,Ag,34.93405163893476,152,33.46984300269345,0.40767300729892664,12.495799551369695,5.0
153,50_50,Au,6.73,153,6.730304826047275,0.3018849358574698,0.7066803451080715,1.0
154,50_51,Au,6.762439691927284,154,7.911503653819424,0.34480084897217156,4.316119725417698,5.0
155,50_52,Au,8.051846356131136,155,7.194290164219126,0.2864966302343771,2.2880431343827734,2.0
156,50_53,Au,7.656239232048392,156,7.008243094875124,0.31788331919434737,1.11339028508811,4.0
157,50_54,Au,6.425381168723106,157,7.831050055158512,0.3018849358574698,4.3529213408195515,1.0
158,50_55,Au,7.172757484018803,158,8.130834276834257,0.34480084897217156,4.952227854700564,5.0
159,50_56,Au,6.935482874512672,159,7.011057435849793,0.34480084897217156,1.7046232031388193,5.0
160,50_57,Au,8.219866612460464,160,7.1623153720410215,0.34480084897217156,2.143305232612116,5.0
161,50_58,Au,7.23,161,7.810584880012613,0.4198105498583979,3.0883315192854583,3.0
162,50_59,Au,6.303599065169692,162,6.4934016772004295,0.34480084897217156,0.2033050938810801,5.0
163,50_60,Au,5.551155854016542,163,6.287609746074117,0.3018849358574698,-0.759756125846442,1.0
164,50_61,Au,7.38,164,7.168970862801214,0.34480084897217156,2.162607652487337,5.0
165,50_62,Au,6.860629452392459,165,6.481283249816156,0.4198105498583979,-0.07810065028443836,3.0
166,50_63,Au,7.925382030662149,166,6.360355382096775,0.2864966302343771,-0.6227582298082331,2.0
167,50_64,Au,7.169726125430316,167,5.305225593484193,0.34480084897217156,-3.242672743059026,5.0
168,50_65,Au,6.618745581712574,168,5.033678057174106,0.31788331919434737,-5.098212899078368,4.0
169,50_66,Au,9.02841180888936,169,9.38299041609164,0.34480084897217156,8.583762240390099,5.0
170,51_51,Au,8.580344097688794,170,6.695510014736154,0.3018849358574698,0.5914218238032891,1.0
171,51_52,Au,6.11313921911642,171,7.9378968872540945,0.4198105498583979,3.3915921383538046,3.0
172,51_53,Au,6.776982883457094,172,7.470924819916829,0.31788331919434737,2.5688983193389765,4.0
173,51_54,Au,8.511859193909913,173,8.50059181083066,0.4198105498583979,4.731946552425492,3.0
174,51_55,Au,7.446507146116346,174,7.870027064072695,0.3018849358574698,4.482033476883823,1.0
175,51_56,Au,6.71515370067209,175,7.386382868447742,0.31788331919434737,2.3029455424416154,4.0
176,51_57,Au,5.683643205091357,176,6.80122403693116,0.3018849358574698,0.9416016759205788,1.0
177,51_58,Au,6.0181974191218615,177,5.848723476323652,0.4198105498583979,-1.5848750124481934,3.0
178,51_59,Au,6.104441710747778,178,6.66223288204251,0.4198105498583979,0.3529262314539758,3.0
179,51_60,Au,4.861288045998663,179,6.111458664708617,0.31788331919434737,-1.707721663910482,4.0
180,51_61,Au,5.7835218189284205,180,7.462119812700985,0.2864966302343771,3.222887108857284,2.0
181,51_62,Au,6.253387035336345,181,6.388070409007774,0.3018849358574698,-0.4269781333033238,1.0
182,51_63,Au,5.190112216863781,182,7.239178174688648,0.31788331919434737,1.83986778758435,4.0
183,51_64,Au,3.353921207599342,183,4.6053866568798485,0.4198105498583979,-4.546536694993288,3.0
184,51_65,Au,3.7609475613571695,184,0.10704029618351107,0.3018849358574698,-21.23301833860112,1.0
185,51_66,Au,8.983171532861888,185,8.678890900437471,0.2864966302343771,7.469956565629151,2.0
186,52_52,Au,8.252191737759858,186,7.777331625518529,0.31788331919434737,3.532795407044824,4.0
187,52_53,Au,7.3649918688461185,187,7.679886137967713,0.3018849358574698,3.8521877856276197,1.0
188,52_54,Au,9.921802257187665,188,8.896985353055294,0.3018849358574698,7.883853730238438,1.0
189,52_55,Au,7.516134629957378,189,7.921737170560154,0.3018849358574698,4.653324258057059,1.0
190,52_56,Au,6.382576797157526,190,7.215854570459659,0.3018849358574698,2.315073765048804,1.0
191,52_57,Au,8.629819222260267,191,7.8982454667235915,0.31788331919434737,3.91316717839637,4.0
192,52_58,Au,7.517697318922728,192,6.931743161727342,0.4198105498583979,0.9949069529383162,3.0
193,52_59,Au,6.646442476194352,193,7.351452872536021,0.34480084897217156,2.6918465168311276,5.0
194,52_60,Au,5.950020460877568,194,6.4991433473882125,0.4198105498583979,-0.035557418395480045,3.0
195,52_61,Au,7.202821372076869,195,6.722985875640702,0.31788331919434737,0.21602574278565131,4.0
196,52_62,Au,7.248405904974788,196,6.620387476938733,0.3018849358574698,0.3425768869599065,1.0
197,52_63,Au,7.690608649514615,197,5.779818705876929,0.4198105498583979,-1.7490080254702933,3.0
198,52_64,Au,7.207570502534509,198,5.480180801408179,0.4198105498583979,-2.462753557996378,3.0
199,52_65,Au,6.814300911035389,199,4.852650291882252,0.34480084897217156,-4.555242891743516,5.0
200,52_66,Au,8.889756089542061,200,8.948505795752261,0.3018849358574698,8.054516246241857,1.0
201,53_53,Au,8.325206933543086,201,7.346265105299461,0.3018849358574698,2.7470613184170634,1.0
202,53_54,Au,6.694833329878748,202,7.7789732503174704,0.2864966302343771,4.328845797995351,2.0
203,53_55,Au,7.954175645019859,203,7.670013091402165,0.2864966302343771,3.9485266339403773,2.0
204,53_56,Au,6.868704159278423,204,6.692218948887464,0.34480084897217156,0.7799198913205166,5.0
205,53_57,Au,8.863261208869517,205,6.40483872187968,0.3018849358574698,-0.37143275531260705,1.0
206,53_58,Au,7.76959882536903,206,6.334790709860274,0.4198105498583979,-0.42704981319921914,3.0
207,53_59,Au,7.441769399680197,207,7.210228396041028,0.4198105498583979,1.6582662572902898,3.0
208,53_60,Au,5.604323660023511,208,4.875228418972897,0.4198105498583979,-3.903766373513596,3.0
209,53_61,Au,7.128240660298616,209,6.926321209521068,0.2864966302343771,1.3527129195776708,2.0
210,53_62,Au,7.811117837205529,210,7.22596982327061,0.3018849358574698,2.3485807460520776,1.0
211,53_63,Au,7.921497371513396,211,7.031939912950723,0.31788331919434737,1.1879359332701458,4.0
212,53_64,Au,7.418172465171665,212,4.947197375002819,0.34480084897217156,-4.281035089174567,5.0
213,53_65,Au,7.177352708764374,213,5.446113534229282,0.34480084897217156,-2.8340660323590208,5.0
214,53_66,Au,9.268771092873068,214,9.104053040144718,0.34480084897217156,7.774781123381783,5.0
215,54_54,Au,8.727772342041135,215,8.224240494849294,0.31788331919434737,4.93868506008929,4.0
216,54_55,Au,7.766940847504884,216,7.718272924414703,0.34480084897217156,3.7557071568850815,5.0
217,54_56,Au,7.334064898081124,217,7.478055927616599,0.3018849358574698,3.1836211021730847,1.0
218,54_57,Au,5.974352487362921,218,6.3817770350134575,0.31788331919434737,-0.8573518773172648,4.0
219,54_58,Au,6.516655891668052,219,6.911685211195215,0.4198105498583979,0.9471283762948944,3.0
220,54_59,Au,6.671892279293388,220,6.957829813983089,0.2864966302343771,1.4626918901374462,2.0
221,54_60,Au,5.1888695866800845,221,6.089276585009397,0.2864966302343771,-1.5689431705023478,2.0
222,54_61,Au,6.4553553108125925,222,6.696591472317629,0.3018849358574698,0.5950041740732815,1.0
223,54_62,Au,6.623859702609479,223,7.278583997078464,0.2864966302343771,2.5822659068823253,2.0
224,54_63,Au,5.5161995785310864,224,5.795313819159202,0.34480084897217156,-1.8213066787470358,5.0
225,54_64,Au,4.323441839776933,225,5.164469021389769,0.31788331919434737,-4.686769591681359,4.0
226,54_65,Au,3.996780796907842,226,3.732702651274978,0.4198105498583979,-6.625293424425712,3.0
227,54_66,Au,9.610480401664972,227,9.811184026220396,0.34480084897217156,9.825620000906557,5.0
228,55_55,Au,7.485438857227564,228,8.352706295927396,0.4198105498583979,4.379679285790231,3.0
229,55_56,Au,6.17055984493345,229,8.00267800748637,0.4198105498583979,3.5459025058615445,3.0
230,55_57,Au,8.16970239020884,230,6.488226552080953,0.4198105498583979,-0.06156151788974401,3.0
231,55_58,Au,7.359704224392772,231,6.919090568623332,0.34480084897217156,1.4378986068954858,5.0
232,55_59,Au,6.988063631113619,232,6.978109676139943,0.2864966302343771,1.5334775818932742,2.0
233,55_60,Au,6.293070779182017,233,7.11722634959033,0.4198105498583979,1.4367328859110626,3.0
234,55_61,Au,6.675914346706122,234,6.868946367383237,0.34480084897217156,1.2924691469925542,5.0
235,55_62,Au,6.976553601678461,235,6.797724923729088,0.2864966302343771,0.9038549847154791,2.0
236,55_63,Au,6.589299562387168,236,6.394262156109129,0.3018849358574698,-0.40646784489238474,1.0
237,55_64,Au,4.256642241962254,237,4.233928002701772,0.4198105498583979,-5.431361181427394,3.0
238,55_65,Au,6.617278610356152,238,5.3410355538332,0.2864966302343771,-4.180635428676817,2.0
239,55_66,Au,9.40306693362072,239,10.797304281168191,0.3018849358574698,14.17869889273473,1.0
240,56_56,Au,6.08980455249548,240,7.109757003299118,0.4198105498583979,1.4189407025232674,3.0
241,56_57,Au,7.456578884739429,241,6.32217907928335,0.2864966302343771,-0.756010417738658,2.0
242,56_58,Au,7.103665300644934,242,7.064165818823031,0.34480084897217156,1.8586494566458798,5.0
243,56_59,Au,6.098383435513824,243,6.691308095005188,0.31788331919434737,0.11637351593776687,4.0
244,56_60,Au,4.1520708203315735,244,5.1893143176722,0.4198105498583979,-3.1556053308593706,3.0
245,56_61,Au,5.8268653764389455,245,6.268520281596215,0.3018849358574698,-0.8229903658183069,1.0
246,56_62,Au,6.157417872454971,246,6.693245038849883,0.3018849358574698,0.5839190450381365,1.0
247,56_63,Au,5.595378041267395,247,6.3261914536339265,0.31788331919434737,-1.032213463387301,4.0
248,56_64,Au,5.828356338199228,248,5.144176753750915,0.2864966302343771,-4.867759741173057,2.0
249,56_65,Au,5.520953224040568,249,3.771293370734675,0.4198105498583979,-6.533369294665958,3.0
250,56_66,Au,7.431721166241914,250,8.992090828408182,0.4198105498583979,5.90271040708161,3.0
251,57_57,Au,3.155567337293178,251,4.372444209820017,0.2864966302343771,-7.5614477726851845,2.0
252,57_58,Au,3.571225364692509,252,5.753778426800737,0.31788331919434737,-2.832915143122903,4.0
253,57_59,Au,3.64800410438329,253,5.579589522407632,0.34480084897217156,-2.446955650884517,5.0
254,57_60,Au,4.255345328245312,254,3.9157066833019005,0.31788331919434737,-8.615136582603585,4.0
255,57_61,Au,3.428149445913732,255,5.718874891563108,0.31788331919434737,-2.9427149757347215,4.0
256,57_62,Au,3.775636245962232,256,5.787826795874208,0.3018849358574698,-2.415297329915907,1.0
257,57_63,Au,2.8608143548481166,257,5.510598243379507,0.31788331919434737,-3.5979133948007607,4.0
258,57_64,Au,1.77111891284585,258,2.3791152330696805,0.4198105498583979,-9.849574993009117,3.0
259,57_65,Au,1.1192719819955528,259,2.874025888556949,0.2864966302343771,-12.791590689330462,2.0
260,57_66,Au,6.280219177249819,260,6.760966346237191,0.2864966302343771,0.7755512854299893,2.0
261,58_58,Au,5.76,261,6.313151021638534,0.34480084897217156,-0.31946234157973996,5.0
262,58_59,Au,7.328738331794739,262,6.1233028083825936,0.34480084897217156,-0.8700648526288438,5.0
263,58_60,Au,4.768537495285273,263,7.458209534309648,0.31788331919434737,2.5288984676971644,4.0
264,58_61,Au,7.04,264,7.334467976098032,0.31788331919434737,2.1396312405736064,4.0
265,58_62,Au,6.108988254331052,265,6.280412583714971,0.3018849358574698,-0.7835968727810447,1.0
266,58_63,Au,7.218970480374992,266,6.27051533687523,0.34480084897217156,-0.44311541520295566,5.0
267,58_64,Au,7.393856533803046,267,6.164339943830016,0.4198105498583979,-0.8330681138058869,3.0
268,58_65,Au,7.203827754594386,268,3.9651253871177667,0.3018849358574698,-8.45303287832698,1.0
269,58_66,Au,6.207471778150648,269,8.487147068694929,0.2864966302343771,6.800685755757215,2.0
270,59_59,Au,5.457913632038981,270,5.534665062280677,0.34480084897217156,-2.5772466877565883,5.0
271,59_60,Au,4.023538178298622,271,4.692347826752604,0.3018849358574698,-6.0440937321279655,1.0
272,59_61,Au,6.471008420456201,272,5.330051603303919,0.2864966302343771,-4.218974275874761,2.0
273,59_62,Au,6.565522930584848,273,5.659358200796607,0.2864966302343771,-3.0695485488660736,2.0
274,59_63,Au,6.23787311417982,274,5.511118364547209,0.4198105498583979,-2.389059452049146,3.0
275,59_64,Au,7.6308329901658,275,4.976760532832518,0.3018849358574698,-5.101970849208778,1.0
276,59_65,Au,5.588709760922939,276,3.9418095529804584,0.4198105498583979,-6.127195170877743,3.0
277,59_66,Au,8.46903215488419,277,7.578494574470924,0.34480084897217156,3.3503185090309695,5.0
278,60_60,Au,3.6791361207142472,278,2.465528124439973,0.4198105498583979,-9.643737165923925,3.0
279,60_61,Au,1.5903385798446834,279,3.5546939870765613,0.3018849358574698,-9.812595252234184,1.0
280,60_62,Au,3.204795999452472,280,4.477574902818191,0.2864966302343771,-7.194495139028838,2.0
281,60_63,Au,1.5169180296361446,281,4.126078603284583,0.2864966302343771,-8.421372743997718,2.0
282,60_64,Au,3.133524646051228,282,3.021511778080431,0.4198105498583979,-8.319369177010852,3.0
283,60_65,Au,2.0366763500496745,283,1.1091215590769687,0.3018849358574698,-17.913603740959275,1.0
284,60_66,Au,5.974851326551288,284,6.689734396995353,0.34480084897217156,0.7727141321133753,5.0
285,61_61,Au,5.12,285,5.553109174471713,0.34480084897217156,-2.5237546147352607,5.0
286,61_62,Au,5.413190560881048,286,5.9508400324254325,0.2864966302343771,-2.052147990296256,2.0
287,61_63,Au,5.597995704039931,287,4.147618961542729,0.3018849358574698,-7.848519195301989,1.0
288,61_64,Au,6.910023430828005,288,3.7688844187281094,0.31788331919434737,-9.077011288536257,4.0
289,61_65,Au,6.685905705206096,289,4.795844614452301,0.4198105498583979,-4.0928607270198905,3.0
290,61_66,Au,8.325746085029095,290,7.614034681312092,0.2864966302343771,3.7531372150691036,2.0
291,62_62,Au,6.282355678733438,291,5.340742102262698,0.4198105498583979,-2.7949002827333174,3.0
292,62_63,Au,6.547196878585964,292,3.691275090606379,0.4198105498583979,-6.723974986102931,3.0
293,62_64,Au,6.6178850047290325,293,4.737784230009886,0.3018849358574698,-5.893584720711994,1.0
294,62_65,Au,6.694039735943079,294,3.5464668807775404,0.4198105498583979,-7.068912029437556,3.0
295,62_66,Au,8.210941101424396,295,7.998963185312556,0.3018849358574698,4.9091370051656575,1.0
296,63_63,Au,7.2427414720878,296,4.77398705428504,0.34480084897217156,-4.783383970373983,5.0
297,63_64,Au,1.2833628454245627,297,4.855325065120397,0.31788331919434737,-5.659277230814091,4.0
298,63_65,Au,6.993780061136931,298,2.142243498796721,0.34480084897217156,-12.4160321014136,5.0
299,63_66,Au,8.198297826573253,299,7.446888013921808,0.3018849358574698,3.080376753109219,1.0
300,64_64,Au,0.522277997341007,300,2.501947461593475,0.31788331919434737,-13.0625521478226,4.0
301,64_65,Au,-0.3562037069350481,301,1.4985929714183683,0.31788331919434737,-16.21891308150744,4.0
302,64_66,Au,4.681200809311122,302,6.3564518479265315,0.31788331919434737,-0.9370200623327949,4.0
303,65_65,Au,-0.8107019141316414,303,2.3052837993499606,0.31788331919434737,-13.681218338744301,4.0
304,65_66,Au,4.297971008811146,304,4.4230838200746465,0.3018849358574698,-6.9360362396702655,1.0
305,66_66,Au,11.255201829597354,305,10.987901219171553,0.3018849358574698,14.810055132694142,1.0
306,50_50,Cu,8.62,306,6.38107916869457,0.4728717467922794,-0.14791767507068,5.0
307,50_51,Cu,10.05875281104818,307,8.204755021159084,0.559923856827677,3.269383477509165,4.0
308,50_52,Cu,9.034159387927502,308,7.073803341163713,0.559923856827677,1.2495522697393646,4.0
309,50_53,Cu,9.171963034197688,309,6.997562997564471,0.559923856827677,1.11339028508811,4.0
310,50_54,Cu,9.27080475119874,310,8.301481945076386,0.4241979807337956,4.044686581730675,2.0
311,50_55,Cu,10.45550498040393,311,6.984327032873261,0.42662507788243254,1.3078635661855036,1.0
312,50_56,Cu,9.639534471556544,312,6.9003035274967965,0.5242186674434595,0.5933383338945981,3.0
313,50_57,Cu,9.115533140022308,313,6.96545054027294,0.42662507788243254,1.2636174738225918,1.0
314,50_58,Cu,12.66,314,6.765564185847238,0.559923856827677,0.6990503549560863,4.0
315,50_59,Cu,7.76623781118542,315,6.291518761624299,0.559923856827677,-0.14757444668874337,4.0
316,50_60,Cu,6.1036547580733895,316,6.950466280870184,0.4241979807337956,0.8598160128770513,2.0
317,50_61,Cu,6.23,317,7.473661316344733,0.4728717467922794,2.162607652487337,5.0
318,50_62,Cu,7.793145375326276,318,6.4811665698707674,0.4241979807337956,-0.24650634676172456,2.0
319,50_63,Cu,9.689638530369848,319,6.602094996378169,0.559923856827677,0.407101391760938,4.0
320,50_64,Cu,8.60006037261337,320,3.6033263321246016,0.559923856827677,-4.94857086204066,4.0
321,50_65,Cu,5.8471524668857455,321,3.100366024148553,0.42662507788243254,-7.796057440996903,1.0
322,50_66,Cu,10.954130398109555,322,9.45235398566603,0.4241979807337956,6.7577406104151505,2.0
323,51_51,Cu,3.351411097217351,323,9.774093111710949,0.4241979807337956,7.516205149752091,2.0
324,51_52,Cu,3.3064037514850497,324,8.367200408038993,0.5242186674434595,3.3915921383538046,3.0
325,51_53,Cu,3.5753878131508827,325,7.812536669745887,0.559923856827677,2.5688983193389765,4.0
326,51_54,Cu,5.008715906646103,326,8.777785945078303,0.559923856827677,4.292792137332666,4.0
327,51_55,Cu,5.083722751121968,327,8.95910355815542,0.559923856827677,4.616617619790931,4.0
328,51_56,Cu,4.535667340736836,328,7.933535167055274,0.4728717467922794,3.1351205036570025,5.0
329,51_57,Cu,4.063200304284692,329,6.8280705254136205,0.42662507788243254,0.9416016759205788,1.0
330,51_58,Cu,2.761760612949729,330,7.456030894452883,0.559923856827677,1.9321942908433243,4.0
331,51_59,Cu,2.90925808576867,331,6.518496780551312,0.559923856827677,0.25779856280041863,4.0
332,51_60,Cu,-1.0459366627037523,332,7.554872517440067,0.4241979807337956,2.2846371200505375,2.0
333,51_61,Cu,2.397193781100213,333,7.952876268115396,0.4241979807337956,3.222887108857284,2.0
334,51_62,Cu,2.316299323923886,334,6.697122914217999,0.4728717467922794,0.520432142120362,5.0
335,51_63,Cu,9.61,335,6.08654715190982,0.4728717467922794,-0.770775815322672,5.0
336,51_64,Cu,-12.62,336,4.2058850890272765,0.5242186674434595,-4.546536694993288,3.0
337,51_65,Cu,-22.05,337,3.432300878839561,0.5242186674434595,-6.022226627899295,3.0
338,51_66,Cu,6.391861663199961,338,9.7544745557142,0.4241979807337956,7.469956565629151,2.0
339,52_52,Cu,8.472551801241934,339,9.862679273381325,0.5242186674434595,6.244368962642744,3.0
340,52_53,Cu,7.855624527670443,340,7.324976648899282,0.5242186674434595,1.4034451610199217,3.0
341,52_54,Cu,10.06712078070268,341,9.16340158178485,0.559923856827677,4.981485130146551,4.0
342,52_55,Cu,9.077893040608616,342,7.937349365449417,0.4728717467922794,3.143186535133861,5.0
343,52_56,Cu,8.040505739860237,343,7.414028162407297,0.42662507788243254,2.315073765048804,1.0
344,52_57,Cu,8.208477762993425,344,8.188560956494905,0.42662507788243254,4.130561963567342,1.0
345,52_58,Cu,7.731972843874246,345,7.149097533912092,0.4241979807337956,1.3280673060546073,2.0
346,52_59,Cu,6.980130297597498,346,7.939494039050409,0.42662507788243254,3.5467544699226936,1.0
347,52_60,Cu,3.083737332373857,347,6.653197167443762,0.4728717467922794,0.42754068249688754,5.0
348,52_61,Cu,7.372981569264084,348,7.06156114777062,0.4241979807337956,1.1217099207835892,2.0
349,52_62,Cu,7.3471006392501295,349,6.499107694876455,0.4728717467922794,0.10168177125388825,5.0
350,52_63,Cu,8.063203951809555,350,5.9320736083034,0.4241979807337956,-1.5409325027220226,2.0
351,52_64,Cu,7.751256982795894,351,5.153346931985045,0.4728717467922794,-2.7442500739459246,5.0
352,52_65,Cu,5.251442500390112,352,4.767899522965825,0.42662507788243254,-3.8873948112843495,1.0
353,52_66,Cu,9.237120050936936,353,9.975431202806956,0.4241979807337956,7.990837515393542,2.0
354,53_53,Cu,8.553060630802065,354,8.174837614101403,0.559923856827677,3.2159522712962643,4.0
355,53_54,Cu,8.567041162867099,355,8.42202171082276,0.4241979807337956,4.328845797995351,2.0
356,53_55,Cu,9.942324107512832,356,7.741687271999185,0.4728717467922794,2.7294124097446746,5.0
357,53_56,Cu,8.999319955240935,357,6.649354649270659,0.4241979807337956,0.14997851888745442,2.0
358,53_57,Cu,8.217274877708405,358,6.267897108926447,0.42662507788243254,-0.37143275531260705,1.0
359,53_58,Cu,7.2628403021954,359,6.408343329292458,0.559923856827677,0.06106922198800233,4.0
360,53_59,Cu,7.149795759003609,360,6.8386837877127284,0.4728717467922794,0.8197963448984015,5.0
361,53_60,Cu,3.5743089080788195,361,5.4772096249287525,0.42662507788243254,-2.224787199271451,1.0
362,53_61,Cu,7.594765617046505,362,6.998271189717748,0.4728717467922794,1.1572819381646071,5.0
363,53_62,Cu,7.5665885489434,363,7.830280120147947,0.559923856827677,2.6005873609572197,4.0
364,53_63,Cu,7.835744749754667,364,7.321955234935832,0.4728717467922794,1.8417889898414963,5.0
365,53_64,Cu,3.52,365,5.63059396623166,0.5242186674434595,-1.8287607635246736,3.0
366,53_65,Cu,4.759462412446737,366,4.749808778041824,0.42662507788243254,-3.9297991280061773,1.0
367,53_66,Cu,9.962953605689108,367,10.137947249194138,0.5242186674434595,6.76947040009299,3.0
368,54_54,Cu,7.140584966167808,368,9.222241334050269,0.4728717467922794,5.86039680899121,5.0
369,54_55,Cu,7.040059708524495,369,8.391240143416276,0.42662507788243254,4.605637615302059,1.0
370,54_56,Cu,6.580356588587165,370,8.158879776235427,0.4241979807337956,3.7085176810813154,2.0
371,54_57,Cu,5.734730401076376,371,6.308485905468729,0.4241979807337956,-0.65358198654513,2.0
372,54_58,Cu,4.541742768138647,372,7.843499675272126,0.4728717467922794,2.9447189996680194,5.0
373,54_59,Cu,4.922174632549286,373,7.545183134080929,0.4728717467922794,2.3138575806578467,5.0
374,54_60,Cu,0.6517983255907893,374,7.248412226300979,0.4728717467922794,1.686264771840039,5.0
375,54_61,Cu,4.270808930974454,375,6.831143378358072,0.4241979807337956,0.578525417609006,2.0
376,54_62,Cu,4.260075914673507,376,7.681126047822361,0.4241979807337956,2.5822659068823253,2.0
377,54_63,Cu,4.667900540865958,377,6.121907605354743,0.42662507788243254,-0.7136290094482682,1.0
378,54_64,Cu,4.118503658566624,378,5.0921080928575915,0.42662507788243254,-3.1274569016307794,1.0
379,54_65,Cu,1.8953818967565887,379,4.7649548284641625,0.42662507788243254,-3.8942971118154803,1.0
380,54_66,Cu,8.69049033941701,380,11.072629082911458,0.42662507788243254,10.890755576028472,1.0
381,55_55,Cu,11.476902103982866,381,7.874251485742556,0.42662507788243254,3.393827329231182,1.0
382,55_56,Cu,9.549810581374912,382,7.477140540091126,0.4241979807337956,2.101392548224718,2.0
383,55_57,Cu,9.348037542775272,383,6.5569927998854896,0.5242186674434595,-0.06156151788974401,3.0
384,55_58,Cu,8.791480770334601,384,6.993405489894219,0.42662507788243254,1.3291432740405098,1.0
385,55_59,Cu,8.597415448632091,385,6.7783811138624745,0.5242186674434595,0.36075902833701334,3.0
386,55_60,Cu,5.250062779523432,386,7.342426695683941,0.5242186674434595,1.4367328859110626,3.0
387,55_61,Cu,7.744643355254084,387,7.051365906026699,0.559923856827677,1.2094799726521557,4.0
388,55_62,Cu,8.677934311330318,388,6.370883026486307,0.559923856827677,-0.005833272609007449,4.0
389,55_63,Cu,8.994530369061977,389,6.057070620609041,0.4728717467922794,-0.8331109653939818,5.0
390,55_64,Cu,7.578458445612341,390,5.968873965737194,0.4728717467922794,-1.019623810515579,5.0
391,55_65,Cu,5.669319208711386,391,5.027229204206788,0.5242186674434595,-2.979739924506096,3.0
392,55_66,Cu,11.903324205428362,392,12.521820009573144,0.4241979807337956,13.993668557543568,2.0
393,56_56,Cu,9.439417799934745,393,6.668164402661567,0.4728717467922794,0.4591924682492296,5.0
394,56_57,Cu,8.34109317138791,394,6.691749476499247,0.5242186674434595,0.19550043923388605,3.0
395,56_58,Cu,9.44513247627765,395,6.8107881473388945,0.5242186674434595,0.4225787144509489,3.0
396,56_59,Cu,8.127066945191473,396,6.096817175679755,0.4241979807337956,-1.1525676946402512,2.0
397,56_60,Cu,3.97092968551442,397,6.0167309816467816,0.4728717467922794,-0.9184187454335023,5.0
398,56_61,Cu,7.467670942191034,398,5.6899974572786265,0.559923856827677,-1.2218657043495094,4.0
399,56_62,Cu,8.313552751671523,399,6.169924291245453,0.559923856827677,-0.36473695708391707,4.0
400,56_63,Cu,8.135678248479962,400,4.964658736127209,0.42662507788243254,-3.4261954506232164,1.0
401,56_64,Cu,7.368817041162401,401,5.727516352305644,0.42662507788243254,-1.6380736178305835,1.0
402,56_65,Cu,4.346625453792512,402,3.1643503511936446,0.5242186674434595,-6.533369294665958,3.0
403,56_66,Cu,10.690765550825745,403,8.856646029078577,0.42662507788243254,5.696538994031033,1.0
404,57_57,Cu,1.99,404,4.0890533383529295,0.42662507788243254,-5.478595656725434,1.0
405,57_58,Cu,6.25,405,4.973957375673304,0.4241979807337956,-3.7995859526340316,2.0
406,57_59,Cu,7.63,406,4.776389044576902,0.559923856827677,-2.853531155930542,4.0
407,57_60,Cu,-0.6085764206945896,407,4.236048960828231,0.4241979807337956,-5.539123735366067,2.0
408,57_61,Cu,8.88,408,4.726452896225521,0.559923856827677,-2.9427149757347215,4.0
409,57_62,Cu,7.64,409,4.856007416479704,0.5242186674434595,-3.306362760282067,3.0
410,57_63,Cu,8.18,410,3.6308714156423143,0.4728717467922794,-5.963887378712866,5.0
411,57_64,Cu,2.75,411,1.6405454627509242,0.559923856827677,-8.454013335047746,4.0
412,57_65,Cu,-0.61,412,1.2334961323219806,0.5242186674434595,-10.216668533680409,3.0
413,57_66,Cu,6.437405583914369,413,7.157859347890444,0.42662507788243254,1.7146195775257567,1.0
414,58_58,Cu,7.18,414,6.142401700474621,0.5242186674434595,-0.8524358708248861,3.0
415,58_59,Cu,7.155813488643616,415,6.602329649500578,0.5242186674434595,0.02492309708245785,3.0
416,58_60,Cu,2.4038212853483856,416,7.790139798542069,0.559923856827677,2.5288984676971644,4.0
417,58_61,Cu,9.69,417,6.8444810764416575,0.4241979807337956,0.609967571248006,2.0
418,58_62,Cu,6.156367577146739,418,6.160659353104263,0.559923856827677,-0.3812837393440637,4.0
419,58_63,Cu,7.762194556184113,419,4.983461340935997,0.5242186674434595,-3.0632315397212513,3.0
420,58_64,Cu,7.6548473057337105,420,3.8347297466021097,0.42662507788243254,-6.074724681800948,1.0
421,58_65,Cu,5.352994689717889,421,2.8200838270307638,0.42662507788243254,-8.45303287832698,1.0
422,58_66,Cu,7.906997408252209,422,7.773961774955335,0.559923856827677,2.500005211249061,4.0
423,59_59,Cu,5.90334807196632,423,5.232318114932621,0.4728717467922794,-2.5772466877565883,5.0
424,59_60,Cu,1.5555034591816366,424,5.615189882651574,0.4728717467922794,-1.7675730916575199,5.0
425,59_61,Cu,6.313762197736651,425,6.1442409306241865,0.5242186674434595,-0.8489273537426252,3.0
426,59_62,Cu,6.742742529138923,426,5.36788004732127,0.4728717467922794,-2.2905686755720347,5.0
427,59_63,Cu,6.933298658579588,427,4.310052201853816,0.4241979807337956,-5.364669248577679,2.0
428,59_64,Cu,8.483961494639516,428,4.249730926192179,0.42662507788243254,-5.101970849208778,1.0
429,59_65,Cu,3.8897107909433535,429,4.093401719848939,0.4241979807337956,-5.875398888615346,2.0
430,59_66,Cu,8.219326666090637,430,8.782160485896704,0.559923856827677,4.3006048796637115,4.0
431,60_60,Cu,-6.383687089662999,431,3.6125507842984375,0.42662507788243254,-6.5955073873241785,1.0
432,60_61,Cu,-3.793602206278592,432,4.504385064472428,0.4241979807337956,-4.906550937211726,2.0
433,60_62,Cu,-1.8676737458445127,433,4.562965950679313,0.5242186674434595,-3.865368923167324,3.0
434,60_63,Cu,1.85,434,3.6088039116091886,0.559923856827677,-4.9387881399476585,4.0
435,60_64,Cu,-1.1193576562218368,435,2.2280958728166285,0.5242186674434595,-8.319369177010852,3.0
436,60_65,Cu,-11.0,436,1.87929237230394,0.4728717467922794,-9.668018689623684,5.0
437,60_66,Cu,1.0485976920463145,437,7.609609966826989,0.42662507788243254,2.7735133049616225,1.0
438,61_61,Cu,8.24,438,4.72603576241804,0.42662507788243254,-3.9855225649447217,1.0
439,61_62,Cu,5.180205011740327,439,5.539202892256089,0.42662507788243254,-2.0794763149815694,1.0
440,61_63,Cu,5.09,440,3.1304303609111046,0.4241979807337956,-8.145497763843478,2.0
441,61_64,Cu,6.654129317961633,441,1.291714045837887,0.559923856827677,-9.077011288536257,4.0
442,61_65,Cu,4.428609604947269,442,3.7090966413734967,0.4241979807337956,-6.781355767077273,2.0
443,61_66,Cu,8.555183714721352,443,8.632827979713237,0.5242186674434595,3.8983035322262767,3.0
444,62_62,Cu,6.7364286463707685,444,5.348449433958057,0.4728717467922794,-2.331659338093152,5.0
445,62_63,Cu,6.478632444981486,445,3.18701165025924,0.4728717467922794,-6.902534630095492,5.0
446,62_64,Cu,6.393635048530996,446,5.153127884164986,0.559923856827677,-2.18069174215284,4.0
447,62_65,Cu,4.441047775093466,447,2.940691325736854,0.4241979807337956,-8.592786633172917,2.0
448,62_66,Cu,9.089651738293467,448,7.8076149568639694,0.4728717467922794,2.8688322108049094,5.0
449,63_63,Cu,7.851858590263873,449,3.3690305040322004,0.5242186674434595,-6.142921251606461,3.0
450,63_64,Cu,7.756351404823363,450,2.437151669839997,0.4728717467922794,-8.488292259951601,5.0
451,63_65,Cu,5.073063245974481,451,4.418951570348333,0.559923856827677,-3.4918991587759263,4.0
452,63_66,Cu,8.360007628798485,452,7.74052560929223,0.42662507788243254,3.080376753109219,1.0
453,64_64,Cu,1.3,453,-1.1749971277603963,0.42662507788243254,-17.817416647375143,1.0
454,64_65,Cu,-2.5,454,-2.70720715116704,0.559923856827677,-16.21891308150744,4.0
455,64_66,Cu,4.44376515224576,455,5.849489327757182,0.559923856827677,-0.9370200623327949,4.0
456,65_65,Cu,1.34,456,-1.514092364009695,0.4728717467922794,-16.844139401703917,5.0
457,65_66,Cu,2.037230613641441,457,4.677614320854685,0.4728717467922794,-3.750300053369493,5.0
458,66_66,Cu,11.56411126581952,458,12.359935819509065,0.4728717467922794,12.495799551369695,5.0
459,50_50,Ni,-64.59,459,-63.159734982454744,0.9172796053104215,0.8903256961142629,4.0
460,50_51,Ni,-61.37,460,-61.24762990724906,0.8078536421203113,3.2442943240890325,2.0
461,50_52,Ni,-62.93,461,-62.8302237727829,0.9172796053104215,1.2495522697393646,4.0
462,50_53,Ni,-62.89,462,-62.95512238432209,0.9172796053104215,1.11339028508811,4.0
463,50_54,Ni,-60.2507,463,-60.40641918766396,0.7756873221800308,4.3529213408195515,1.0
464,50_55,Ni,-62.02753188274801,464,-62.76843189875333,0.7756873221800308,1.3078635661855036,1.0
465,50_56,Ni,-62.73227094300091,465,-62.27541345834268,0.9104543831656114,1.7046232031388193,5.0
466,50_57,Ni,-62.8,466,-62.36123716778254,0.9297626493007678,1.3778603188642808,3.0
467,50_58,Ni,-64.09,467,-60.575736961494115,0.8078536421203113,4.075995650571243,2.0
468,50_59,Ni,-64.16505840141326,468,-64.11177961579672,0.9172796053104215,-0.14757444668874337,4.0
469,50_60,Ni,-61.308956765104085,469,-64.37225828095228,0.7756873221800308,-0.759756125846442,1.0
470,50_61,Ni,-61.97,470,-63.61697081750217,0.9172796053104215,0.39185627370441245,4.0
471,50_62,Ni,-64.03927727136761,471,-63.714935295736765,0.9297626493007678,-0.07810065028443836,3.0
472,50_63,Ni,-66.09,472,-63.60298678162837,0.9172796053104215,0.407101391760938,4.0
473,50_64,Ni,-69.6,473,-62.643396556673004,0.9297626493007678,1.0743856749832157,3.0
474,50_65,Ni,-70.75,474,-65.19528785927633,0.9104543831656114,-1.5024286326504475,5.0
475,50_66,Ni,-58.9394,475,-56.01227116947159,0.9104543831656114,8.583762240390099,5.0
476,51_51,Ni,-57.20636493572965,476,-63.32416667539978,0.7756873221800308,0.5914218238032891,1.0
477,51_52,Ni,-60.93072036653757,477,-65.12330351329224,0.7756873221800308,-1.727988054955685,1.0
478,51_53,Ni,-60.49233537632972,478,-61.620014549138304,0.9172796053104215,2.5688983193389765,4.0
479,51_54,Ni,-58.70024794107303,479,-60.03872190817198,0.9172796053104215,4.292792137332666,4.0
480,51_55,Ni,-59.2186690075323,480,-64.09273547616668,0.9297626493007678,-0.4844411079421376,3.0
481,51_56,Ni,-60.01647719135508,481,-64.33633865952731,0.9297626493007678,-0.7464468827964428,3.0
482,51_57,Ni,-62.947616069577634,482,-65.54108637122509,0.8078536421203113,-2.0703520921941463,2.0
483,51_58,Ni,-61.083724038209766,483,-65.11587781860061,0.9297626493007678,-1.5848750124481934,3.0
484,51_59,Ni,-60.84430410526693,484,-63.739939221649,0.9172796053104215,0.25779856280041863,4.0
485,51_60,Ni,-60.33276669867337,485,-67.77851085855916,0.9297626493007678,-4.4486521731687185,3.0
486,51_61,Ni,-61.00107539305464,486,-65.71596141739325,0.9172796053104215,-1.8964215728097333,4.0
487,51_62,Ni,-61.05686271190643,487,-63.35356540035247,0.9104543831656114,0.520432142120362,5.0
488,51_63,Ni,-63.16160793695599,488,-64.5291513447848,0.9104543831656114,-0.770775815322672,5.0
489,51_64,Ni,-67.15998337697238,489,-75.20562168484503,0.9104543831656114,-12.497305488274097,5.0
490,51_65,Ni,-67.03906078077853,490,-89.01261591453392,0.9104543831656114,-27.662254424740922,5.0
491,51_66,Ni,-56.7642,491,-57.8339132750506,0.8078536421203113,7.469956565629151,2.0
492,52_52,Ni,-57.1,492,-60.73585140896762,0.9172796053104215,3.532795407044824,4.0
493,52_53,Ni,-61.89338832627982,493,-62.33744933715797,0.9297626493007678,1.4034451610199217,3.0
494,52_54,Ni,-58.45,494,-59.4069978715436,0.9172796053104215,4.981485130146551,4.0
495,52_55,Ni,-61.05,495,-60.80082130337993,0.8078536421203113,3.797375452369192,2.0
496,52_56,Ni,-62.28218238195405,496,-62.96145971965657,0.9172796053104215,1.1064814480249132,4.0
497,52_57,Ni,-59.9,497,-62.082541685772526,0.9297626493007678,1.6776093808637125,3.0
498,52_58,Ni,-63.36975298402831,498,-62.795660882897515,0.8078536421203113,1.3280673060546073,2.0
499,52_59,Ni,-59.46,499,-63.530690834937666,0.8078536421203113,0.418211963803539,2.0
500,52_60,Ni,-61.49619199708104,500,-63.43813883692531,0.9104543831656114,0.42754068249688754,5.0
501,52_61,Ni,-63.75784125365317,501,-63.77825657750485,0.9172796053104215,0.21602574278565131,4.0
502,52_62,Ni,-63.649504377972335,502,-63.734818510960075,0.9104543831656114,0.10168177125388825,5.0
503,52_63,Ni,-66.50883614365011,503,-63.127044442883125,0.9172796053104215,0.9259642728168986,4.0
504,52_64,Ni,-68.15,504,-63.660143123775036,0.8078536421203113,0.257969709405068,2.0
505,52_65,Ni,-68.87936727935448,505,-65.15577150827677,0.9172796053104215,-1.2857136644758356,4.0
506,52_66,Ni,-57.3971,506,-59.651144152086154,0.9172796053104215,4.715321706116283,4.0
507,53_53,Ni,-62.22,507,-61.652064448237304,0.7756873221800308,2.7470613184170634,1.0
508,53_54,Ni,-58.68,508,-60.37147104898689,0.8078536421203113,4.328845797995351,2.0
509,53_55,Ni,-62.82,509,-60.81848975520629,0.9172796053104215,3.442704723942031,4.0
510,53_56,Ni,-64.855,510,-62.58457461997053,0.9172796053104215,1.5173540952571518,4.0
511,53_57,Ni,-64.31,511,-61.98636297664917,0.9104543831656114,2.0221025706261764,5.0
512,53_58,Ni,-64.78,512,-63.44601066829184,0.7756873221800308,0.4343430764677997,1.0
513,53_59,Ni,-61.09,513,-63.081007949770324,0.9104543831656114,0.8197963448984015,5.0
514,53_60,Ni,-66.56,514,-67.27189639390545,0.9297626493007678,-3.903766373513596,3.0
515,53_61,Ni,-62.95,515,-63.08192334546549,0.7756873221800308,0.9037168981297313,1.0
516,53_62,Ni,-60.92,516,-62.94055138547354,0.9104543831656114,0.974067186901958,5.0
517,53_63,Ni,-61.05,517,-63.48553570263184,0.8078536421203113,0.47410715316891405,2.0
518,53_64,Ni,-68.02066083764657,518,-65.75255760274409,0.8078536421203113,-2.332121329210854,2.0
519,53_65,Ni,-68.84745087102056,519,-66.40768296662827,0.9104543831656114,-2.8340660323590208,5.0
520,53_66,Ni,-58.3948,520,-60.16372351770626,0.7756873221800308,4.665799562517974,1.0
521,54_54,Ni,-59.76618117745966,521,-60.36022335200718,0.9297626493007678,3.5300373473566857,3.0
522,54_55,Ni,-60.460378620773554,522,-61.87601720317171,0.8078536421203113,2.4664463784223267,2.0
523,54_56,Ni,-60.82150902925059,523,-63.116699805823465,0.9172796053104215,0.9372417905985828,4.0
524,54_57,Ni,-64.27053378010169,524,-64.83155249146122,0.9104543831656114,-1.1029189213012447,5.0
525,54_58,Ni,-62.29905826970935,525,-63.70964937553932,0.8078536421203113,0.1966884956020955,2.0
526,54_59,Ni,-61.684329082258046,526,-64.2381480606037,0.7756873221800308,-0.5868640126020662,1.0
527,54_60,Ni,-61.70583182061091,527,-66.06517158645636,0.9172796053104215,-2.2771235605585356,4.0
528,54_61,Ni,-62.12814776459709,528,-63.401181027400035,0.8078536421203113,0.578525417609006,2.0
529,54_62,Ni,-62.32050947332755,529,-65.88450691864688,0.9104543831656114,-2.259434224708941,5.0
530,54_63,Ni,-64.8372666509822,530,-64.33647806155349,0.7756873221800308,-0.7136290094482682,1.0
531,54_64,Ni,-68.13310352806002,531,-66.20885375544403,0.7756873221800308,-3.1274569016307794,1.0
532,54_65,Ni,-68.75516008818522,532,-66.80368198462216,0.7756873221800308,-3.8942971118154803,1.0
533,54_66,Ni,-54.4539,533,-58.84641511952129,0.9172796053104215,5.59262130801088,4.0
534,55_55,Ni,-61.8451,534,-60.218268715265815,0.9104543831656114,3.964093618256443,5.0
535,55_56,Ni,-62.37,535,-61.96488349062477,0.7756873221800308,2.3437815000640976,1.0
536,55_57,Ni,-64.02,536,-61.56012100093059,0.9104543831656114,2.4902665814759595,5.0
537,55_58,Ni,-63.60834031365812,537,-62.181270139755284,0.9297626493007678,1.5714226523938088,3.0
538,55_59,Ni,-63.9018631502986,538,-63.07620936400069,0.9104543831656114,0.8250668843766674,5.0
539,55_60,Ni,-60.56,539,-65.05570425522457,0.8078536421203113,-1.469522819794539,2.0
540,55_61,Ni,-63.86,540,-62.866981273638935,0.9172796053104215,1.2094799726521557,4.0
541,55_62,Ni,-63.57246543932706,541,-63.98176332758062,0.9172796053104215,-0.005833272609007449,4.0
542,55_63,Ni,-64.94545440981165,542,-63.56698024434905,0.8078536421203113,0.373291191624888,2.0
543,55_64,Ni,-68.7,543,-64.75571609275015,0.9104543831656114,-1.019623810515579,5.0
544,55_65,Ni,-68.84096968732774,544,-64.92289434873463,0.9104543831656114,-1.2032444938530669,5.0
545,55_66,Ni,-50.9871,545,-57.919139413021384,0.9172796053104215,6.603518858912061,4.0
546,56_56,Ni,-63.18,546,-62.32304216143746,0.9297626493007678,1.4189407025232674,3.0
547,56_57,Ni,-65.86,547,-63.46055122189463,0.9297626493007678,0.19550043923388605,3.0
548,56_58,Ni,-63.37549134902656,548,-62.1351795807146,0.9104543831656114,1.8586494566458798,5.0
549,56_59,Ni,-64.89,549,-63.49411822992316,0.9297626493007678,0.15939766821617307,3.0
550,56_60,Ni,-62.2,550,-66.57628420078363,0.9297626493007678,-3.1556053308593706,3.0
551,56_61,Ni,-66.1,551,-64.42130827922615,0.7756873221800308,-0.8229903658183069,1.0
552,56_62,Ni,-64.02810689108446,552,-63.843316176877785,0.8078536421203113,0.031229315412434167,2.0
553,56_63,Ni,-66.67746954970062,553,-64.92324094387617,0.9172796053104215,-1.032213463387301,4.0
554,56_64,Ni,-70.5,554,-65.05355802433334,0.7756873221800308,-1.6380736178305835,1.0
555,56_65,Ni,-71.5,555,-66.68283071587378,0.9104543831656114,-3.1362752965824874,5.0
556,56_66,Ni,-60.3835,556,-59.562190839935575,0.9172796053104215,4.812296839582241,4.0
557,57_57,Ni,-68.41945479949936,557,-70.13133630274505,0.9104543831656114,-6.923950605345321,5.0
558,57_58,Ni,-66.68329100729898,558,-66.1229691015995,0.9104543831656114,-2.5213497993514538,5.0
559,57_59,Ni,-66.31835014373064,559,-65.10221925721075,0.9297626493007678,-1.5701846380820694,3.0
560,57_60,Ni,-68.84324134839699,560,-71.87890166977016,0.9172796053104215,-8.615136582603585,4.0
561,57_61,Ni,-66.64047100627795,561,-64.53608026953331,0.9297626493007678,-0.9612776357377658,3.0
562,57_62,Ni,-66.4537047133781,562,-65.67463293394519,0.8078536421203113,-2.2356624352528143,2.0
563,57_63,Ni,-68.4712871699594,563,-66.65170524079643,0.8078536421203113,-3.445129417770579,2.0
564,57_64,Ni,-72.54394687712193,564,-69.5347442219377,0.7756873221800308,-7.415125877767238,1.0
565,57_65,Ni,-72.13507749745622,565,-71.99707780529098,0.9104543831656114,-8.973192760739012,5.0
566,57_66,Ni,-62.91484629036859,566,-63.242012962488936,0.8078536421203113,0.7755512854299893,2.0
567,58_58,Ni,-63.71,567,-64.557642267571,0.9172796053104215,-0.6336450506714753,4.0
568,58_59,Ni,-64.92,568,-63.619147663444025,0.9297626493007678,0.02492309708245785,3.0
569,58_60,Ni,-58.75,569,-67.21818132833727,0.9297626493007678,-3.845993493942045,3.0
570,58_61,Ni,-64.26,570,-63.37578036906666,0.8078536421203113,0.609967571248006,2.0
571,58_62,Ni,-64.23946703597903,571,-64.4257933128609,0.9104543831656114,-0.657252245295441,5.0
572,58_63,Ni,-68.03,572,-64.230831497306,0.9104543831656114,-0.44311541520295566,5.0
573,58_64,Ni,-69.644409165252,573,-64.41687584475635,0.9297626493007678,-0.8330681138058869,3.0
574,58_65,Ni,-68.93,574,-67.04447013886129,0.9104543831656114,-3.5334829213402505,5.0
575,58_66,Ni,-59.4953,575,-61.68320879213563,0.9172796053104215,2.500005211249061,4.0
576,59_59,Ni,-66.56,576,-65.1741892017254,0.7756873221800308,-1.7935888285897679,1.0
577,59_60,Ni,-63.99031272251159,577,-67.85478701757172,0.9172796053104215,-4.228126745143376,4.0
578,59_61,Ni,-67.62,578,-64.43162117369583,0.9297626493007678,-0.8489273537426252,3.0
579,59_62,Ni,-67.54,579,-64.47513555281209,0.9172796053104215,-0.5436978695925081,4.0
580,59_63,Ni,-69.58341912506148,580,-65.86357847369045,0.9297626493007678,-2.389059452049146,3.0
581,59_64,Ni,-68.3,581,-62.870427004858016,0.9297626493007678,0.830204594622814,3.0
582,59_65,Ni,-69.98,582,-68.34369008575531,0.9172796053104215,-4.761119155912329,4.0
583,59_66,Ni,-60.6409,583,-60.7770829537381,0.9104543831656114,3.3503185090309695,5.0
584,60_60,Ni,-64.1271742428653,584,-68.89897654987669,0.7756873221800308,-6.5955073873241785,1.0
585,60_61,Ni,-65.14376530144364,585,-71.28610057873597,0.9172796053104215,-7.968876611704561,4.0
586,60_62,Ni,-64.53239877987653,586,-67.2361958787451,0.9297626493007678,-3.865368923167324,3.0
587,60_63,Ni,-66.71741723548621,587,-70.67178153596592,0.8078536421203113,-8.421372743997718,2.0
588,60_64,Ni,-68.98106921184808,588,-70.75189768884134,0.9104543831656114,-7.605545858847873,5.0
589,60_65,Ni,-72.69676307495683,589,-75.00518916755048,0.8078536421203113,-13.785472632451526,2.0
590,60_66,Ni,-59.50288915773854,590,-61.631545977628214,0.7756873221800308,2.7735133049616225,1.0
591,61_61,Ni,-67.0,591,-64.88620670373375,0.9297626493007678,-1.3378537806966344,3.0
592,61_62,Ni,-65.25,592,-65.52638012120535,0.8078536421203113,-2.052147990296256,2.0
593,61_63,Ni,-70.55961502017453,593,-67.23982181719178,0.9297626493007678,-3.8692687770164915,3.0
594,61_64,Ni,-71.28,594,-64.53110354530644,0.9297626493007678,-0.9559249532756124,3.0
595,61_65,Ni,-71.24854090809822,595,-67.44770926098927,0.9297626493007678,-4.0928607270198905,3.0
596,61_66,Ni,-60.3364,596,-60.83655932450378,0.8078536421203113,3.7531372150691036,2.0
597,62_62,Ni,-65.92363134864718,597,-65.33683766905722,0.7756873221800308,-2.0032718576673885,1.0
598,62_63,Ni,-71.53,598,-66.48746169936193,0.7756873221800308,-3.486632481727794,1.0
599,62_64,Ni,-69.87494891369715,599,-65.97671664612982,0.9172796053104215,-2.18069174215284,4.0
600,62_65,Ni,-71.08007980929688,600,-66.55246354715851,0.7756873221800308,-3.5704315150984756,1.0
601,62_66,Ni,-60.8296,601,-61.2154542643922,0.9104543831656114,2.8688322108049094,5.0
602,63_63,Ni,-70.33,602,-62.99565023100392,0.8078536421203113,1.0805108952405085,2.0
603,63_64,Ni,-73.81,603,-66.7204653097859,0.8078536421203113,-3.5302439303560496,2.0
604,63_65,Ni,-75.0,604,-67.17946046772994,0.9172796053104215,-3.4918991587759263,4.0
605,63_66,Ni,-61.84,605,-62.64898854480327,0.9172796053104215,1.4471313142645057,4.0
606,64_64,Ni,-76.53262689523399,606,-71.78961896136418,0.9297626493007678,-8.76277267028871,3.0
607,64_65,Ni,-76.6855572448112,607,-74.48458204347591,0.9104543831656114,-11.705349675109577,5.0
608,64_66,Ni,-67.33227618271485,608,-64.83592197852873,0.9172796053104215,-0.9370200623327949,4.0
609,65_65,Ni,-76.51658829348162,609,-72.70950846753414,0.9297626493007678,-9.75215367721747,3.0
610,65_66,Ni,-68.5054148179479,610,-67.46994240548527,0.9297626493007678,-4.116773436906354,3.0
611,66_66,Ni,-55.7,611,-55.46462764838787,0.8078536421203113,10.402771995468955,2.0
612,50_50,Pd,-38.48,612,-38.16048461744851,0.5165482294230239,0.7066803451080715,1.0
613,50_51,Pd,-36.82,613,-36.85797556022245,0.4962858411400878,3.2442943240890325,2.0
614,50_52,Pd,-37.61,614,-37.33254948624703,0.4962858411400878,2.2880431343827734,2.0
615,50_53,Pd,-37.22,615,-37.32043861086997,0.5165482294230239,2.332948636680496,1.0
616,50_54,Pd,-36.44,616,-36.46075221539675,0.4962858411400878,4.044686581730675,2.0
617,50_55,Pd,-37.43,617,-36.60350096782298,0.5784983798441861,3.0994221327382596,4.0
618,50_56,Pd,-37.58,618,-38.063921257051014,0.6029264639985678,0.5933383338945981,3.0
619,50_57,Pd,-39.38,619,-37.220971177015024,0.4962858411400878,2.5128698370259133,2.0
620,50_58,Pd,-38.13,620,-36.559623838082786,0.6029264639985678,3.0883315192854583,3.0
621,50_59,Pd,-38.34,621,-38.52982747903711,0.4962858411400878,-0.12443349408529909,2.0
622,50_60,Pd,-40.27,622,-38.917969780081414,0.5165482294230239,-0.759756125846442,1.0
623,50_61,Pd,-37.83,623,-37.4360234174655,0.5431897840712685,2.162607652487337,5.0
624,50_62,Pd,-38.92,624,-38.45980031884188,0.5431897840712685,0.2778577337700586,5.0
625,50_63,Pd,-39.9,625,-38.5154598951121,0.5431897840712685,0.17538972368885028,5.0
626,50_64,Pd,-41.59,626,-37.77388508467254,0.6029264639985678,1.0743856749832157,3.0
627,50_65,Pd,-42.26,627,-40.93352542883407,0.6029264639985678,-4.166121306924673,3.0
628,50_66,Pd,-34.46,628,-33.94811784337436,0.5431897840712685,8.583762240390099,5.0
629,51_51,Pd,-36.39141789916903,629,-34.73788670283281,0.4962858411400878,7.516205149752091,2.0
630,51_52,Pd,-36.84,630,-39.41810826873363,0.5165482294230239,-1.727988054955685,1.0
631,51_53,Pd,-36.23,631,-36.91040813434323,0.5784983798441861,2.5688983193389765,4.0
632,51_54,Pd,-34.59,632,-36.52219434264186,0.5431897840712685,3.8449461308997734,5.0
633,51_55,Pd,-35.7,633,-38.71374300488799,0.6029264639985678,-0.4844411079421376,3.0
634,51_56,Pd,-37.64,634,-37.60714280023128,0.4962858411400878,1.7347464427958408,2.0
635,51_57,Pd,-38.86,635,-39.4955593272897,0.4962858411400878,-2.0703520921941463,2.0
636,51_58,Pd,-38.26,636,-38.74657675056106,0.5165482294230239,-0.4279516209470767,1.0
637,51_59,Pd,-37.98,637,-38.58479498740685,0.5165482294230239,-0.11475383235933156,1.0
638,51_60,Pd,-37.74,638,-41.10387076498905,0.6029264639985678,-4.4486521731687185,3.0
639,51_61,Pd,-38.35,639,-36.8685996580402,0.4962858411400878,3.222887108857284,2.0
640,51_62,Pd,-38.65,640,-38.9996497112135,0.6029264639985678,-0.9586394113793351,3.0
641,51_63,Pd,-38.89,641,-37.9791884722352,0.6029264639985678,0.7338741867312356,3.0
642,51_64,Pd,-43.88,642,-41.16288793361293,0.6029264639985678,-4.546536694993288,3.0
643,51_65,Pd,-46.49,643,-47.56013437205242,0.5784983798441861,-15.840360217526086,4.0
644,51_66,Pd,-33.24,644,-34.84662812377403,0.6029264639985678,5.929466909077903,3.0
645,52_52,Pd,-36.03,645,-35.19223612249375,0.5165482294230239,6.452994679144685,1.0
646,52_53,Pd,-36.46,646,-37.304735028468166,0.4962858411400878,2.3440883717705017,2.0
647,52_54,Pd,-35.14,647,-34.45312841309737,0.5165482294230239,7.883853730238438,1.0
648,52_55,Pd,-35.99,648,-36.90338298593589,0.5431897840712685,3.143186535133861,5.0
649,52_56,Pd,-36.77,649,-37.4107971959703,0.4962858411400878,2.1303765172100686,2.0
650,52_57,Pd,-38.45,650,-36.612854931688474,0.5431897840712685,3.6780420548195822,5.0
651,52_58,Pd,-38.01,651,-37.8218049095182,0.6029264639985678,0.9949069529383162,3.0
652,52_59,Pd,-38.33,652,-36.52323622349566,0.5784983798441861,3.2381688382155356,4.0
653,52_60,Pd,-38.73,653,-38.44309914920299,0.6029264639985678,-0.035557418395480045,3.0
654,52_61,Pd,-37.9,654,-38.27154110785914,0.5784983798441861,0.21602574278565131,4.0
655,52_62,Pd,-38.91,655,-38.07395488225345,0.5784983798441861,0.5575759225094197,4.0
656,52_63,Pd,-38.96,656,-39.04311655192725,0.5165482294230239,-1.002031221795614,1.0
657,52_64,Pd,-40.12,657,-38.34004618353823,0.4962858411400878,0.257969709405068,2.0
658,52_65,Pd,-40.56,658,-39.14029492190808,0.5784983798441861,-1.2857136644758356,4.0
659,52_66,Pd,-33.41,659,-34.364972992626925,0.5165482294230239,8.054516246241857,1.0
660,53_53,Pd,-36.82,660,-37.106529438337326,0.5165482294230239,2.7470613184170634,1.0
661,53_54,Pd,-35.49,661,-35.78518708632599,0.6029264639985678,4.3727945475306935,3.0
662,53_55,Pd,-36.91,662,-36.404912544982885,0.5784983798441861,3.442704723942031,4.0
663,53_56,Pd,-37.94,663,-38.18708528389169,0.5431897840712685,0.7799198913205166,5.0
664,53_57,Pd,-38.82,664,-37.512344342542576,0.5431897840712685,2.0221025706261764,5.0
665,53_58,Pd,-38.48,665,-38.52200659847897,0.4962858411400878,-0.10867467142741827,2.0
666,53_59,Pd,-37.83,666,-37.510488271754845,0.5165482294230239,1.9650262432630285,1.0
667,53_60,Pd,-39.7,667,-40.77534469651995,0.6029264639985678,-3.903766373513596,3.0
668,53_61,Pd,-38.16,668,-37.5287406957787,0.5784983798441861,1.5000404227930684,4.0
669,53_62,Pd,-38.16,669,-36.89207607510826,0.5784983798441861,2.6005873609572197,4.0
670,53_63,Pd,-39.39,670,-38.23278023045802,0.4962858411400878,0.47410715316891405,2.0
671,53_64,Pd,-41.15,671,-39.52426890131214,0.6029264639985678,-1.8287607635246736,3.0
672,53_65,Pd,-41.08,672,-40.33564094865127,0.5784983798441861,-3.352004717987762,4.0
673,53_66,Pd,-33.94,673,-36.11540859562076,0.5165482294230239,4.665799562517974,1.0
674,54_54,Pd,-34.88,674,-35.539490344242935,0.5784983798441861,4.93868506008929,4.0
675,54_55,Pd,-36.09,675,-36.836052582035286,0.6029264639985678,2.6298531467833675,3.0
676,54_56,Pd,-36.79,676,-37.33742310867063,0.5431897840712685,2.344128571485206,5.0
677,54_57,Pd,-40.43,677,-38.8240011621417,0.5165482294230239,-0.5778396801262147,1.0
678,54_58,Pd,-36.25,678,-38.46826552896913,0.5165482294230239,0.11083876829267787,1.0
679,54_59,Pd,-37.47,679,-38.82866266510382,0.5165482294230239,-0.5868640126020662,1.0
680,54_60,Pd,-37.87,680,-39.24671717883274,0.4962858411400878,-1.5689431705023478,2.0
681,54_61,Pd,-37.21,681,-38.18095892425998,0.4962858411400878,0.578525417609006,2.0
682,54_62,Pd,-37.78,682,-39.83803138989385,0.5431897840712685,-2.259434224708941,5.0
683,54_63,Pd,-38.98,683,-39.38333603953512,0.5784983798441861,-1.7058377756142338,4.0
684,54_64,Pd,-41.65,684,-41.107800265555944,0.5784983798441861,-4.686769591681359,4.0
685,54_65,Pd,-42.08,685,-42.41408756424614,0.4962858411400878,-7.951092574839948,2.0
686,54_66,Pd,-32.92,686,-32.8999185886057,0.5165482294230239,10.890755576028472,1.0
687,55_55,Pd,-36.32,687,-35.804055418759035,0.4962858411400878,5.367909495221668,2.0
688,55_56,Pd,-36.67,688,-37.43122746801195,0.5431897840712685,2.17143688601527,5.0
689,55_57,Pd,-38.17,689,-37.258042434579146,0.5431897840712685,2.4902665814759595,5.0
690,55_58,Pd,-37.36,690,-37.829677967455034,0.5431897840712685,1.4378986068954858,5.0
691,55_59,Pd,-37.4,691,-38.16256189848205,0.5431897840712685,0.8250668843766674,5.0
692,55_60,Pd,-39.55,692,-38.25965724850914,0.5431897840712685,0.6463165601357528,5.0
693,55_61,Pd,-36.92,693,-38.04177130339606,0.6029264639985678,0.6300757388312761,3.0
694,55_62,Pd,-38.49,694,-37.70053835557131,0.5431897840712685,1.675641686148199,5.0
695,55_63,Pd,-39.68,695,-39.06326716665073,0.5431897840712685,-0.8331109653939818,5.0
696,55_64,Pd,-40.03,696,-41.69637203247799,0.6029264639985678,-5.431361181427394,3.0
697,55_65,Pd,-40.46,697,-41.5734158875226,0.5165482294230239,-5.900507668848114,1.0
698,55_66,Pd,-33.43,698,-31.817820332505978,0.6029264639985678,10.95297802050135,3.0
699,56_56,Pd,-38.22,699,-37.593222725656176,0.5165482294230239,1.804858326331537,1.0
700,56_57,Pd,-39.24,700,-38.30378825212343,0.6029264639985678,0.19550043923388605,3.0
701,56_58,Pd,-38.02,701,-38.16687675059592,0.6029264639985678,0.4225787144509489,3.0
702,56_59,Pd,-38.29,702,-39.040075925564416,0.4962858411400878,-1.1525676946402512,2.0
703,56_60,Pd,-40.47,703,-39.44379743212869,0.4962858411400878,-1.9660535390818938,2.0
704,56_61,Pd,-38.02,704,-38.95063331477779,0.5165482294230239,-0.8229903658183069,1.0
705,56_62,Pd,-38.58,705,-38.67023616683265,0.5431897840712685,-0.10954986144193964,5.0
706,56_63,Pd,-40.55,706,-39.39372007864791,0.6029264639985678,-1.612235481488721,3.0
707,56_64,Pd,-41.08,707,-40.43675126718452,0.6029264639985678,-3.342183080105131,3.0
708,56_65,Pd,-42.0,708,-41.96355953220381,0.5165482294230239,-6.655797538134847,1.0
709,56_66,Pd,-34.32,709,-34.862760326911626,0.6029264639985678,5.90271040708161,3.0
710,57_57,Pd,-40.79,710,-42.37174903548862,0.5431897840712685,-6.923950605345321,5.0
711,57_58,Pd,-40.18,711,-40.03534847059794,0.5784983798441861,-2.832915143122903,4.0
712,57_59,Pd,-39.94,712,-39.368366512324585,0.6029264639985678,-1.5701846380820694,3.0
713,57_60,Pd,-41.79,713,-42.71426663000925,0.6029264639985678,-7.119617806921409,3.0
714,57_61,Pd,-39.4,714,-39.804185440953724,0.4962858411400878,-2.692223780000187,2.0
715,57_62,Pd,-40.34,715,-40.4151542484143,0.6029264639985678,-3.306362760282067,3.0
716,57_63,Pd,-42.59,716,-40.477898719777215,0.5784983798441861,-3.5979133948007607,4.0
717,57_64,Pd,-42.77,717,-44.36023006308459,0.6029264639985678,-9.849574993009117,3.0
718,57_65,Pd,-43.56,718,-45.159451490198876,0.5165482294230239,-12.842813146657637,1.0
719,57_66,Pd,-37.59,719,-37.63983539157715,0.5165482294230239,1.7146195775257567,1.0
720,58_58,Pd,-39.38,720,-38.76307428527502,0.5784983798441861,-0.6336450506714753,4.0
721,58_59,Pd,-38.78,721,-39.08334014067843,0.5431897840712685,-0.8700648526288438,5.0
722,58_60,Pd,-38.71,722,-40.740511898524865,0.6029264639985678,-3.845993493942045,3.0
723,58_61,Pd,-38.19,723,-37.158738443929444,0.5784983798441861,2.1396312405736064,4.0
724,58_62,Pd,-39.33,724,-38.921318660520335,0.6029264639985678,-0.8287213278809229,3.0
725,58_63,Pd,-40.27,725,-39.84589843786025,0.5165482294230239,-2.5561588718500845,1.0
726,58_64,Pd,-41.63,726,-39.75993723341262,0.4962858411400878,-2.6030650656603767,2.0
727,58_65,Pd,-41.98,727,-40.09360161275562,0.5784983798441861,-2.933612300085332,4.0
728,58_66,Pd,-34.9,728,-36.594090375742645,0.5431897840712685,3.7125871742163143,5.0
729,59_59,Pd,-39.65,729,-40.24263368900875,0.5784983798441861,-3.191231130916402,4.0
730,59_60,Pd,-40.64,730,-40.84247612190659,0.5784983798441861,-4.228126745143376,4.0
731,59_61,Pd,-40.0,731,-38.93350140824459,0.6029264639985678,-0.8489273537426252,3.0
732,59_62,Pd,-39.34,732,-40.064367956236296,0.6029264639985678,-2.724556664308753,3.0
733,59_63,Pd,-40.51,733,-40.984828643798636,0.5165482294230239,-4.761045349170034,1.0
734,59_64,Pd,-42.0,734,-37.92110832002959,0.6029264639985678,0.830204594622814,3.0
735,59_65,Pd,-42.51,735,-41.773344297764325,0.5165482294230239,-6.28755460629486,1.0
736,59_66,Pd,-35.01,736,-36.03976923517291,0.4962858411400878,4.892953740142334,2.0
737,60_60,Pd,-44.5,737,-43.54031395793927,0.5431897840712685,-9.075251967628173,5.0
738,60_61,Pd,-41.55,738,-42.984536639033,0.5431897840712685,-8.052078603172284,5.0
739,60_62,Pd,-40.79,739,-42.363987215677575,0.5431897840712685,-6.909661272153395,5.0
740,60_63,Pd,-41.21,740,-42.647480953568106,0.4962858411400878,-8.421372743997718,2.0
741,60_64,Pd,-41.99,741,-43.43762848125472,0.6029264639985678,-8.319369177010852,3.0
742,60_65,Pd,-42.25,742,-43.86229878566465,0.5431897840712685,-9.668018689623684,5.0
743,60_66,Pd,-35.8,743,-38.190999378679486,0.5431897840712685,0.7727141321133753,5.0
744,61_61,Pd,-40.21,744,-40.58423372272984,0.5165482294230239,-3.9855225649447217,1.0
745,61_62,Pd,-39.04,745,-39.59966890711298,0.5165482294230239,-2.0794763149815694,1.0
746,61_63,Pd,-40.64,746,-42.51056810699275,0.4962858411400878,-8.145497763843478,2.0
747,61_64,Pd,-42.21,747,-38.99801309258735,0.6029264639985678,-0.9559249532756124,3.0
748,61_65,Pd,-41.9,748,-42.720471569853956,0.5431897840712685,-7.565940835263898,5.0
749,61_66,Pd,-35.44,749,-36.07127027638257,0.6029264639985678,3.8983035322262767,3.0
750,62_62,Pd,-40.57,750,-39.87726333363754,0.5431897840712685,-2.331659338093152,5.0
751,62_63,Pd,-41.74,751,-41.74997683086209,0.4962858411400878,-6.612930817376895,2.0
752,62_64,Pd,-42.28,752,-40.72846365941291,0.4962858411400878,-4.554614648004595,2.0
753,62_65,Pd,-42.69,753,-42.68369477488661,0.6029264639985678,-7.068912029437556,3.0
754,62_66,Pd,-35.41,754,-37.05240945212715,0.5431897840712685,2.8688322108049094,5.0
755,63_63,Pd,-41.44,755,-37.93183063925352,0.4962858411400878,1.0805108952405085,2.0
756,63_64,Pd,-43.59,756,-41.67039435918032,0.5784983798441861,-5.659277230814091,4.0
757,63_65,Pd,-44.13,757,-42.79493022699369,0.6029264639985678,-7.253404598181966,3.0
758,63_66,Pd,-36.48,758,-37.55934852934148,0.5784983798441861,1.4471313142645057,4.0
759,64_64,Pd,-44.71,759,-47.72907412057607,0.5165482294230239,-17.817416647375143,1.0
760,64_65,Pd,-45.23,760,-47.72917703970093,0.5165482294230239,-17.817615891354677,1.0
761,64_66,Pd,-38.85,761,-38.9385762380063,0.5784983798441861,-0.9370200623327949,4.0
762,65_65,Pd,-45.09,762,-47.760294245728865,0.5431897840712685,-16.844139401703917,5.0
763,65_66,Pd,-39.28,763,-40.903772292058065,0.6029264639985678,-4.116773436906354,3.0
764,66_66,Pd,-30.08,764,-31.823139141144612,0.5431897840712685,12.495799551369695,5.0
765,50_50,Pt,-49.16,765,-48.99160542996818,0.4678502001695348,-0.14791767507068,5.0
766,50_51,Pt,-47.84,766,-47.45843098720885,0.46350891586660026,3.269383477509165,4.0
767,50_52,Pt,-48.49,767,-48.39464076055575,0.46350891586660026,1.2495522697393646,4.0
768,50_53,Pt,-48.04,768,-48.4577530544437,0.46350891586660026,1.11339028508811,4.0
769,50_54,Pt,-47.555620653089136,769,-46.95349927448584,0.4678502001695348,4.208404401405499,5.0
770,50_55,Pt,-49.04752762615681,770,-46.60550132297095,0.4678502001695348,4.952227854700564,5.0
771,50_56,Pt,-49.52990785334259,771,-47.926856169465424,0.46350891586660026,2.2587768500599674,4.0
772,50_57,Pt,-49.55,772,-47.919656333975766,0.4678502001695348,2.143305232612116,5.0
773,50_58,Pt,-48.85,773,-47.35212005821253,0.3878606768135485,4.075995650571243,2.0
774,50_59,Pt,-49.68235762324184,774,-49.06399587283762,0.45763567367711494,-0.017866771440991434,3.0
775,50_60,Pt,-49.2421606220305,775,-49.178995151470005,0.35351616083465703,-0.759756125846442,1.0
776,50_61,Pt,-48.69,776,-48.79219050182104,0.46350891586660026,0.39185627370441245,4.0
777,50_62,Pt,-49.83450109977275,777,-48.79240631971478,0.4678502001695348,0.2778577337700586,5.0
778,50_63,Pt,-50.81,778,-48.7851242536784,0.46350891586660026,0.407101391760938,4.0
779,50_64,Pt,-51.15,779,-49.87549232679076,0.35351616083465703,-2.729955094052927,1.0
780,50_65,Pt,-52.1,780,-49.62531365260371,0.4678502001695348,-1.5024286326504475,5.0
781,50_66,Pt,-46.1,781,-44.90648723370355,0.4678502001695348,8.583762240390099,5.0
782,51_51,Pt,-46.21925849467516,782,-47.33784046387463,0.46350891586660026,3.52955220179089,4.0
783,51_52,Pt,-47.17145764268935,783,-48.71221422913031,0.46350891586660026,0.5644015472752574,4.0
784,51_53,Pt,-46.75455421768129,784,-48.356098063349236,0.3878606768135485,1.4874939922313388,2.0
785,51_54,Pt,-45.29323107516393,785,-46.89031185252945,0.45763567367711494,4.731946552425492,3.0
786,51_55,Pt,-47.15781298046932,786,-49.27751693364278,0.45763567367711494,-0.4844411079421376,3.0
787,51_56,Pt,-47.6245458163321,787,-49.397420122925524,0.45763567367711494,-0.7464468827964428,3.0
788,51_57,Pt,-48.09943702165037,788,-49.51077565145094,0.46350891586660026,-1.158459426882273,4.0
789,51_58,Pt,-48.0638887505047,789,-49.11125259272755,0.3878606768135485,-0.45947968806605255,2.0
790,51_59,Pt,-47.9447015686892,790,-48.85432744606571,0.46350891586660026,0.25779856280041863,4.0
791,51_60,Pt,-48.27382075740024,791,-49.765363595462354,0.46350891586660026,-1.707721663910482,4.0
792,51_61,Pt,-48.66557651897893,792,-49.42428724110709,0.45763567367711494,-0.805155413898682,3.0
793,51_62,Pt,-47.9191789557226,793,-49.49452699369281,0.45763567367711494,-0.9586394113793351,3.0
794,51_63,Pt,-49.777706497348845,794,-49.2830097355623,0.4678502001695348,-0.770775815322672,5.0
795,51_64,Pt,-50.01381782209501,795,-54.49502875432486,0.35351616083465703,-15.797353248149486,1.0
796,51_65,Pt,-50.83189242566005,796,-61.864193385833396,0.4678502001695348,-27.662254424740922,5.0
797,51_66,Pt,-44.68,797,-45.96187447340952,0.35351616083465703,8.340593545480637,1.0
798,52_52,Pt,-46.95,798,-46.19817340394531,0.45763567367711494,6.244368962642744,3.0
799,52_53,Pt,-47.51998624531552,799,-48.413552829120555,0.45763567367711494,1.4034451610199217,3.0
800,52_54,Pt,-46.18,800,-46.66485660634148,0.46350891586660026,4.981485130146551,4.0
801,52_55,Pt,-47.02,801,-47.460185876861104,0.3878606768135485,3.797375452369192,2.0
802,52_56,Pt,-48.24651237204671,802,-48.44463879223471,0.45763567367711494,1.335517844811416,3.0
803,52_57,Pt,-48.61,803,-47.16003150195803,0.46350891586660026,3.91316717839637,4.0
804,52_58,Pt,-48.55067512905225,804,-48.600514487198815,0.45763567367711494,0.9949069529383162,3.0
805,52_59,Pt,-49.05,805,-47.472899250827005,0.46350891586660026,3.2381688382155356,4.0
806,52_60,Pt,-48.62,806,-49.10706258188733,0.46350891586660026,-0.28746632244799286,4.0
807,52_61,Pt,-48.91,807,-48.49797132086858,0.3878606768135485,1.1217099207835892,2.0
808,52_62,Pt,-49.15262558078393,808,-49.01506497665712,0.45763567367711494,0.08905429917253468,3.0
809,52_63,Pt,-50.463408284820616,809,-48.54462668219673,0.46350891586660026,0.9259642728168986,4.0
810,52_64,Pt,-50.43,810,-50.206300062488616,0.4678502001695348,-2.7442500739459246,5.0
811,52_65,Pt,-51.50536475516856,811,-51.05357341480081,0.4678502001695348,-4.555242891743516,5.0
812,52_66,Pt,-44.20042307442054,812,-45.83370684290454,0.3878606768135485,7.990837515393542,2.0
813,53_53,Pt,-47.53,813,-47.48531469245753,0.4678502001695348,3.071682823047789,5.0
814,53_54,Pt,-47.03,814,-46.53243918216227,0.4678502001695348,5.108393526495094,5.0
815,53_55,Pt,-47.85,815,-47.60258493394744,0.45763567367711494,3.175527063326542,3.0
816,53_56,Pt,-48.68,816,-48.55751643880725,0.4678502001695348,0.7799198913205166,5.0
817,53_57,Pt,-49.31,817,-47.976361023646966,0.4678502001695348,2.0221025706261764,5.0
818,53_58,Pt,-49.25,818,-48.9751891215445,0.3878606768135485,-0.10867467142741827,2.0
819,53_59,Pt,-48.6,819,-47.82170690132635,0.3878606768135485,2.865285539477508,2.0
820,53_60,Pt,-49.12,820,-50.84232215507375,0.45763567367711494,-3.903766373513596,3.0
821,53_61,Pt,-48.97728926734999,821,-48.278537268296404,0.46350891586660026,1.5000404227930684,4.0
822,53_62,Pt,-49.2,822,-47.89076699610238,0.3878606768135485,2.6872316688366675,2.0
823,53_63,Pt,-50.37,823,-48.060720768510365,0.4678502001695348,1.8417889898414963,5.0
824,53_64,Pt,-50.29945758869872,824,-49.837576647091204,0.3878606768135485,-2.332121329210854,2.0
825,53_65,Pt,-51.39,825,-50.7836717647504,0.45763567367711494,-3.775606805331134,3.0
826,53_66,Pt,-44.68724353145808,826,-47.26097353412478,0.35351616083465703,4.665799562517974,1.0
827,54_54,Pt,-44.68352096481249,827,-46.723088184277614,0.3878606768135485,5.697794176533453,2.0
828,54_55,Pt,-46.53663465147838,828,-47.852304784352704,0.45763567367711494,2.6298531467833675,3.0
829,54_56,Pt,-47.055940699297935,829,-48.539399452156076,0.46350891586660026,0.9372417905985828,4.0
830,54_57,Pt,-47.33588373847306,830,-49.95962690025952,0.45763567367711494,-1.9749498375959562,3.0
831,54_58,Pt,-47.33295685937628,831,-47.54471474264004,0.4678502001695348,2.9447189996680194,5.0
832,54_59,Pt,-47.21227906877175,832,-48.552181317254714,0.46350891586660026,0.9096654815760475,4.0
833,54_60,Pt,-46.94865728029981,833,-49.858328007166925,0.35351616083465703,-2.6814019541248557,1.0
834,54_61,Pt,-47.82987803500146,834,-49.07458150564775,0.45763567367711494,-0.04099790701238015,3.0
835,54_62,Pt,-47.06184840248898,835,-49.97947887037773,0.4678502001695348,-2.259434224708941,5.0
836,54_63,Pt,-48.9864214444533,836,-49.95107271356527,0.3878606768135485,-2.6247420388081304,2.0
837,54_64,Pt,-49.12197119696066,837,-51.62544625215303,0.4678502001695348,-5.777584652300626,5.0
838,54_65,Pt,-49.92404074408114,838,-52.38492362646308,0.4678502001695348,-7.400919159873419,5.0
839,54_66,Pt,-44.54,839,-45.171791408716366,0.45763567367711494,8.48716176544576,3.0
840,55_55,Pt,-47.36,840,-46.939229882085634,0.46350891586660026,4.389536914369138,4.0
841,55_56,Pt,-47.63,841,-48.0818444449522,0.35351616083465703,2.3437815000640976,1.0
842,55_57,Pt,-48.74,842,-49.08399214756485,0.45763567367711494,-0.06156151788974401,3.0
843,55_58,Pt,-48.27,843,-48.33668033669307,0.45763567367711494,1.5714226523938088,3.0
844,55_59,Pt,-49.21210722438991,844,-48.33826283714065,0.3878606768135485,1.5334775818932742,2.0
845,55_60,Pt,-49.04,845,-48.64874005183096,0.35351616083465703,0.7401897277946057,1.0
846,55_61,Pt,-47.85,846,-48.39050004635683,0.3878606768135485,1.398797238308727,2.0
847,55_62,Pt,-49.45,847,-48.1384528178009,0.4678502001695348,1.675641686148199,5.0
848,55_63,Pt,-50.34163195686415,848,-48.77267580064024,0.46350891586660026,0.4339583789990039,4.0
849,55_64,Pt,-50.32,849,-51.541404034099045,0.45763567367711494,-5.431361181427394,3.0
850,55_65,Pt,-50.78,850,-50.996333900756795,0.35351616083465703,-5.900507668848114,1.0
851,55_66,Pt,-45.4,851,-43.50544473209885,0.3878606768135485,13.993668557543568,2.0
852,56_56,Pt,-49.3,852,-48.22244519839737,0.46350891586660026,1.621056584465311,4.0
853,56_57,Pt,-49.841633189469576,853,-48.990280939252294,0.35351616083465703,-0.22593551698898037,1.0
854,56_58,Pt,-48.4387924131006,854,-48.86243230618342,0.45763567367711494,0.4225787144509489,3.0
855,56_59,Pt,-49.23,855,-48.97827994035949,0.35351616083465703,-0.1919879914657546,1.0
856,56_60,Pt,-50.0,856,-49.35208450996827,0.4678502001695348,-0.9184187454335023,5.0
857,56_61,Pt,-48.9,857,-49.20134947721816,0.35351616083465703,-0.8229903658183069,1.0
858,56_62,Pt,-49.79724176507443,858,-49.07460324841198,0.45763567367711494,-0.04104541809046472,3.0
859,56_63,Pt,-51.61,859,-49.79363587155003,0.45763567367711494,-1.612235481488721,3.0
860,56_64,Pt,-51.43,860,-50.8210510777093,0.3878606768135485,-4.867759741173057,2.0
861,56_65,Pt,-51.74,861,-52.477933978257354,0.46350891586660026,-7.559972375686843,4.0
862,56_66,Pt,-46.75468210503459,862,-46.10937249477009,0.4678502001695348,6.012671620720271,5.0
863,57_57,Pt,-49.75898809265345,863,-52.161773792752534,0.4678502001695348,-6.923950605345321,5.0
864,57_58,Pt,-49.883226023986936,864,-50.44265066923539,0.35351616083465703,-4.334290072984459,1.0
865,57_59,Pt,-49.77113108802587,865,-50.06721080715005,0.4678502001695348,-2.446955650884517,5.0
866,57_60,Pt,-49.42902110237628,866,-52.96701199586657,0.46350891586660026,-8.615136582603585,4.0
867,57_61,Pt,-50.48490762338042,867,-49.775184434275246,0.35351616083465703,-2.4462116513806382,1.0
868,57_62,Pt,-49.41807514242828,868,-49.800164035195955,0.3878606768135485,-2.2356624352528143,2.0
869,57_63,Pt,-51.307055437006056,869,-50.64148431542732,0.46350891586660026,-3.5979133948007607,4.0
870,57_64,Pt,-51.73868455784395,870,-53.27943395115345,0.3878606768135485,-11.206074039082518,2.0
871,57_65,Pt,-52.58213950973004,871,-54.24084249768636,0.46350891586660026,-11.363369590027336,4.0
872,57_66,Pt,-47.67888587107882,872,-48.66946146342147,0.46350891586660026,0.6566387497223968,4.0
873,58_58,Pt,-49.93,873,-49.071862636532465,0.4678502001695348,-0.31946234157973996,5.0
874,58_59,Pt,-49.57,874,-49.03712483406768,0.46350891586660026,-0.13657872260779916,4.0
875,58_60,Pt,-50.34,875,-48.84888624087692,0.3878606768135485,0.2169651477602669,2.0
876,58_61,Pt,-49.1,876,-47.982081221748714,0.46350891586660026,2.1396312405736064,4.0
877,58_62,Pt,-49.22209198307246,877,-49.43507184402817,0.45763567367711494,-0.8287213278809229,3.0
878,58_63,Pt,-51.17,878,-49.12971375177867,0.4678502001695348,-0.44311541520295566,5.0
879,58_64,Pt,-51.36319346958771,879,-49.942665068088914,0.3878606768135485,-2.6030650656603767,2.0
880,58_65,Pt,-52.06,880,-50.57554280812242,0.4678502001695348,-3.5334829213402505,5.0
881,58_66,Pt,-46.53,881,-47.815044673294395,0.46350891586660026,2.500005211249061,4.0
882,59_59,Pt,-50.36,882,-50.4529834601921,0.46350891586660026,-3.191231130916402,4.0
883,59_60,Pt,-50.38957622600719,883,-51.04709389459685,0.35351616083465703,-6.0440937321279655,1.0
884,59_61,Pt,-50.42950512934476,884,-50.028354508820215,0.35351616083465703,-3.1623601690247285,1.0
885,59_62,Pt,-50.02,885,-50.12359566760741,0.3878606768135485,-3.0695485488660736,2.0
886,59_63,Pt,-52.03542282665149,886,-50.59351555608845,0.35351616083465703,-4.761045349170034,1.0
887,59_64,Pt,-51.9,887,-49.69667814669117,0.46350891586660026,-1.5595358439187355,4.0
888,59_65,Pt,-52.38,888,-51.13316124814578,0.35351616083465703,-6.28755460629486,1.0
889,59_66,Pt,-46.63,889,-47.38861643339888,0.45763567367711494,3.6430791202484074,3.0
890,60_60,Pt,-52.98300211690366,890,-51.24202753301362,0.35351616083465703,-6.5955073873241785,1.0
891,60_61,Pt,-50.300400730222464,891,-50.83609665725926,0.3878606768135485,-4.906550937211726,2.0
892,60_62,Pt,-51.42740067047998,892,-51.635575796135704,0.35351616083465703,-7.708747195634234,1.0
893,60_63,Pt,-51.41435876255855,893,-52.1993578221183,0.3878606768135485,-8.421372743997718,2.0
894,60_64,Pt,-50.20035432418808,894,-52.86305951874278,0.45763567367711494,-8.319369177010852,3.0
895,60_65,Pt,-52.34262352250517,895,-57.22725740623672,0.45763567367711494,-17.855771469313574,3.0
896,60_66,Pt,-46.03,896,-48.693679122027675,0.46350891586660026,0.6043902216419188,4.0
897,61_61,Pt,-51.16,897,-49.98109592553189,0.3878606768135485,-2.7021492465026022,2.0
898,61_62,Pt,-50.18,898,-49.860747869885785,0.46350891586660026,-1.9135090202229263,4.0
899,61_63,Pt,-53.4432824049145,899,-52.09235676559975,0.3878606768135485,-8.145497763843478,2.0
900,61_64,Pt,-52.29,900,-50.82778991189112,0.35351616083465703,-5.423743074924754,1.0
901,61_65,Pt,-52.61580571345985,901,-51.56325972746423,0.3878606768135485,-6.781355767077273,2.0
902,61_66,Pt,-47.27,902,-46.929105646164174,0.46350891586660026,4.411379505902754,4.0
903,62_62,Pt,-50.52717338316143,903,-49.618598058920846,0.35351616083465703,-2.0032718576673885,1.0
904,62_63,Pt,-52.76,904,-52.15175432444508,0.4678502001695348,-6.902534630095492,5.0
905,62_64,Pt,-52.51,905,-50.99388652671006,0.35351616083465703,-5.893584720711994,1.0
906,62_65,Pt,-53.0,906,-50.17261432443084,0.35351616083465703,-3.5704315150984756,1.0
907,62_66,Pt,-47.05,907,-47.17494981561265,0.35351616083465703,4.9091370051656575,1.0
908,63_63,Pt,-52.44,908,-48.513950802799776,0.3878606768135485,1.0805108952405085,2.0
909,63_64,Pt,-51.79913974041119,909,-53.45163811585255,0.45763567367711494,-9.605498364406872,3.0
910,63_65,Pt,-53.73,910,-52.13117846103712,0.35351616083465703,-9.110670841023737,1.0
911,63_66,Pt,-47.95,911,-48.30306111182995,0.46350891586660026,1.4471313142645057,4.0
912,64_64,Pt,-53.86081074969843,912,-55.49450026130034,0.4678502001695348,-14.04744113145843,5.0
913,64_65,Pt,-54.22564532328397,913,-56.49143019736543,0.46350891586660026,-16.21891308150744,4.0
914,64_66,Pt,-49.24636516626924,914,-50.7365238058292,0.4678502001695348,-3.877569549172075,5.0
915,65_65,Pt,-54.28606865601614,915,-56.80293610684848,0.4678502001695348,-16.844139401703917,5.0
916,65_66,Pt,-49.515428038779646,916,-51.47147383415188,0.3878606768135485,-6.544709211240759,2.0
917,66_66,Pt,-42.99,917,-43.67481525043052,0.35351616083465703,14.810055132694142,1.0
