Unnamed: 0,Record,Field,Value,idx,Ligand1,Ligand2,Group_L1,Group_L2,L1L2
1821,32_32,Ag,16.15,1821,32,32,NHC,NHC,NHC-NHC
1822,32_33,Ag,12.348427320830524,1822,32,33,NHC,NHC,NHC-NHC
1823,32_34,Ag,12.2446,1823,32,34,NHC,NHC,NHC-NHC
1824,32_35,Ag,16.605070924386382,1824,32,35,NHC,NHC,NHC-NHC
1825,32_36,Ag,8.512642297428101,1825,32,36,NHC,NHC,NHC-NHC
1826,32_37,Ag,13.4913,1826,32,37,NHC,NHC,NHC-NHC
1827,32_38,Ag,15.35,1827,32,38,NHC,NHC,NHC-NHC
1828,32_39,Ag,13.0717,1828,32,39,NHC,NHC,NHC-NHC
1829,32_40,Ag,9.07338,1829,32,40,NHC,NHC,NHC-NHC
1830,32_41,Ag,12.124746229033915,1830,32,41,NHC,NHC,NHC-NHC
1831,32_42,Ag,11.3321,1831,32,42,NHC,NHC,NHC-NHC
1832,32_43,Ag,17.8245,1832,32,43,NHC,NHC,NHC-NHC
1833,32_44,Ag,16.5472,1833,32,44,NHC,NHC,NHC-NHC
1834,32_45,Ag,16.866207339800894,1834,32,45,NHC,NHC,NHC-NHC
1835,32_46,Ag,13.430362077895552,1835,32,46,NHC,NHC,NHC-NHC
1836,32_47,Ag,13.6956,1836,32,47,NHC,NHC,NHC-NHC
1837,32_48,Ag,12.6028,1837,32,48,NHC,NHC,NHC-NHC
1838,32_49,Ag,13.9239,1838,32,49,NHC,NHC,NHC-NHC
1865,32_76,Ag,19.20394088793546,1865,32,76,NHC,NHC,NHC-NHC
1866,32_77,Ag,12.844073952175677,1866,32,77,NHC,NHC,NHC-NHC
1867,32_78,Ag,37.45003203395754,1867,32,78,NHC,NHC,NHC-NHC
1880,33_33,Ag,10.837002711836249,1880,33,33,NHC,NHC,NHC-NHC
1881,33_34,Ag,10.458084678743036,1881,33,34,NHC,NHC,NHC-NHC
1882,33_35,Ag,12.2005,1882,33,35,NHC,NHC,NHC-NHC
1883,33_36,Ag,11.361908385064453,1883,33,36,NHC,NHC,NHC-NHC
1884,33_37,Ag,11.121507013216616,1884,33,37,NHC,NHC,NHC-NHC
1885,33_38,Ag,13.3152,1885,33,38,NHC,NHC,NHC-NHC
1886,33_39,Ag,9.61119,1886,33,39,NHC,NHC,NHC-NHC
1887,33_40,Ag,12.8821,1887,33,40,NHC,NHC,NHC-NHC
1888,33_41,Ag,12.5329,1888,33,41,NHC,NHC,NHC-NHC
1889,33_42,Ag,9.79584,1889,33,42,NHC,NHC,NHC-NHC
1890,33_43,Ag,16.6961,1890,33,43,NHC,NHC,NHC-NHC
1891,33_44,Ag,15.4143,1891,33,44,NHC,NHC,NHC-NHC
1892,33_45,Ag,14.351550541818142,1892,33,45,NHC,NHC,NHC-NHC
1893,33_46,Ag,9.432557811494917,1893,33,46,NHC,NHC,NHC-NHC
1894,33_47,Ag,12.6253,1894,33,47,NHC,NHC,NHC-NHC
1895,33_48,Ag,10.6655,1895,33,48,NHC,NHC,NHC-NHC
1896,33_49,Ag,7.950545290019363,1896,33,49,NHC,NHC,NHC-NHC
1923,33_76,Ag,14.53117793938145,1923,33,76,NHC,NHC,NHC-NHC
1924,33_77,Ag,20.995035954751074,1924,33,77,NHC,NHC,NHC-NHC
1925,33_78,Ag,35.21212439099327,1925,33,78,NHC,NHC,NHC-NHC
1938,34_34,Ag,15.6707,1938,34,34,NHC,NHC,NHC-NHC
1939,34_35,Ag,10.4339,1939,34,35,NHC,NHC,NHC-NHC
1940,34_36,Ag,10.149788085371256,1940,34,36,NHC,NHC,NHC-NHC
1941,34_37,Ag,10.94,1941,34,37,NHC,NHC,NHC-NHC
1942,34_38,Ag,16.3439,1942,34,38,NHC,NHC,NHC-NHC
1943,34_39,Ag,10.5527,1943,34,39,NHC,NHC,NHC-NHC
1944,34_40,Ag,7.57854,1944,34,40,NHC,NHC,NHC-NHC
1945,34_41,Ag,11.6445,1945,34,41,NHC,NHC,NHC-NHC
1946,34_42,Ag,8.31064,1946,34,42,NHC,NHC,NHC-NHC
1947,34_43,Ag,13.8843,1947,34,43,NHC,NHC,NHC-NHC
1948,34_44,Ag,18.2499,1948,34,44,NHC,NHC,NHC-NHC
1949,34_45,Ag,18.4689,1949,34,45,NHC,NHC,NHC-NHC
1950,34_46,Ag,9.19748,1950,34,46,NHC,NHC,NHC-NHC
1951,34_47,Ag,7.34266,1951,34,47,NHC,NHC,NHC-NHC
1952,34_48,Ag,14.1256,1952,34,48,NHC,NHC,NHC-NHC
1953,34_49,Ag,5.819535253103823,1953,34,49,NHC,NHC,NHC-NHC
1980,34_76,Ag,20.19936991063878,1980,34,76,NHC,NHC,NHC-NHC
1981,34_77,Ag,-1.905490381643176,1981,34,77,NHC,NHC,NHC-NHC
1982,34_78,Ag,33.769359226338565,1982,34,78,NHC,NHC,NHC-NHC
1995,35_35,Ag,22.44527872558683,1995,35,35,NHC,NHC,NHC-NHC
1996,35_36,Ag,12.08907444961369,1996,35,36,NHC,NHC,NHC-NHC
1997,35_37,Ag,13.320897513069212,1997,35,37,NHC,NHC,NHC-NHC
1998,35_38,Ag,14.41863729665056,1998,35,38,NHC,NHC,NHC-NHC
1999,35_39,Ag,15.6291,1999,35,39,NHC,NHC,NHC-NHC
2000,35_40,Ag,11.0863,2000,35,40,NHC,NHC,NHC-NHC
2001,35_41,Ag,15.485080054961143,2001,35,41,NHC,NHC,NHC-NHC
2002,35_42,Ag,12.586928701028228,2002,35,42,NHC,NHC,NHC-NHC
2003,35_43,Ag,17.985325262416154,2003,35,43,NHC,NHC,NHC-NHC
2004,35_44,Ag,18.678186183795333,2004,35,44,NHC,NHC,NHC-NHC
2005,35_45,Ag,17.86400919035077,2005,35,45,NHC,NHC,NHC-NHC
2006,35_46,Ag,12.23493682825938,2006,35,46,NHC,NHC,NHC-NHC
2007,35_47,Ag,13.095521030016243,2007,35,47,NHC,NHC,NHC-NHC
2008,35_48,Ag,16.0672,2008,35,48,NHC,NHC,NHC-NHC
2009,35_49,Ag,14.508782034739852,2009,35,49,NHC,NHC,NHC-NHC
2036,35_76,Ag,16.86095061758533,2036,35,76,NHC,NHC,NHC-NHC
2037,35_77,Ag,-1.6128960927017033,2037,35,77,NHC,NHC,NHC-NHC
2038,35_78,Ag,36.896152494475245,2038,35,78,NHC,NHC,NHC-NHC
2051,36_36,Ag,8.330704377964139,2051,36,36,NHC,NHC,NHC-NHC
2052,36_37,Ag,-49.868417108821625,2052,36,37,NHC,NHC,NHC-NHC
2053,36_38,Ag,11.4627,2053,36,38,NHC,NHC,NHC-NHC
2054,36_39,Ag,8.84018658194691,2054,36,39,NHC,NHC,NHC-NHC
2055,36_40,Ag,8.610493027139455,2055,36,40,NHC,NHC,NHC-NHC
2056,36_41,Ag,9.17488,2056,36,41,NHC,NHC,NHC-NHC
2057,36_42,Ag,7.436336133163422,2057,36,42,NHC,NHC,NHC-NHC
2058,36_43,Ag,11.869913565460593,2058,36,43,NHC,NHC,NHC-NHC
2059,36_44,Ag,13.185257836710662,2059,36,44,NHC,NHC,NHC-NHC
2060,36_45,Ag,12.386700643226504,2060,36,45,NHC,NHC,NHC-NHC
2061,36_46,Ag,10.28845891961828,2061,36,46,NHC,NHC,NHC-NHC
2062,36_47,Ag,7.68281773570925,2062,36,47,NHC,NHC,NHC-NHC
2063,36_48,Ag,9.1923,2063,36,48,NHC,NHC,NHC-NHC
2064,36_49,Ag,8.37427,2064,36,49,NHC,NHC,NHC-NHC
2091,36_76,Ag,16.55448591336608,2091,36,76,NHC,NHC,NHC-NHC
2092,36_77,Ag,11.088100522756577,2092,36,77,NHC,NHC,NHC-NHC
2093,36_78,Ag,36.44692059792578,2093,36,78,NHC,NHC,NHC-NHC
2106,37_37,Ag,11.599,2106,37,37,NHC,NHC,NHC-NHC
2107,37_38,Ag,11.087666550651193,2107,37,38,NHC,NHC,NHC-NHC
2108,37_39,Ag,12.0836,2108,37,39,NHC,NHC,NHC-NHC
2109,37_40,Ag,9.55507,2109,37,40,NHC,NHC,NHC-NHC
2110,37_41,Ag,5.065130126662552,2110,37,41,NHC,NHC,NHC-NHC
2111,37_42,Ag,10.72836607741192,2111,37,42,NHC,NHC,NHC-NHC
2112,37_43,Ag,14.5869,2112,37,43,NHC,NHC,NHC-NHC
2113,37_44,Ag,13.3464,2113,37,44,NHC,NHC,NHC-NHC
2114,37_45,Ag,10.124023319687694,2114,37,45,NHC,NHC,NHC-NHC
2115,37_46,Ag,7.461596067529172,2115,37,46,NHC,NHC,NHC-NHC
2116,37_47,Ag,10.163115526083857,2116,37,47,NHC,NHC,NHC-NHC
2117,37_48,Ag,10.388,2117,37,48,NHC,NHC,NHC-NHC
2118,37_49,Ag,10.85,2118,37,49,NHC,NHC,NHC-NHC
2145,37_76,Ag,6.404720832593739,2145,37,76,NHC,NHC,NHC-NHC
2146,37_77,Ag,-11.755919499788432,2146,37,77,NHC,NHC,NHC-NHC
2147,37_78,Ag,30.48337180679664,2147,37,78,NHC,NHC,NHC-NHC
2160,38_38,Ag,14.99,2160,38,38,NHC,NHC,NHC-NHC
2161,38_39,Ag,13.5965,2161,38,39,NHC,NHC,NHC-NHC
2162,38_40,Ag,8.92686,2162,38,40,NHC,NHC,NHC-NHC
2163,38_41,Ag,11.2048,2163,38,41,NHC,NHC,NHC-NHC
2164,38_42,Ag,9.91727,2164,38,42,NHC,NHC,NHC-NHC
2165,38_43,Ag,16.3176,2165,38,43,NHC,NHC,NHC-NHC
2166,38_44,Ag,15.6555,2166,38,44,NHC,NHC,NHC-NHC
2167,38_45,Ag,13.2809,2167,38,45,NHC,NHC,NHC-NHC
2168,38_46,Ag,10.5409,2168,38,46,NHC,NHC,NHC-NHC
2169,38_47,Ag,13.5375,2169,38,47,NHC,NHC,NHC-NHC
2170,38_48,Ag,10.7039,2170,38,48,NHC,NHC,NHC-NHC
2171,38_49,Ag,12.1754,2171,38,49,NHC,NHC,NHC-NHC
2198,38_76,Ag,12.529636810999364,2198,38,76,NHC,NHC,NHC-NHC
2199,38_77,Ag,12.637622613459826,2199,38,77,NHC,NHC,NHC-NHC
2200,38_78,Ag,37.27726477570832,2200,38,78,NHC,NHC,NHC-NHC
2213,39_39,Ag,7.15756,2213,39,39,NHC,NHC,NHC-NHC
2214,39_40,Ag,9.74359,2214,39,40,NHC,NHC,NHC-NHC
2215,39_41,Ag,10.122,2215,39,41,NHC,NHC,NHC-NHC
2216,39_42,Ag,6.94287,2216,39,42,NHC,NHC,NHC-NHC
2217,39_43,Ag,13.3397,2217,39,43,NHC,NHC,NHC-NHC
2218,39_44,Ag,12.0455,2218,39,44,NHC,NHC,NHC-NHC
2219,39_45,Ag,9.34835510980338,2219,39,45,NHC,NHC,NHC-NHC
2220,39_46,Ag,9.05037,2220,39,46,NHC,NHC,NHC-NHC
2221,39_47,Ag,11.9403,2221,39,47,NHC,NHC,NHC-NHC
2222,39_48,Ag,6.88048,2222,39,48,NHC,NHC,NHC-NHC
2223,39_49,Ag,8.48764,2223,39,49,NHC,NHC,NHC-NHC
2250,39_76,Ag,0.8248563990928233,2250,39,76,NHC,NHC,NHC-NHC
2251,39_77,Ag,8.607354693580419,2251,39,77,NHC,NHC,NHC-NHC
2252,39_78,Ag,34.17333669355139,2252,39,78,NHC,NHC,NHC-NHC
2353,40_40,Ag,7.04128,2353,40,40,NHC,NHC,NHC-NHC
2354,40_41,Ag,11.8679,2354,40,41,NHC,NHC,NHC-NHC
2355,40_42,Ag,6.43877,2355,40,42,NHC,NHC,NHC-NHC
2356,40_43,Ag,10.5463,2356,40,43,NHC,NHC,NHC-NHC
2357,40_44,Ag,11.3405,2357,40,44,NHC,NHC,NHC-NHC
2358,40_45,Ag,15.4546,2358,40,45,NHC,NHC,NHC-NHC
2359,40_46,Ag,10.1209,2359,40,46,NHC,NHC,NHC-NHC
2360,40_47,Ag,10.90630529820919,2360,40,47,NHC,NHC,NHC-NHC
2361,40_48,Ag,12.2662,2361,40,48,NHC,NHC,NHC-NHC
2362,40_49,Ag,9.47711,2362,40,49,NHC,NHC,NHC-NHC
2389,40_76,Ag,9.608450442086903,2389,40,76,NHC,NHC,NHC-NHC
2390,40_77,Ag,3.303108160384,2390,40,77,NHC,NHC,NHC-NHC
2391,40_78,Ag,32.47431985847652,2391,40,78,NHC,NHC,NHC-NHC
2404,41_41,Ag,10.613655275665224,2404,41,41,NHC,NHC,NHC-NHC
2405,41_42,Ag,9.731403461657465,2405,41,42,NHC,NHC,NHC-NHC
2406,41_43,Ag,13.84,2406,41,43,NHC,NHC,NHC-NHC
2407,41_44,Ag,13.816260090097783,2407,41,44,NHC,NHC,NHC-NHC
2408,41_45,Ag,10.5124,2408,41,45,NHC,NHC,NHC-NHC
2409,41_46,Ag,9.79534,2409,41,46,NHC,NHC,NHC-NHC
2410,41_47,Ag,11.87,2410,41,47,NHC,NHC,NHC-NHC
2411,41_48,Ag,8.76026,2411,41,48,NHC,NHC,NHC-NHC
2412,41_49,Ag,10.64456432312727,2412,41,49,NHC,NHC,NHC-NHC
2439,41_76,Ag,7.490910537540913,2439,41,76,NHC,NHC,NHC-NHC
2440,41_77,Ag,4.029105171561241,2440,41,77,NHC,NHC,NHC-NHC
2441,41_78,Ag,28.376147279981524,2441,41,78,NHC,NHC,NHC-NHC
2454,42_42,Ag,8.6152662942186,2454,42,42,NHC,NHC,NHC-NHC
2455,42_43,Ag,14.050680474378169,2455,42,43,NHC,NHC,NHC-NHC
2456,42_44,Ag,11.1458,2456,42,44,NHC,NHC,NHC-NHC
2457,42_45,Ag,9.521955052856356,2457,42,45,NHC,NHC,NHC-NHC
2458,42_46,Ag,10.048092122655362,2458,42,46,NHC,NHC,NHC-NHC
2459,42_47,Ag,10.684,2459,42,47,NHC,NHC,NHC-NHC
2460,42_48,Ag,5.71667,2460,42,48,NHC,NHC,NHC-NHC
2461,42_49,Ag,6.8243,2461,42,49,NHC,NHC,NHC-NHC
2488,42_76,Ag,16.803498963825405,2488,42,76,NHC,NHC,NHC-NHC
2489,42_77,Ag,10.251007238868624,2489,42,77,NHC,NHC,NHC-NHC
2490,42_78,Ag,36.47724382998422,2490,42,78,NHC,NHC,NHC-NHC
2503,43_43,Ag,19.20657517481596,2503,43,43,NHC,NHC,NHC-NHC
2504,43_44,Ag,17.856563094537705,2504,43,44,NHC,NHC,NHC-NHC
2505,43_45,Ag,16.84,2505,43,45,NHC,NHC,NHC-NHC
2506,43_46,Ag,15.1685,2506,43,46,NHC,NHC,NHC-NHC
2507,43_47,Ag,15.206807953771204,2507,43,47,NHC,NHC,NHC-NHC
2508,43_48,Ag,13.51,2508,43,48,NHC,NHC,NHC-NHC
2509,43_49,Ag,14.82,2509,43,49,NHC,NHC,NHC-NHC
2536,43_76,Ag,-1.7509602033533156,2536,43,76,NHC,NHC,NHC-NHC
2537,43_77,Ag,-1.913778939750045,2537,43,77,NHC,NHC,NHC-NHC
2538,43_78,Ag,44.31970060383901,2538,43,78,NHC,NHC,NHC-NHC
2551,44_44,Ag,15.624385923147202,2551,44,44,NHC,NHC,NHC-NHC
2552,44_45,Ag,20.76165242213756,2552,44,45,NHC,NHC,NHC-NHC
2553,44_46,Ag,11.33,2553,44,46,NHC,NHC,NHC-NHC
2554,44_47,Ag,15.88,2554,44,47,NHC,NHC,NHC-NHC
2555,44_48,Ag,12.33,2555,44,48,NHC,NHC,NHC-NHC
2556,44_49,Ag,15.35,2556,44,49,NHC,NHC,NHC-NHC
2583,44_76,Ag,61.5989047056064,2583,44,76,NHC,NHC,NHC-NHC
2584,44_77,Ag,9.257503082975743,2584,44,77,NHC,NHC,NHC-NHC
2585,44_78,Ag,34.10879229847342,2585,44,78,NHC,NHC,NHC-NHC
2598,45_45,Ag,12.49272667663172,2598,45,45,NHC,NHC,NHC-NHC
2599,45_46,Ag,11.173932013567535,2599,45,46,NHC,NHC,NHC-NHC
2600,45_47,Ag,13.832609497010708,2600,45,47,NHC,NHC,NHC-NHC
2601,45_48,Ag,10.5788,2601,45,48,NHC,NHC,NHC-NHC
2602,45_49,Ag,10.9224,2602,45,49,NHC,NHC,NHC-NHC
2629,45_76,Ag,18.627408880274743,2629,45,76,NHC,NHC,NHC-NHC
2630,45_77,Ag,0.0,2630,45,77,NHC,NHC,NHC-NHC
2631,45_78,Ag,31.76003293553368,2631,45,78,NHC,NHC,NHC-NHC
2644,46_46,Ag,9.418142581358552,2644,46,46,NHC,NHC,NHC-NHC
2645,46_47,Ag,3.691512882243842,2645,46,47,NHC,NHC,NHC-NHC
2646,46_48,Ag,7.21822,2646,46,48,NHC,NHC,NHC-NHC
2647,46_49,Ag,8.40103,2647,46,49,NHC,NHC,NHC-NHC
2674,46_76,Ag,14.663208151236176,2674,46,76,NHC,NHC,NHC-NHC
2675,46_77,Ag,0.0,2675,46,77,NHC,NHC,NHC-NHC
2676,46_78,Ag,32.09785839915276,2676,46,78,NHC,NHC,NHC-NHC
2689,47_47,Ag,9.63711921684444,2689,47,47,NHC,NHC,NHC-NHC
2690,47_48,Ag,8.95236,2690,47,48,NHC,NHC,NHC-NHC
2691,47_49,Ag,13.626774560194464,2691,47,49,NHC,NHC,NHC-NHC
2718,47_76,Ag,4.43715420179069,2718,47,76,NHC,NHC,NHC-NHC
2719,47_77,Ag,3.4008783297613263,2719,47,77,NHC,NHC,NHC-NHC
2720,47_78,Ag,30.87139630923048,2720,47,78,NHC,NHC,NHC-NHC
2733,48_48,Ag,9.45022,2733,48,48,NHC,NHC,NHC-NHC
2734,48_49,Ag,10.7524,2734,48,49,NHC,NHC,NHC-NHC
2761,48_76,Ag,10.4237295743078,2761,48,76,NHC,NHC,NHC-NHC
2762,48_77,Ag,13.860001981724054,2762,48,77,NHC,NHC,NHC-NHC
2763,48_78,Ag,31.466353356838223,2763,48,78,NHC,NHC,NHC-NHC
2776,49_49,Ag,11.2325,2776,49,49,NHC,NHC,NHC-NHC
2803,49_76,Ag,10.326742423232645,2803,49,76,NHC,NHC,NHC-NHC
2804,49_77,Ag,13.928331742994487,2804,49,77,NHC,NHC,NHC-NHC
2805,49_78,Ag,32.109376275446266,2805,49,78,NHC,NHC,NHC-NHC
3817,76_76,Ag,-22.11913038557396,3817,76,76,NHC,NHC,NHC-NHC
3818,76_77,Ag,-8.12061950414293,3818,76,77,NHC,NHC,NHC-NHC
3819,76_78,Ag,30.96828470239416,3819,76,78,NHC,NHC,NHC-NHC
3832,77_77,Ag,-23.52850341051817,3832,77,77,NHC,NHC,NHC-NHC
3833,77_78,Ag,43.290886017493904,3833,77,78,NHC,NHC,NHC-NHC
3846,78_78,Ag,63.544301294256,3846,78,78,NHC,NHC,NHC-NHC
6007,32_32,Au,0.12,6007,32,32,NHC,NHC,NHC-NHC
6008,32_33,Au,0.502258,6008,32,33,NHC,NHC,NHC-NHC
6009,32_34,Au,-2.59,6009,32,34,NHC,NHC,NHC-NHC
6010,32_35,Au,2.61,6010,32,35,NHC,NHC,NHC-NHC
6011,32_36,Au,-2.56791,6011,32,36,NHC,NHC,NHC-NHC
6012,32_37,Au,-6.19091404043138,6012,32,37,NHC,NHC,NHC-NHC
6013,32_38,Au,-0.61,6013,32,38,NHC,NHC,NHC-NHC
6014,32_39,Au,-5.74846,6014,32,39,NHC,NHC,NHC-NHC
6015,32_40,Au,-5.20956,6015,32,40,NHC,NHC,NHC-NHC
6016,32_41,Au,-1.48064,6016,32,41,NHC,NHC,NHC-NHC
6017,32_42,Au,-3.97524,6017,32,42,NHC,NHC,NHC-NHC
6018,32_43,Au,2.305720115546137,6018,32,43,NHC,NHC,NHC-NHC
6019,32_44,Au,1.4555615643039346,6019,32,44,NHC,NHC,NHC-NHC
6020,32_45,Au,-0.21,6020,32,45,NHC,NHC,NHC-NHC
6021,32_46,Au,1.18,6021,32,46,NHC,NHC,NHC-NHC
6022,32_47,Au,0.77,6022,32,47,NHC,NHC,NHC-NHC
6023,32_48,Au,-2.82539,6023,32,48,NHC,NHC,NHC-NHC
6024,32_49,Au,-1.41,6024,32,49,NHC,NHC,NHC-NHC
6051,32_76,Au,8.930217024404556,6051,32,76,NHC,NHC,NHC-NHC
6052,32_77,Au,6.906461817678064,6052,32,77,NHC,NHC,NHC-NHC
6053,32_78,Au,23.540143257472664,6053,32,78,NHC,NHC,NHC-NHC
6066,33_33,Au,-1.97,6066,33,33,NHC,NHC,NHC-NHC
6067,33_34,Au,-2.98,6067,33,34,NHC,NHC,NHC-NHC
6068,33_35,Au,4.32,6068,33,35,NHC,NHC,NHC-NHC
6069,33_36,Au,-3.31075,6069,33,36,NHC,NHC,NHC-NHC
6070,33_37,Au,-0.5436537293717265,6070,33,37,NHC,NHC,NHC-NHC
6071,33_38,Au,-1.99117,6071,33,38,NHC,NHC,NHC-NHC
6072,33_39,Au,-3.37,6072,33,39,NHC,NHC,NHC-NHC
6073,33_40,Au,-1.83809,6073,33,40,NHC,NHC,NHC-NHC
6074,33_41,Au,0.6508179707452655,6074,33,41,NHC,NHC,NHC-NHC
6075,33_42,Au,-4.89584,6075,33,42,NHC,NHC,NHC-NHC
6076,33_43,Au,-0.5934579959139228,6076,33,43,NHC,NHC,NHC-NHC
6077,33_44,Au,0.237954,6077,33,44,NHC,NHC,NHC-NHC
6078,33_45,Au,-0.09,6078,33,45,NHC,NHC,NHC-NHC
6079,33_46,Au,-2.5,6079,33,46,NHC,NHC,NHC-NHC
6080,33_47,Au,-0.22,6080,33,47,NHC,NHC,NHC-NHC
6081,33_48,Au,-3.04,6081,33,48,NHC,NHC,NHC-NHC
6082,33_49,Au,-2.27,6082,33,49,NHC,NHC,NHC-NHC
6109,33_76,Au,6.831544174347073,6109,33,76,NHC,NHC,NHC-NHC
6110,33_77,Au,6.741738636512309,6110,33,77,NHC,NHC,NHC-NHC
6111,33_78,Au,21.88721063081175,6111,33,78,NHC,NHC,NHC-NHC
6124,34_34,Au,2.21813,6124,34,34,NHC,NHC,NHC-NHC
6125,34_35,Au,1.1,6125,34,35,NHC,NHC,NHC-NHC
6126,34_36,Au,-2.53304,6126,34,36,NHC,NHC,NHC-NHC
6127,34_37,Au,-2.5,6127,34,37,NHC,NHC,NHC-NHC
6128,34_38,Au,1.25934,6128,34,38,NHC,NHC,NHC-NHC
6129,34_39,Au,-2.0131,6129,34,39,NHC,NHC,NHC-NHC
6130,34_40,Au,-6.22453,6130,34,40,NHC,NHC,NHC-NHC
6131,34_41,Au,-2.03841,6131,34,41,NHC,NHC,NHC-NHC
6132,34_42,Au,-5.31146,6132,34,42,NHC,NHC,NHC-NHC
6133,34_43,Au,-1.72,6133,34,43,NHC,NHC,NHC-NHC
6134,34_44,Au,2.43289,6134,34,44,NHC,NHC,NHC-NHC
6135,34_45,Au,3.18,6135,34,45,NHC,NHC,NHC-NHC
6136,34_46,Au,-5.18,6136,34,46,NHC,NHC,NHC-NHC
6137,34_47,Au,-3.28,6137,34,47,NHC,NHC,NHC-NHC
6138,34_48,Au,0.05,6138,34,48,NHC,NHC,NHC-NHC
6139,34_49,Au,-3.72,6139,34,49,NHC,NHC,NHC-NHC
6166,34_76,Au,7.200068787671626,6166,34,76,NHC,NHC,NHC-NHC
6167,34_77,Au,-13.905267811380329,6167,34,77,NHC,NHC,NHC-NHC
6168,34_78,Au,20.352301046717912,6168,34,78,NHC,NHC,NHC-NHC
6181,35_35,Au,15.17,6181,35,35,NHC,NHC,NHC-NHC
6182,35_36,Au,0.0270394952967762,6182,35,36,NHC,NHC,NHC-NHC
6183,35_37,Au,3.67,6183,35,37,NHC,NHC,NHC-NHC
6184,35_38,Au,1.2907010302878916,6184,35,38,NHC,NHC,NHC-NHC
6185,35_39,Au,5.627413772046566,6185,35,39,NHC,NHC,NHC-NHC
6186,35_40,Au,4.2138876765966415,6186,35,40,NHC,NHC,NHC-NHC
6187,35_41,Au,6.43,6187,35,41,NHC,NHC,NHC-NHC
6188,35_42,Au,-1.19261,6188,35,42,NHC,NHC,NHC-NHC
6189,35_43,Au,3.71,6189,35,43,NHC,NHC,NHC-NHC
6190,35_44,Au,2.61,6190,35,44,NHC,NHC,NHC-NHC
6191,35_45,Au,1.22,6191,35,45,NHC,NHC,NHC-NHC
6192,35_46,Au,2.5530686280690134,6192,35,46,NHC,NHC,NHC-NHC
6193,35_47,Au,3.74,6193,35,47,NHC,NHC,NHC-NHC
6194,35_48,Au,2.63956,6194,35,48,NHC,NHC,NHC-NHC
6195,35_49,Au,1.08,6195,35,49,NHC,NHC,NHC-NHC
6222,35_76,Au,9.774691856000572,6222,35,76,NHC,NHC,NHC-NHC
6223,35_77,Au,-7.823827326763421,6223,35,77,NHC,NHC,NHC-NHC
6224,35_78,Au,23.42125140922144,6224,35,78,NHC,NHC,NHC-NHC
6237,36_36,Au,-4.23282,6237,36,36,NHC,NHC,NHC-NHC
6238,36_37,Au,-49.71825546098528,6238,36,37,NHC,NHC,NHC-NHC
6239,36_38,Au,-3.43605,6239,36,38,NHC,NHC,NHC-NHC
6240,36_39,Au,1.33419,6240,36,39,NHC,NHC,NHC-NHC
6241,36_40,Au,-11.3236,6241,36,40,NHC,NHC,NHC-NHC
6242,36_41,Au,-3.01735,6242,36,41,NHC,NHC,NHC-NHC
6243,36_42,Au,-5.77643,6243,36,42,NHC,NHC,NHC-NHC
6244,36_43,Au,-1.24969,6244,36,43,NHC,NHC,NHC-NHC
6245,36_44,Au,-2.53314,6245,36,44,NHC,NHC,NHC-NHC
6246,36_45,Au,0.3744176882319152,6246,36,45,NHC,NHC,NHC-NHC
6247,36_46,Au,-3.25,6247,36,46,NHC,NHC,NHC-NHC
6248,36_47,Au,-7.75,6248,36,47,NHC,NHC,NHC-NHC
6249,36_48,Au,-4.73642,6249,36,48,NHC,NHC,NHC-NHC
6250,36_49,Au,-4.1,6250,36,49,NHC,NHC,NHC-NHC
6277,36_76,Au,10.97426161589101,6277,36,76,NHC,NHC,NHC-NHC
6278,36_77,Au,-2.4788921982981265,6278,36,77,NHC,NHC,NHC-NHC
6279,36_78,Au,21.7895221253857,6279,36,78,NHC,NHC,NHC-NHC
6292,37_37,Au,-0.0561063196510076,6292,37,37,NHC,NHC,NHC-NHC
6293,37_38,Au,-6.121210569515824,6293,37,38,NHC,NHC,NHC-NHC
6294,37_39,Au,-1.5876,6294,37,39,NHC,NHC,NHC-NHC
6295,37_40,Au,-3.6743225939571857,6295,37,40,NHC,NHC,NHC-NHC
6296,37_41,Au,-4.090856949798763,6296,37,41,NHC,NHC,NHC-NHC
6297,37_42,Au,-4.438377200160176,6297,37,42,NHC,NHC,NHC-NHC
6298,37_43,Au,-0.7062955880537629,6298,37,43,NHC,NHC,NHC-NHC
6299,37_44,Au,-0.822608,6299,37,44,NHC,NHC,NHC-NHC
6300,37_45,Au,-0.21,6300,37,45,NHC,NHC,NHC-NHC
6301,37_46,Au,-1.97,6301,37,46,NHC,NHC,NHC-NHC
6302,37_47,Au,-3.446567344013601,6302,37,47,NHC,NHC,NHC-NHC
6303,37_48,Au,-3.598090134561062,6303,37,48,NHC,NHC,NHC-NHC
6304,37_49,Au,-2.43,6304,37,49,NHC,NHC,NHC-NHC
6331,37_76,Au,-0.7117010494694114,6331,37,76,NHC,NHC,NHC-NHC
6332,37_77,Au,-20.68090794235468,6332,37,77,NHC,NHC,NHC-NHC
6333,37_78,Au,14.313572731334716,6333,37,78,NHC,NHC,NHC-NHC
6346,38_38,Au,-0.92,6346,38,38,NHC,NHC,NHC-NHC
6347,38_39,Au,-2.16469,6347,38,39,NHC,NHC,NHC-NHC
6348,38_40,Au,-5.67058,6348,38,40,NHC,NHC,NHC-NHC
6349,38_41,Au,-3.15409,6349,38,41,NHC,NHC,NHC-NHC
6350,38_42,Au,-5.01402,6350,38,42,NHC,NHC,NHC-NHC
6351,38_43,Au,-0.887794,6351,38,43,NHC,NHC,NHC-NHC
6352,38_44,Au,-0.752915,6352,38,44,NHC,NHC,NHC-NHC
6353,38_45,Au,-1.48415,6353,38,45,NHC,NHC,NHC-NHC
6354,38_46,Au,1.235385010950267,6354,38,46,NHC,NHC,NHC-NHC
6355,38_47,Au,0.216541,6355,38,47,NHC,NHC,NHC-NHC
6356,38_48,Au,-3.94293,6356,38,48,NHC,NHC,NHC-NHC
6357,38_49,Au,-1.24199,6357,38,49,NHC,NHC,NHC-NHC
6384,38_76,Au,1.133276323787868,6384,38,76,NHC,NHC,NHC-NHC
6385,38_77,Au,-7.152736715041101,6385,38,77,NHC,NHC,NHC-NHC
6386,38_78,Au,22.30600716499612,6386,38,78,NHC,NHC,NHC-NHC
6399,39_39,Au,-4.72442,6399,39,39,NHC,NHC,NHC-NHC
6400,39_40,Au,-5.46815,6400,39,40,NHC,NHC,NHC-NHC
6401,39_41,Au,-3.23,6401,39,41,NHC,NHC,NHC-NHC
6402,39_42,Au,-5.2299,6402,39,42,NHC,NHC,NHC-NHC
6403,39_43,Au,0.220149,6403,39,43,NHC,NHC,NHC-NHC
6404,39_44,Au,-0.809798,6404,39,44,NHC,NHC,NHC-NHC
6405,39_45,Au,-4.67704,6405,39,45,NHC,NHC,NHC-NHC
6406,39_46,Au,0.39,6406,39,46,NHC,NHC,NHC-NHC
6407,39_47,Au,-3.98662,6407,39,47,NHC,NHC,NHC-NHC
6408,39_48,Au,-5.17367,6408,39,48,NHC,NHC,NHC-NHC
6409,39_49,Au,-3.89075,6409,39,49,NHC,NHC,NHC-NHC
6436,39_76,Au,-12.809409760404378,6436,39,76,NHC,NHC,NHC-NHC
6437,39_77,Au,-6.587795944418758,6437,39,77,NHC,NHC,NHC-NHC
6438,39_78,Au,20.371675208676606,6438,39,78,NHC,NHC,NHC-NHC
6539,40_40,Au,-7.19878,6539,40,40,NHC,NHC,NHC-NHC
6540,40_41,Au,-3.07728,6540,40,41,NHC,NHC,NHC-NHC
6541,40_42,Au,-6.81917,6541,40,42,NHC,NHC,NHC-NHC
6542,40_43,Au,-3.88492,6542,40,43,NHC,NHC,NHC-NHC
6543,40_44,Au,-2.87003,6543,40,44,NHC,NHC,NHC-NHC
6544,40_45,Au,2.5229717157781124,6544,40,45,NHC,NHC,NHC-NHC
6545,40_46,Au,-3.627101338002831,6545,40,46,NHC,NHC,NHC-NHC
6546,40_47,Au,-2.373413059394806,6546,40,47,NHC,NHC,NHC-NHC
6547,40_48,Au,-1.1191,6547,40,48,NHC,NHC,NHC-NHC
6548,40_49,Au,-5.43132,6548,40,49,NHC,NHC,NHC-NHC
6575,40_76,Au,0.7715046824887395,6575,40,76,NHC,NHC,NHC-NHC
6576,40_77,Au,-1.0844774353317916,6576,40,77,NHC,NHC,NHC-NHC
6577,40_78,Au,18.799193418584764,6577,40,78,NHC,NHC,NHC-NHC
6590,41_41,Au,-1.28,6590,41,41,NHC,NHC,NHC-NHC
6591,41_42,Au,-6.03651,6591,41,42,NHC,NHC,NHC-NHC
6592,41_43,Au,-0.597697,6592,41,43,NHC,NHC,NHC-NHC
6593,41_44,Au,-1.47656,6593,41,44,NHC,NHC,NHC-NHC
6594,41_45,Au,-0.0645553907379508,6594,41,45,NHC,NHC,NHC-NHC
6595,41_46,Au,1.488147513475269,6595,41,46,NHC,NHC,NHC-NHC
6596,41_47,Au,-1.38,6596,41,47,NHC,NHC,NHC-NHC
6597,41_48,Au,-4.59681,6597,41,48,NHC,NHC,NHC-NHC
6598,41_49,Au,-3.22,6598,41,49,NHC,NHC,NHC-NHC
6625,41_76,Au,-6.515036271419376,6625,41,76,NHC,NHC,NHC-NHC
6626,41_77,Au,-8.08462162129581,6626,41,77,NHC,NHC,NHC-NHC
6627,41_78,Au,12.996158345602453,6627,41,78,NHC,NHC,NHC-NHC
6640,42_42,Au,-6.02713,6640,42,42,NHC,NHC,NHC-NHC
6641,42_43,Au,-1.4382500173524022,6641,42,43,NHC,NHC,NHC-NHC
6642,42_44,Au,-3.91198,6642,42,44,NHC,NHC,NHC-NHC
6643,42_45,Au,-2.85484,6643,42,45,NHC,NHC,NHC-NHC
6644,42_46,Au,-6.87,6644,42,46,NHC,NHC,NHC-NHC
6645,42_47,Au,-7.37,6645,42,47,NHC,NHC,NHC-NHC
6646,42_48,Au,-7.43808,6646,42,48,NHC,NHC,NHC-NHC
6647,42_49,Au,-6.08417,6647,42,49,NHC,NHC,NHC-NHC
6674,42_76,Au,2.7391080893576145,6674,42,76,NHC,NHC,NHC-NHC
6675,42_77,Au,-5.750444874633104,6675,42,77,NHC,NHC,NHC-NHC
6676,42_78,Au,22.28341419529169,6676,42,78,NHC,NHC,NHC-NHC
6689,43_43,Au,2.634,6689,43,43,NHC,NHC,NHC-NHC
6690,43_44,Au,1.6812151144258678,6690,43,44,NHC,NHC,NHC-NHC
6691,43_45,Au,-0.07,6691,43,45,NHC,NHC,NHC-NHC
6692,43_46,Au,3.32389,6692,43,46,NHC,NHC,NHC-NHC
6693,43_47,Au,0.931011,6693,43,47,NHC,NHC,NHC-NHC
6694,43_48,Au,-0.7728495546616614,6694,43,48,NHC,NHC,NHC-NHC
6695,43_49,Au,-0.19,6695,43,49,NHC,NHC,NHC-NHC
6722,43_76,Au,-20.33384663285688,6722,43,76,NHC,NHC,NHC-NHC
6723,43_77,Au,-31.24273196980357,6723,43,77,NHC,NHC,NHC-NHC
6724,43_78,Au,28.57494581863284,6724,43,78,NHC,NHC,NHC-NHC
6737,44_44,Au,0.289586,6737,44,44,NHC,NHC,NHC-NHC
6738,44_45,Au,-0.15,6738,44,45,NHC,NHC,NHC-NHC
6739,44_46,Au,-2.24507,6739,44,46,NHC,NHC,NHC-NHC
6740,44_47,Au,-0.715894,6740,44,47,NHC,NHC,NHC-NHC
6741,44_48,Au,-2.7354314951226115,6741,44,48,NHC,NHC,NHC-NHC
6742,44_49,Au,-1.35,6742,44,49,NHC,NHC,NHC-NHC
6769,44_76,Au,41.81067311950028,6769,44,76,NHC,NHC,NHC-NHC
6770,44_77,Au,-11.119283266365528,6770,44,77,NHC,NHC,NHC-NHC
6771,44_78,Au,17.377120688091964,6771,44,78,NHC,NHC,NHC-NHC
6784,45_45,Au,-2.62,6784,45,45,NHC,NHC,NHC-NHC
6785,45_46,Au,-2.3,6785,45,46,NHC,NHC,NHC-NHC
6786,45_47,Au,0.22,6786,45,47,NHC,NHC,NHC-NHC
6787,45_48,Au,-1.73,6787,45,48,NHC,NHC,NHC-NHC
6788,45_49,Au,-1.18,6788,45,49,NHC,NHC,NHC-NHC
6815,45_76,Au,8.565435944590718,6815,45,76,NHC,NHC,NHC-NHC
6816,45_77,Au,0.0,6816,45,77,NHC,NHC,NHC-NHC
6817,45_78,Au,18.141794197261333,6817,45,78,NHC,NHC,NHC-NHC
6830,46_46,Au,-1.7119613224640489,6830,46,46,NHC,NHC,NHC-NHC
6831,46_47,Au,-3.52,6831,46,47,NHC,NHC,NHC-NHC
6832,46_48,Au,-5.74,6832,46,48,NHC,NHC,NHC-NHC
6833,46_49,Au,-5.38411,6833,46,49,NHC,NHC,NHC-NHC
6860,46_76,Au,3.483734647743404,6860,46,76,NHC,NHC,NHC-NHC
6861,46_77,Au,0.0,6861,46,77,NHC,NHC,NHC-NHC
6862,46_78,Au,18.732212332077324,6862,46,78,NHC,NHC,NHC-NHC
6875,47_47,Au,-1.45912,6875,47,47,NHC,NHC,NHC-NHC
6876,47_48,Au,-4.91824,6876,47,48,NHC,NHC,NHC-NHC
6877,47_49,Au,-2.496620115824044,6877,47,49,NHC,NHC,NHC-NHC
6904,47_76,Au,-5.227280107792467,6904,47,76,NHC,NHC,NHC-NHC
6905,47_77,Au,-12.611360228154808,6905,47,77,NHC,NHC,NHC-NHC
6906,47_78,Au,17.66959574399516,6906,47,78,NHC,NHC,NHC-NHC
6919,48_48,Au,-5.62171,6919,48,48,NHC,NHC,NHC-NHC
6920,48_49,Au,-4.23411,6920,48,49,NHC,NHC,NHC-NHC
6947,48_76,Au,2.0923065063543618,6947,48,76,NHC,NHC,NHC-NHC
6948,48_77,Au,2.599800309166312,6948,48,77,NHC,NHC,NHC-NHC
6949,48_78,Au,17.574650154449046,6949,48,78,NHC,NHC,NHC-NHC
6962,49_49,Au,-3.3,6962,49,49,NHC,NHC,NHC-NHC
6989,49_76,Au,0.1326679363846779,6989,49,76,NHC,NHC,NHC-NHC
6990,49_77,Au,-1.609661279246211,6990,49,77,NHC,NHC,NHC-NHC
6991,49_78,Au,20.18069703737273,6991,49,78,NHC,NHC,NHC-NHC
8003,76_76,Au,-26.52396712312475,8003,76,76,NHC,NHC,NHC-NHC
8004,76_77,Au,-8.095964723584844,8004,76,77,NHC,NHC,NHC-NHC
8005,76_78,Au,20.453892353456467,8005,76,78,NHC,NHC,NHC-NHC
8018,77_77,Au,-27.55998748447746,8018,77,77,NHC,NHC,NHC-NHC
8019,77_78,Au,26.84909060690552,8019,77,78,NHC,NHC,NHC-NHC
8032,78_78,Au,49.75513581326232,8032,78,78,NHC,NHC,NHC-NHC
10193,32_32,Cu,-3.01,10193,32,32,NHC,NHC,NHC-NHC
10194,32_33,Cu,-11.908328109886495,10194,32,33,NHC,NHC,NHC-NHC
10195,32_34,Cu,-10.439316460397094,10195,32,34,NHC,NHC,NHC-NHC
10196,32_35,Cu,-4.441282919142395,10196,32,35,NHC,NHC,NHC-NHC
10197,32_36,Cu,-10.788133423775434,10197,32,36,NHC,NHC,NHC-NHC
10198,32_37,Cu,-12.8494,10198,32,37,NHC,NHC,NHC-NHC
10199,32_38,Cu,-5.99,10199,32,38,NHC,NHC,NHC-NHC
10200,32_39,Cu,-16.7604,10200,32,39,NHC,NHC,NHC-NHC
10201,32_40,Cu,-16.198,10201,32,40,NHC,NHC,NHC-NHC
10202,32_41,Cu,-22.9011,10202,32,41,NHC,NHC,NHC-NHC
10203,32_42,Cu,-6.586146482266486,10203,32,42,NHC,NHC,NHC-NHC
10204,32_43,Cu,-3.113999170716852,10204,32,43,NHC,NHC,NHC-NHC
10205,32_44,Cu,-4.471035314258188,10205,32,44,NHC,NHC,NHC-NHC
10206,32_45,Cu,-9.981225532013925,10206,32,45,NHC,NHC,NHC-NHC
10207,32_46,Cu,-12.67271974729374,10207,32,46,NHC,NHC,NHC-NHC
10208,32_47,Cu,-14.8718,10208,32,47,NHC,NHC,NHC-NHC
10209,32_48,Cu,-9.99005,10209,32,48,NHC,NHC,NHC-NHC
10210,32_49,Cu,-13.36,10210,32,49,NHC,NHC,NHC-NHC
10237,32_76,Cu,-0.7100520092062652,10237,32,76,NHC,NHC,NHC-NHC
10238,32_77,Cu,-3.9745097011327744,10238,32,77,NHC,NHC,NHC-NHC
10239,32_78,Cu,15.364168394822627,10239,32,78,NHC,NHC,NHC-NHC
10252,33_33,Cu,-18.19,10252,33,33,NHC,NHC,NHC-NHC
10253,33_34,Cu,-18.361,10253,33,34,NHC,NHC,NHC-NHC
10254,33_35,Cu,-7.646320678759366,10254,33,35,NHC,NHC,NHC-NHC
10255,33_36,Cu,-14.4958,10255,33,36,NHC,NHC,NHC-NHC
10256,33_37,Cu,-17.756,10256,33,37,NHC,NHC,NHC-NHC
10257,33_38,Cu,-15.8548,10257,33,38,NHC,NHC,NHC-NHC
10258,33_39,Cu,-20.6244,10258,33,39,NHC,NHC,NHC-NHC
10259,33_40,Cu,-17.6723,10259,33,40,NHC,NHC,NHC-NHC
10260,33_41,Cu,-15.9845,10260,33,41,NHC,NHC,NHC-NHC
10261,33_42,Cu,-17.7101,10261,33,42,NHC,NHC,NHC-NHC
10262,33_43,Cu,-11.599216904025525,10262,33,43,NHC,NHC,NHC-NHC
10263,33_44,Cu,-13.7062,10263,33,44,NHC,NHC,NHC-NHC
10264,33_45,Cu,-12.264295971021056,10264,33,45,NHC,NHC,NHC-NHC
10265,33_46,Cu,-17.515832621138543,10265,33,46,NHC,NHC,NHC-NHC
10266,33_47,Cu,-14.7756,10266,33,47,NHC,NHC,NHC-NHC
10267,33_48,Cu,-22.2889,10267,33,48,NHC,NHC,NHC-NHC
10268,33_49,Cu,-20.44912988506257,10268,33,49,NHC,NHC,NHC-NHC
10295,33_76,Cu,-0.409607820212841,10295,33,76,NHC,NHC,NHC-NHC
10296,33_77,Cu,3.184490902349353,10296,33,77,NHC,NHC,NHC-NHC
10297,33_78,Cu,5.793450735975057,10297,33,78,NHC,NHC,NHC-NHC
10310,34_34,Cu,-10.6112,10310,34,34,NHC,NHC,NHC-NHC
10311,34_35,Cu,-4.576137782074511,10311,34,35,NHC,NHC,NHC-NHC
10312,34_36,Cu,-10.692185911815614,10312,34,36,NHC,NHC,NHC-NHC
10313,34_37,Cu,-14.59,10313,34,37,NHC,NHC,NHC-NHC
10314,34_38,Cu,-8.87249,10314,34,38,NHC,NHC,NHC-NHC
10315,34_39,Cu,-14.1245,10315,34,39,NHC,NHC,NHC-NHC
10316,34_40,Cu,-18.5692,10316,34,40,NHC,NHC,NHC-NHC
10317,34_41,Cu,-19.4964,10317,34,41,NHC,NHC,NHC-NHC
10318,34_42,Cu,-15.7685,10318,34,42,NHC,NHC,NHC-NHC
10319,34_43,Cu,-9.810946714598686,10319,34,43,NHC,NHC,NHC-NHC
10320,34_44,Cu,-5.43817,10320,34,44,NHC,NHC,NHC-NHC
10321,34_45,Cu,-11.617328004911542,10321,34,45,NHC,NHC,NHC-NHC
10322,34_46,Cu,-21.9805,10322,34,46,NHC,NHC,NHC-NHC
10323,34_47,Cu,-18.6562,10323,34,47,NHC,NHC,NHC-NHC
10324,34_48,Cu,-7.72851,10324,34,48,NHC,NHC,NHC-NHC
10325,34_49,Cu,-20.2142,10325,34,49,NHC,NHC,NHC-NHC
10352,34_76,Cu,6.302999400999397,10352,34,76,NHC,NHC,NHC-NHC
10353,34_77,Cu,-1.2873083953745663,10353,34,77,NHC,NHC,NHC-NHC
10354,34_78,Cu,5.237328816205263,10354,34,78,NHC,NHC,NHC-NHC
10367,35_35,Cu,1.932670538779348,10367,35,35,NHC,NHC,NHC-NHC
10368,35_36,Cu,-5.500589690171182,10368,35,36,NHC,NHC,NHC-NHC
10369,35_37,Cu,-9.116294171195475,10369,35,37,NHC,NHC,NHC-NHC
10370,35_38,Cu,-8.481100403238088,10370,35,38,NHC,NHC,NHC-NHC
10371,35_39,Cu,-11.111,10371,35,39,NHC,NHC,NHC-NHC
10372,35_40,Cu,-12.093933283817025,10372,35,40,NHC,NHC,NHC-NHC
10373,35_41,Cu,-10.510500942822546,10373,35,41,NHC,NHC,NHC-NHC
10374,35_42,Cu,-9.931791266426444,10374,35,42,NHC,NHC,NHC-NHC
10375,35_43,Cu,-3.617252588737756,10375,35,43,NHC,NHC,NHC-NHC
10376,35_44,Cu,-3.2541552488692105,10376,35,44,NHC,NHC,NHC-NHC
10377,35_45,Cu,-5.7059690481983125,10377,35,45,NHC,NHC,NHC-NHC
10378,35_46,Cu,-9.371564943809062,10378,35,46,NHC,NHC,NHC-NHC
10379,35_47,Cu,-11.491324663162231,10379,35,47,NHC,NHC,NHC-NHC
10380,35_48,Cu,-8.12457,10380,35,48,NHC,NHC,NHC-NHC
10381,35_49,Cu,-7.47,10381,35,49,NHC,NHC,NHC-NHC
10408,35_76,Cu,1.7809087322093546,10408,35,76,NHC,NHC,NHC-NHC
10409,35_77,Cu,-17.49497939227149,10409,35,77,NHC,NHC,NHC-NHC
10410,35_78,Cu,9.708432498387992,10410,35,78,NHC,NHC,NHC-NHC
10423,36_36,Cu,-8.168040583375841,10423,36,36,NHC,NHC,NHC-NHC
10424,36_37,Cu,-49.91946778352964,10424,36,37,NHC,NHC,NHC-NHC
10425,36_38,Cu,-13.035590042360129,10425,36,38,NHC,NHC,NHC-NHC
10426,36_39,Cu,-9.436,10426,36,39,NHC,NHC,NHC-NHC
10427,36_40,Cu,-16.597893446683884,10427,36,40,NHC,NHC,NHC-NHC
10428,36_41,Cu,-17.4127,10428,36,41,NHC,NHC,NHC-NHC
10429,36_42,Cu,-14.203089715447277,10429,36,42,NHC,NHC,NHC-NHC
10430,36_43,Cu,-9.473883527796715,10430,36,43,NHC,NHC,NHC-NHC
10431,36_44,Cu,-8.975599490106106,10431,36,44,NHC,NHC,NHC-NHC
10432,36_45,Cu,-4.795903274323791,10432,36,45,NHC,NHC,NHC-NHC
10433,36_46,Cu,-7.257663867902011,10433,36,46,NHC,NHC,NHC-NHC
10434,36_47,Cu,-12.440924694761634,10434,36,47,NHC,NHC,NHC-NHC
10435,36_48,Cu,-13.3622,10435,36,48,NHC,NHC,NHC-NHC
10436,36_49,Cu,-15.3171,10436,36,49,NHC,NHC,NHC-NHC
10463,36_76,Cu,-1.2757758470252156,10463,36,76,NHC,NHC,NHC-NHC
10464,36_77,Cu,4.246989618521184,10464,36,77,NHC,NHC,NHC-NHC
10465,36_78,Cu,7.736832596827298,10465,36,78,NHC,NHC,NHC-NHC
10478,37_37,Cu,-17.059683242812753,10478,37,37,NHC,NHC,NHC-NHC
10479,37_38,Cu,-25.0138,10479,37,38,NHC,NHC,NHC-NHC
10480,37_39,Cu,-19.1029,10480,37,39,NHC,NHC,NHC-NHC
10481,37_40,Cu,-24.8807,10481,37,40,NHC,NHC,NHC-NHC
10482,37_41,Cu,-17.867,10482,37,41,NHC,NHC,NHC-NHC
10483,37_42,Cu,-9.0373,10483,37,42,NHC,NHC,NHC-NHC
10484,37_43,Cu,-18.7923,10484,37,43,NHC,NHC,NHC-NHC
10485,37_44,Cu,-11.3534,10485,37,44,NHC,NHC,NHC-NHC
10486,37_45,Cu,-14.83290840499103,10486,37,45,NHC,NHC,NHC-NHC
10487,37_46,Cu,-22.63117848150432,10487,37,46,NHC,NHC,NHC-NHC
10488,37_47,Cu,-24.7303,10488,37,47,NHC,NHC,NHC-NHC
10489,37_48,Cu,-23.05726082855836,10489,37,48,NHC,NHC,NHC-NHC
10490,37_49,Cu,-16.3,10490,37,49,NHC,NHC,NHC-NHC
10517,37_76,Cu,-4.510427759028971,10517,37,76,NHC,NHC,NHC-NHC
10518,37_77,Cu,-14.22062907088548,10518,37,77,NHC,NHC,NHC-NHC
10519,37_78,Cu,-7.222127601504326,10519,37,78,NHC,NHC,NHC-NHC
10532,38_38,Cu,-8.2,10532,38,38,NHC,NHC,NHC-NHC
10533,38_39,Cu,-14.952,10533,38,39,NHC,NHC,NHC-NHC
10534,38_40,Cu,-18.155,10534,38,40,NHC,NHC,NHC-NHC
10535,38_41,Cu,-25.7447,10535,38,41,NHC,NHC,NHC-NHC
10536,38_42,Cu,-8.83937044115737,10536,38,42,NHC,NHC,NHC-NHC
10537,38_43,Cu,-6.078351094387472,10537,38,43,NHC,NHC,NHC-NHC
10538,38_44,Cu,-7.636764203663915,10538,38,44,NHC,NHC,NHC-NHC
10539,38_45,Cu,-14.004668042529374,10539,38,45,NHC,NHC,NHC-NHC
10540,38_46,Cu,-14.2429,10540,38,46,NHC,NHC,NHC-NHC
10541,38_47,Cu,-8.81861,10541,38,47,NHC,NHC,NHC-NHC
10542,38_48,Cu,-11.6223,10542,38,48,NHC,NHC,NHC-NHC
10543,38_49,Cu,-12.4551,10543,38,49,NHC,NHC,NHC-NHC
10570,38_76,Cu,-8.022599328309298,10570,38,76,NHC,NHC,NHC-NHC
10571,38_77,Cu,-3.3186884382739663,10571,38,77,NHC,NHC,NHC-NHC
10572,38_78,Cu,12.941511531826109,10572,38,78,NHC,NHC,NHC-NHC
10585,39_39,Cu,-23.7025,10585,39,39,NHC,NHC,NHC-NHC
10586,39_40,Cu,-20.6262,10586,39,40,NHC,NHC,NHC-NHC
10587,39_41,Cu,-20.4633,10587,39,41,NHC,NHC,NHC-NHC
10588,39_42,Cu,-21.3062,10588,39,42,NHC,NHC,NHC-NHC
10589,39_43,Cu,-9.98443,10589,39,43,NHC,NHC,NHC-NHC
10590,39_44,Cu,-11.1887,10590,39,44,NHC,NHC,NHC-NHC
10591,39_45,Cu,-18.4311,10591,39,45,NHC,NHC,NHC-NHC
10592,39_46,Cu,-14.1835,10592,39,46,NHC,NHC,NHC-NHC
10593,39_47,Cu,-21.0027,10593,39,47,NHC,NHC,NHC-NHC
10594,39_48,Cu,-20.519,10594,39,48,NHC,NHC,NHC-NHC
10595,39_49,Cu,-18.9589,10595,39,49,NHC,NHC,NHC-NHC
10622,39_76,Cu,-22.725576137192547,10622,39,76,NHC,NHC,NHC-NHC
10623,39_77,Cu,-7.312484181020409,10623,39,77,NHC,NHC,NHC-NHC
10624,39_78,Cu,2.37809961149469,10624,39,78,NHC,NHC,NHC-NHC
10725,40_40,Cu,-18.5565,10725,40,40,NHC,NHC,NHC-NHC
10726,40_41,Cu,-16.5631,10726,40,41,NHC,NHC,NHC-NHC
10727,40_42,Cu,-19.7827,10727,40,42,NHC,NHC,NHC-NHC
10728,40_43,Cu,-16.8575,10728,40,43,NHC,NHC,NHC-NHC
10729,40_44,Cu,-13.9769,10729,40,44,NHC,NHC,NHC-NHC
10730,40_45,Cu,-7.75727,10730,40,45,NHC,NHC,NHC-NHC
10731,40_46,Cu,-19.5014,10731,40,46,NHC,NHC,NHC-NHC
10732,40_47,Cu,-12.232899932656435,10732,40,47,NHC,NHC,NHC-NHC
10733,40_48,Cu,-10.415,10733,40,48,NHC,NHC,NHC-NHC
10734,40_49,Cu,-20.068,10734,40,49,NHC,NHC,NHC-NHC
10761,40_76,Cu,-10.43841299135238,10761,40,76,NHC,NHC,NHC-NHC
10762,40_77,Cu,6.769588327500969,10762,40,77,NHC,NHC,NHC-NHC
10763,40_78,Cu,0.768678842112422,10763,40,78,NHC,NHC,NHC-NHC
10776,41_41,Cu,-16.479805323760957,10776,41,41,NHC,NHC,NHC-NHC
10777,41_42,Cu,-19.2134,10777,41,42,NHC,NHC,NHC-NHC
10778,41_43,Cu,-8.85821,10778,41,43,NHC,NHC,NHC-NHC
10779,41_44,Cu,-23.7854,10779,41,44,NHC,NHC,NHC-NHC
10780,41_45,Cu,-17.3906,10780,41,45,NHC,NHC,NHC-NHC
10781,41_46,Cu,-21.5555,10781,41,46,NHC,NHC,NHC-NHC
10782,41_47,Cu,-17.66,10782,41,47,NHC,NHC,NHC-NHC
10783,41_48,Cu,-16.7606,10783,41,48,NHC,NHC,NHC-NHC
10784,41_49,Cu,-17.821,10784,41,49,NHC,NHC,NHC-NHC
10811,41_76,Cu,-12.785662023816258,10811,41,76,NHC,NHC,NHC-NHC
10812,41_77,Cu,-11.670314295683056,10812,41,77,NHC,NHC,NHC-NHC
10813,41_78,Cu,-4.210481429472566,10813,41,78,NHC,NHC,NHC-NHC
10826,42_42,Cu,-5.224350648466498,10826,42,42,NHC,NHC,NHC-NHC
10827,42_43,Cu,-2.9003695636056364,10827,42,43,NHC,NHC,NHC-NHC
10828,42_44,Cu,-5.662256665062159,10828,42,44,NHC,NHC,NHC-NHC
10829,42_45,Cu,-14.289,10829,42,45,NHC,NHC,NHC-NHC
10830,42_46,Cu,-16.68,10830,42,46,NHC,NHC,NHC-NHC
10831,42_47,Cu,-15.5281,10831,42,47,NHC,NHC,NHC-NHC
10832,42_48,Cu,-13.527,10832,42,48,NHC,NHC,NHC-NHC
10833,42_49,Cu,-14.777411013841627,10833,42,49,NHC,NHC,NHC-NHC
10860,42_76,Cu,-4.927585864439607,10860,42,76,NHC,NHC,NHC-NHC
10861,42_77,Cu,-14.937549761496484,10861,42,77,NHC,NHC,NHC-NHC
10862,42_78,Cu,17.70783015154302,10862,42,78,NHC,NHC,NHC-NHC
10875,43_43,Cu,-5.463478320278227,10875,43,43,NHC,NHC,NHC-NHC
10876,43_44,Cu,-6.231954973656684,10876,43,44,NHC,NHC,NHC-NHC
10877,43_45,Cu,-3.76,10877,43,45,NHC,NHC,NHC-NHC
10878,43_46,Cu,2.03218694543466,10878,43,46,NHC,NHC,NHC-NHC
10879,43_47,Cu,-9.146478123031557,10879,43,47,NHC,NHC,NHC-NHC
10880,43_48,Cu,-13.495733530726284,10880,43,48,NHC,NHC,NHC-NHC
10881,43_49,Cu,-11.95,10881,43,49,NHC,NHC,NHC-NHC
10908,43_76,Cu,-20.61197979701683,10908,43,76,NHC,NHC,NHC-NHC
10909,43_77,Cu,9.248956476803867,10909,43,77,NHC,NHC,NHC-NHC
10910,43_78,Cu,23.79695151280612,10910,43,78,NHC,NHC,NHC-NHC
10923,44_44,Cu,-10.932961685117334,10923,44,44,NHC,NHC,NHC-NHC
10924,44_45,Cu,-5.86,10924,44,45,NHC,NHC,NHC-NHC
10925,44_46,Cu,-8.591423004865646,10925,44,46,NHC,NHC,NHC-NHC
10926,44_47,Cu,-11.0671701063402,10926,44,47,NHC,NHC,NHC-NHC
10927,44_48,Cu,-15.048777881544083,10927,44,48,NHC,NHC,NHC-NHC
10928,44_49,Cu,-9.775297173298895,10928,44,49,NHC,NHC,NHC-NHC
10955,44_76,Cu,36.33065116405487,10955,44,76,NHC,NHC,NHC-NHC
10956,44_77,Cu,-16.93368418002501,10956,44,77,NHC,NHC,NHC-NHC
10957,44_78,Cu,9.210701172240078,10957,44,78,NHC,NHC,NHC-NHC
10970,45_45,Cu,-11.340875703841448,10970,45,45,NHC,NHC,NHC-NHC
10971,45_46,Cu,-14.5256,10971,45,46,NHC,NHC,NHC-NHC
10972,45_47,Cu,-14.7197,10972,45,47,NHC,NHC,NHC-NHC
10973,45_48,Cu,-12.3282,10973,45,48,NHC,NHC,NHC-NHC
10974,45_49,Cu,-14.5528,10974,45,49,NHC,NHC,NHC-NHC
11001,45_76,Cu,-1.8699116087518632,11001,45,76,NHC,NHC,NHC-NHC
11002,45_77,Cu,0.0,11002,45,77,NHC,NHC,NHC-NHC
11003,45_78,Cu,4.770615179091692,11003,45,78,NHC,NHC,NHC-NHC
11016,46_46,Cu,-10.79534586519003,11016,46,46,NHC,NHC,NHC-NHC
11017,46_47,Cu,-12.0477,11017,46,47,NHC,NHC,NHC-NHC
11018,46_48,Cu,-19.4411,11018,46,48,NHC,NHC,NHC-NHC
11019,46_49,Cu,-13.1126,11019,46,49,NHC,NHC,NHC-NHC
11046,46_76,Cu,-7.666725655086338,11046,46,76,NHC,NHC,NHC-NHC
11047,46_77,Cu,0.0,11047,46,77,NHC,NHC,NHC-NHC
11048,46_78,Cu,1.2234334563836455,11048,46,78,NHC,NHC,NHC-NHC
11061,47_47,Cu,-20.8959,11061,47,47,NHC,NHC,NHC-NHC
11062,47_48,Cu,-21.8791,11062,47,48,NHC,NHC,NHC-NHC
11063,47_49,Cu,-13.750871066004038,11063,47,49,NHC,NHC,NHC-NHC
11090,47_76,Cu,-9.005559163168073,11090,47,76,NHC,NHC,NHC-NHC
11091,47_77,Cu,-16.222752230707556,11091,47,77,NHC,NHC,NHC-NHC
11092,47_78,Cu,0.0748203531838953,11092,47,78,NHC,NHC,NHC-NHC
11105,48_48,Cu,-17.1333,11105,48,48,NHC,NHC,NHC-NHC
11106,48_49,Cu,-17.586,11106,48,49,NHC,NHC,NHC-NHC
11133,48_76,Cu,-12.62900382000953,11133,48,76,NHC,NHC,NHC-NHC
11134,48_77,Cu,6.256388750858605,11134,48,77,NHC,NHC,NHC-NHC
11135,48_78,Cu,4.529710752423853,11135,48,78,NHC,NHC,NHC-NHC
11148,49_49,Cu,-18.42,11148,49,49,NHC,NHC,NHC-NHC
11175,49_76,Cu,-4.934215749148279,11175,49,76,NHC,NHC,NHC-NHC
11176,49_77,Cu,-12.422696427442132,11176,49,77,NHC,NHC,NHC-NHC
11177,49_78,Cu,5.621163650881499,11177,49,78,NHC,NHC,NHC-NHC
12189,76_76,Cu,-22.509864882566035,12189,76,76,NHC,NHC,NHC-NHC
12190,76_77,Cu,-8.129001566113313,12190,76,77,NHC,NHC,NHC-NHC
12191,76_78,Cu,7.091062293853611,12191,76,78,NHC,NHC,NHC-NHC
12204,77_77,Cu,-37.24274548748508,12204,77,77,NHC,NHC,NHC-NHC
12205,77_78,Cu,10.758264309726655,12205,77,78,NHC,NHC,NHC-NHC
12218,78_78,Cu,40.39268091507256,12218,78,78,NHC,NHC,NHC-NHC
14379,32_32,Ni,-71.31,14379,32,32,NHC,NHC,NHC-NHC
14380,32_33,Ni,-74.34552257321775,14380,32,33,NHC,NHC,NHC-NHC
14381,32_34,Ni,-74.18596953526139,14381,32,34,NHC,NHC,NHC-NHC
14382,32_35,Ni,-69.16090202936903,14382,32,35,NHC,NHC,NHC-NHC
14383,32_36,Ni,-82.99439167277887,14383,32,36,NHC,NHC,NHC-NHC
14384,32_37,Ni,-89.74523849785328,14384,32,37,NHC,NHC,NHC-NHC
14385,32_38,Ni,-74.67,14385,32,38,NHC,NHC,NHC-NHC
14386,32_39,Ni,-83.30721227824688,14386,32,39,NHC,NHC,NHC-NHC
14387,32_40,Ni,-80.63867206824943,14387,32,40,NHC,NHC,NHC-NHC
14388,32_41,Ni,-92.80480859754609,14388,32,41,NHC,NHC,NHC-NHC
14389,32_42,Ni,-69.91760178469121,14389,32,42,NHC,NHC,NHC-NHC
14390,32_43,Ni,-69.70220735296607,14390,32,43,NHC,NHC,NHC-NHC
14391,32_44,Ni,-72.10191016085446,14391,32,44,NHC,NHC,NHC-NHC
14392,32_45,Ni,-71.0574234528467,14392,32,45,NHC,NHC,NHC-NHC
14393,32_46,Ni,-70.81253779726103,14393,32,46,NHC,NHC,NHC-NHC
14394,32_47,Ni,-76.77573526045308,14394,32,47,NHC,NHC,NHC-NHC
14395,32_48,Ni,-75.9493274781853,14395,32,48,NHC,NHC,NHC-NHC
14396,32_49,Ni,-73.84806164400652,14396,32,49,NHC,NHC,NHC-NHC
14423,32_76,Ni,-76.19788319477811,14423,32,76,NHC,NHC,NHC-NHC
14424,32_77,Ni,-85.29968263953924,14424,32,77,NHC,NHC,NHC-NHC
14425,32_78,Ni,-43.99722744803876,14425,32,78,NHC,NHC,NHC-NHC
14438,33_33,Ni,-83.79550669295713,14438,33,33,NHC,NHC,NHC-NHC
14439,33_34,Ni,-79.90071475226432,14439,33,34,NHC,NHC,NHC-NHC
14440,33_35,Ni,-73.2093588062562,14440,33,35,NHC,NHC,NHC-NHC
14441,33_36,Ni,-82.08481483766809,14441,33,36,NHC,NHC,NHC-NHC
14442,33_37,Ni,-81.51366994716227,14442,33,37,NHC,NHC,NHC-NHC
14443,33_38,Ni,-81.03303041122854,14443,33,38,NHC,NHC,NHC-NHC
14444,33_39,Ni,-87.00944642908871,14444,33,39,NHC,NHC,NHC-NHC
14445,33_40,Ni,-92.16173148015514,14445,33,40,NHC,NHC,NHC-NHC
14446,33_41,Ni,-83.4752155141905,14446,33,41,NHC,NHC,NHC-NHC
14447,33_42,Ni,-72.48541459301487,14447,33,42,NHC,NHC,NHC-NHC
14448,33_43,Ni,-72.32621159404516,14448,33,43,NHC,NHC,NHC-NHC
14449,33_44,Ni,-73.20912049664184,14449,33,44,NHC,NHC,NHC-NHC
14450,33_45,Ni,-77.26965879974887,14450,33,45,NHC,NHC,NHC-NHC
14451,33_46,Ni,-73.8548027947545,14451,33,46,NHC,NHC,NHC-NHC
14452,33_47,Ni,-76.60914870677516,14452,33,47,NHC,NHC,NHC-NHC
14453,33_48,Ni,-82.15838747983798,14453,33,48,NHC,NHC,NHC-NHC
14454,33_49,Ni,-85.23619378078729,14454,33,49,NHC,NHC,NHC-NHC
14481,33_76,Ni,-80.58086152561009,14481,33,76,NHC,NHC,NHC-NHC
14482,33_77,Ni,-85.20877532847226,14482,33,77,NHC,NHC,NHC-NHC
14483,33_78,Ni,-47.14791278261691,14483,33,78,NHC,NHC,NHC-NHC
14496,34_34,Ni,-75.50825381232426,14496,34,34,NHC,NHC,NHC-NHC
14497,34_35,Ni,-70.67215462168679,14497,34,35,NHC,NHC,NHC-NHC
14498,34_36,Ni,-82.96870757546276,14498,34,36,NHC,NHC,NHC-NHC
14499,34_37,Ni,-79.6,14499,34,37,NHC,NHC,NHC-NHC
14500,34_38,Ni,-77.43313588202,14500,34,38,NHC,NHC,NHC-NHC
14501,34_39,Ni,-83.70475824922323,14501,34,39,NHC,NHC,NHC-NHC
14502,34_40,Ni,-84.03049849532545,14502,34,40,NHC,NHC,NHC-NHC
14503,34_41,Ni,-74.8088586316444,14503,34,41,NHC,NHC,NHC-NHC
14504,34_42,Ni,-72.3520149961114,14504,34,42,NHC,NHC,NHC-NHC
14505,34_43,Ni,-72.3071220209822,14505,34,43,NHC,NHC,NHC-NHC
14506,34_44,Ni,-72.74867095751688,14506,34,44,NHC,NHC,NHC-NHC
14507,34_45,Ni,-80.84562557796016,14507,34,45,NHC,NHC,NHC-NHC
14508,34_46,Ni,-79.20125624304637,14508,34,46,NHC,NHC,NHC-NHC
14509,34_47,Ni,-81.64817045023665,14509,34,47,NHC,NHC,NHC-NHC
14510,34_48,Ni,-84.99568512570113,14510,34,48,NHC,NHC,NHC-NHC
14511,34_49,Ni,-80.22760407533497,14511,34,49,NHC,NHC,NHC-NHC
14538,34_76,Ni,-86.28648986201733,14538,34,76,NHC,NHC,NHC-NHC
14539,34_77,Ni,-106.4807184780948,14539,34,77,NHC,NHC,NHC-NHC
14540,34_78,Ni,-47.67776860669255,14540,34,78,NHC,NHC,NHC-NHC
14553,35_35,Ni,-69.44854180235416,14553,35,35,NHC,NHC,NHC-NHC
14554,35_36,Ni,-80.75729096867144,14554,35,36,NHC,NHC,NHC-NHC
14555,35_37,Ni,-72.19401752436534,14555,35,37,NHC,NHC,NHC-NHC
14556,35_38,Ni,-77.49408719548956,14556,35,38,NHC,NHC,NHC-NHC
14557,35_39,Ni,-80.06255027744919,14557,35,39,NHC,NHC,NHC-NHC
14558,35_40,Ni,-78.94585687015206,14558,35,40,NHC,NHC,NHC-NHC
14559,35_41,Ni,-82.61945856176317,14559,35,41,NHC,NHC,NHC-NHC
14560,35_42,Ni,-67.17019500164315,14560,35,42,NHC,NHC,NHC-NHC
14561,35_43,Ni,-66.93588832207024,14561,35,43,NHC,NHC,NHC-NHC
14562,35_44,Ni,-67.91302828025073,14562,35,44,NHC,NHC,NHC-NHC
14563,35_45,Ni,-73.88123911758885,14563,35,45,NHC,NHC,NHC-NHC
14564,35_46,Ni,-75.48635213728994,14564,35,46,NHC,NHC,NHC-NHC
14565,35_47,Ni,-77.12444132380188,14565,35,47,NHC,NHC,NHC-NHC
14566,35_48,Ni,-76.6595945651643,14566,35,48,NHC,NHC,NHC-NHC
14567,35_49,Ni,-73.05158662283793,14567,35,49,NHC,NHC,NHC-NHC
14594,35_76,Ni,-83.40615313779563,14594,35,76,NHC,NHC,NHC-NHC
14595,35_77,Ni,-95.65183644974604,14595,35,77,NHC,NHC,NHC-NHC
14596,35_78,Ni,-43.3815304976888,14596,35,78,NHC,NHC,NHC-NHC
14609,36_36,Ni,-95.32589166332036,14609,36,36,NHC,NHC,NHC-NHC
14610,36_37,Ni,-49.92159602874055,14610,36,37,NHC,NHC,NHC-NHC
14611,36_38,Ni,-84.67210425296798,14611,36,38,NHC,NHC,NHC-NHC
14612,36_39,Ni,-83.08351883525029,14612,36,39,NHC,NHC,NHC-NHC
14613,36_40,Ni,-85.86118507990614,14613,36,40,NHC,NHC,NHC-NHC
14614,36_41,Ni,-87.99973426107317,14614,36,41,NHC,NHC,NHC-NHC
14615,36_42,Ni,-82.63792722392827,14615,36,42,NHC,NHC,NHC-NHC
14616,36_43,Ni,-81.60970580810681,14616,36,43,NHC,NHC,NHC-NHC
14617,36_44,Ni,-79.93189406068996,14617,36,44,NHC,NHC,NHC-NHC
14618,36_45,Ni,-76.70127531886101,14618,36,45,NHC,NHC,NHC-NHC
14619,36_46,Ni,-79.56829540105537,14619,36,46,NHC,NHC,NHC-NHC
14620,36_47,Ni,-78.35172037035227,14620,36,47,NHC,NHC,NHC-NHC
14621,36_48,Ni,-85.47799771418795,14621,36,48,NHC,NHC,NHC-NHC
14622,36_49,Ni,-87.39447001228109,14622,36,49,NHC,NHC,NHC-NHC
14649,36_76,Ni,-76.52886451222003,14649,36,76,NHC,NHC,NHC-NHC
14650,36_77,Ni,-107.25540943676606,14650,36,77,NHC,NHC,NHC-NHC
14651,36_78,Ni,-56.35901032574475,14651,36,78,NHC,NHC,NHC-NHC
14664,37_37,Ni,-70.1829576487653,14664,37,37,NHC,NHC,NHC-NHC
14665,37_38,Ni,-88.02146351942793,14665,37,38,NHC,NHC,NHC-NHC
14666,37_39,Ni,-81.7936440599151,14666,37,39,NHC,NHC,NHC-NHC
14667,37_40,Ni,-85.6534285582602,14667,37,40,NHC,NHC,NHC-NHC
14668,37_41,Ni,-90.80138430837542,14668,37,41,NHC,NHC,NHC-NHC
14669,37_42,Ni,-72.87270544562489,14669,37,42,NHC,NHC,NHC-NHC
14670,37_43,Ni,-74.10389332706109,14670,37,43,NHC,NHC,NHC-NHC
14671,37_44,Ni,-76.07005879841745,14671,37,44,NHC,NHC,NHC-NHC
14672,37_45,Ni,-86.44838068122044,14672,37,45,NHC,NHC,NHC-NHC
14673,37_46,Ni,-77.50127162085846,14673,37,46,NHC,NHC,NHC-NHC
14674,37_47,Ni,-75.82597294030711,14674,37,47,NHC,NHC,NHC-NHC
14675,37_48,Ni,-77.1772687244229,14675,37,48,NHC,NHC,NHC-NHC
14676,37_49,Ni,-76.88,14676,37,49,NHC,NHC,NHC-NHC
14703,37_76,Ni,-90.11759127583356,14703,37,76,NHC,NHC,NHC-NHC
14704,37_77,Ni,-94.27145558409391,14704,37,77,NHC,NHC,NHC-NHC
14705,37_78,Ni,-54.29092475771904,14705,37,78,NHC,NHC,NHC-NHC
14718,38_38,Ni,-76.86,14718,38,38,NHC,NHC,NHC-NHC
14719,38_39,Ni,-85.42683384334669,14719,38,39,NHC,NHC,NHC-NHC
14720,38_40,Ni,-91.01328161358832,14720,38,40,NHC,NHC,NHC-NHC
14721,38_41,Ni,-94.7755912039429,14721,38,41,NHC,NHC,NHC-NHC
14722,38_42,Ni,-73.94295014860108,14722,38,42,NHC,NHC,NHC-NHC
14723,38_43,Ni,-74.44722212292254,14723,38,43,NHC,NHC,NHC-NHC
14724,38_44,Ni,-77.11308481683955,14724,38,44,NHC,NHC,NHC-NHC
14725,38_45,Ni,-78.11436713021249,14725,38,45,NHC,NHC,NHC-NHC
14726,38_46,Ni,-75.2121214652434,14726,38,46,NHC,NHC,NHC-NHC
14727,38_47,Ni,-72.88087813882157,14727,38,47,NHC,NHC,NHC-NHC
14728,38_48,Ni,-81.71628523664549,14728,38,48,NHC,NHC,NHC-NHC
14729,38_49,Ni,-78.41788626275957,14729,38,49,NHC,NHC,NHC-NHC
14756,38_76,Ni,-75.92059394763783,14756,38,76,NHC,NHC,NHC-NHC
14757,38_77,Ni,-95.64562214864418,14757,38,77,NHC,NHC,NHC-NHC
14758,38_78,Ni,-47.9203015579842,14758,38,78,NHC,NHC,NHC-NHC
14771,39_39,Ni,-89.45146707631648,14771,39,39,NHC,NHC,NHC-NHC
14772,39_40,Ni,-93.16401104209945,14772,39,40,NHC,NHC,NHC-NHC
14773,39_41,Ni,-90.21912504266948,14773,39,41,NHC,NHC,NHC-NHC
14774,39_42,Ni,-82.11208857828751,14774,39,42,NHC,NHC,NHC-NHC
14775,39_43,Ni,-80.67251015175134,14775,39,43,NHC,NHC,NHC-NHC
14776,39_44,Ni,-83.05920943617821,14776,39,44,NHC,NHC,NHC-NHC
14777,39_45,Ni,-83.47492267470807,14777,39,45,NHC,NHC,NHC-NHC
14778,39_46,Ni,-80.08533723000437,14778,39,46,NHC,NHC,NHC-NHC
14779,39_47,Ni,-81.9177576941438,14779,39,47,NHC,NHC,NHC-NHC
14780,39_48,Ni,-90.54708378063516,14780,39,48,NHC,NHC,NHC-NHC
14781,39_49,Ni,-85.93980763852596,14781,39,49,NHC,NHC,NHC-NHC
14808,39_76,Ni,-92.30920032411814,14808,39,76,NHC,NHC,NHC-NHC
14809,39_77,Ni,-89.4616328496486,14809,39,77,NHC,NHC,NHC-NHC
14810,39_78,Ni,-55.32391042169184,14810,39,78,NHC,NHC,NHC-NHC
14911,40_40,Ni,-91.27345423214138,14911,40,40,NHC,NHC,NHC-NHC
14912,40_41,Ni,-96.80771129671484,14912,40,41,NHC,NHC,NHC-NHC
14913,40_42,Ni,-84.01507841330022,14913,40,42,NHC,NHC,NHC-NHC
14914,40_43,Ni,-83.66405333112925,14914,40,43,NHC,NHC,NHC-NHC
14915,40_44,Ni,-87.57116835517809,14915,40,44,NHC,NHC,NHC-NHC
14916,40_45,Ni,-81.39395851455629,14916,40,45,NHC,NHC,NHC-NHC
14917,40_46,Ni,-84.37348978221416,14917,40,46,NHC,NHC,NHC-NHC
14918,40_47,Ni,-77.31563352746889,14918,40,47,NHC,NHC,NHC-NHC
14919,40_48,Ni,-83.4500789809972,14919,40,48,NHC,NHC,NHC-NHC
14920,40_49,Ni,-82.45534294331446,14920,40,49,NHC,NHC,NHC-NHC
14947,40_76,Ni,-85.22602609265596,14947,40,76,NHC,NHC,NHC-NHC
14948,40_77,Ni,-108.99051298666744,14948,40,77,NHC,NHC,NHC-NHC
14949,40_78,Ni,-58.48276539286599,14949,40,78,NHC,NHC,NHC-NHC
14962,41_41,Ni,-91.524724858813,14962,41,41,NHC,NHC,NHC-NHC
14963,41_42,Ni,-75.85343478247523,14963,41,42,NHC,NHC,NHC-NHC
14964,41_43,Ni,-74.36851637158543,14964,41,43,NHC,NHC,NHC-NHC
14965,41_44,Ni,-86.72327674087137,14965,41,44,NHC,NHC,NHC-NHC
14966,41_45,Ni,-91.19752802234144,14966,41,45,NHC,NHC,NHC-NHC
14967,41_46,Ni,-82.70132395159453,14967,41,46,NHC,NHC,NHC-NHC
14968,41_47,Ni,-76.86,14968,41,47,NHC,NHC,NHC-NHC
14969,41_48,Ni,-86.85370928188786,14969,41,48,NHC,NHC,NHC-NHC
14970,41_49,Ni,-86.27934417361394,14970,41,49,NHC,NHC,NHC-NHC
14997,41_76,Ni,-90.93021569307894,14997,41,76,NHC,NHC,NHC-NHC
14998,41_77,Ni,-101.5165680013597,14998,41,77,NHC,NHC,NHC-NHC
14999,41_78,Ni,-59.94445503922179,14999,41,78,NHC,NHC,NHC-NHC
15012,42_42,Ni,-68.56730584893376,15012,42,42,NHC,NHC,NHC-NHC
15013,42_43,Ni,-69.05109596904367,15013,42,43,NHC,NHC,NHC-NHC
15014,42_44,Ni,-71.29627471230924,15014,42,44,NHC,NHC,NHC-NHC
15015,42_45,Ni,-72.52196304034442,15015,42,45,NHC,NHC,NHC-NHC
15016,42_46,Ni,-72.10971750319004,15016,42,46,NHC,NHC,NHC-NHC
15017,42_47,Ni,-76.85344161093235,15017,42,47,NHC,NHC,NHC-NHC
15018,42_48,Ni,-75.94639076897874,15018,42,48,NHC,NHC,NHC-NHC
15019,42_49,Ni,-73.93628574488685,15019,42,49,NHC,NHC,NHC-NHC
15046,42_76,Ni,-75.07529796240851,15046,42,76,NHC,NHC,NHC-NHC
15047,42_77,Ni,-76.82804072462022,15047,42,77,NHC,NHC,NHC-NHC
15048,42_78,Ni,-40.38916618749499,15048,42,78,NHC,NHC,NHC-NHC
15061,43_43,Ni,-72.8455,15061,43,43,NHC,NHC,NHC-NHC
15062,43_44,Ni,-68.81404691841453,15062,43,44,NHC,NHC,NHC-NHC
15063,43_45,Ni,-76.46734265983105,15063,43,45,NHC,NHC,NHC-NHC
15064,43_46,Ni,-71.51028160331771,15064,43,46,NHC,NHC,NHC-NHC
15065,43_47,Ni,-76.18024628655985,15065,43,47,NHC,NHC,NHC-NHC
15066,43_48,Ni,-78.10158547339961,15066,43,48,NHC,NHC,NHC-NHC
15067,43_49,Ni,-72.83883017906919,15067,43,49,NHC,NHC,NHC-NHC
15094,43_76,Ni,-94.51803503232075,15094,43,76,NHC,NHC,NHC-NHC
15095,43_77,Ni,-99.02421161904932,15095,43,77,NHC,NHC,NHC-NHC
15096,43_78,Ni,-41.24536904552952,15096,43,78,NHC,NHC,NHC-NHC
15109,44_44,Ni,-76.88309613196179,15109,44,44,NHC,NHC,NHC-NHC
15110,44_45,Ni,-74.51800517830998,15110,44,45,NHC,NHC,NHC-NHC
15111,44_46,Ni,-71.60924244392663,15111,44,46,NHC,NHC,NHC-NHC
15112,44_47,Ni,-79.25511976797134,15112,44,47,NHC,NHC,NHC-NHC
15113,44_48,Ni,-81.7522231284529,15113,44,48,NHC,NHC,NHC-NHC
15114,44_49,Ni,-75.9983343668282,15114,44,49,NHC,NHC,NHC-NHC
15141,44_76,Ni,-34.41240484872833,15141,44,76,NHC,NHC,NHC-NHC
15142,44_77,Ni,-86.1430627075024,15142,44,77,NHC,NHC,NHC-NHC
15143,44_78,Ni,-52.394589935895056,15143,44,78,NHC,NHC,NHC-NHC
15156,45_45,Ni,-82.87315976666287,15156,45,45,NHC,NHC,NHC-NHC
15157,45_46,Ni,-77.89979857439175,15157,45,46,NHC,NHC,NHC-NHC
15158,45_47,Ni,-75.29441227717325,15158,45,47,NHC,NHC,NHC-NHC
15159,45_48,Ni,-81.01872100587934,15159,45,48,NHC,NHC,NHC-NHC
15160,45_49,Ni,-79.6419373494573,15160,45,49,NHC,NHC,NHC-NHC
15187,45_76,Ni,-77.7025570916012,15187,45,76,NHC,NHC,NHC-NHC
15188,45_77,Ni,0.0,15188,45,77,NHC,NHC,NHC-NHC
15189,45_78,Ni,-50.07275890279561,15189,45,78,NHC,NHC,NHC-NHC
15202,46_46,Ni,-74.83172593545169,15202,46,46,NHC,NHC,NHC-NHC
15203,46_47,Ni,-80.28969946410507,15203,46,47,NHC,NHC,NHC-NHC
15204,46_48,Ni,-77.76731665432453,15204,46,48,NHC,NHC,NHC-NHC
15205,46_49,Ni,-70.68691995646805,15205,46,49,NHC,NHC,NHC-NHC
15232,46_76,Ni,-75.62568438099697,15232,46,76,NHC,NHC,NHC-NHC
15233,46_77,Ni,0.0,15233,46,77,NHC,NHC,NHC-NHC
15234,46_78,Ni,-46.323822752106935,15234,46,78,NHC,NHC,NHC-NHC
15247,47_47,Ni,-78.59275499917567,15247,47,47,NHC,NHC,NHC-NHC
15248,47_48,Ni,-74.35069422004744,15248,47,48,NHC,NHC,NHC-NHC
15249,47_49,Ni,-72.88250988628715,15249,47,49,NHC,NHC,NHC-NHC
15276,47_76,Ni,-81.979276958853,15276,47,76,NHC,NHC,NHC-NHC
15277,47_77,Ni,-88.03888741042465,15277,47,77,NHC,NHC,NHC-NHC
15278,47_78,Ni,-51.206151289865375,15278,47,78,NHC,NHC,NHC-NHC
15291,48_48,Ni,-84.1687243655324,15291,48,48,NHC,NHC,NHC-NHC
15292,48_49,Ni,-84.301110801287,15292,48,49,NHC,NHC,NHC-NHC
15319,48_76,Ni,-79.48328635888174,15319,48,76,NHC,NHC,NHC-NHC
15320,48_77,Ni,-89.73578576743603,15320,48,77,NHC,NHC,NHC-NHC
15321,48_78,Ni,-52.29268266679719,15321,48,78,NHC,NHC,NHC-NHC
15334,49_49,Ni,-77.10386198200285,15334,49,49,NHC,NHC,NHC-NHC
15361,49_76,Ni,-81.11770060099661,15361,49,76,NHC,NHC,NHC-NHC
15362,49_77,Ni,-87.82558142300695,15362,49,77,NHC,NHC,NHC-NHC
15363,49_78,Ni,-49.95976164937019,15363,49,78,NHC,NHC,NHC-NHC
16375,76_76,Ni,-120.29628710448742,16375,76,76,NHC,NHC,NHC-NHC
16376,76_77,Ni,-8.129351006392247,16376,76,77,NHC,NHC,NHC-NHC
16377,76_78,Ni,-57.35532132629305,16377,76,78,NHC,NHC,NHC-NHC
16390,77_77,Ni,-120.73491786420344,16390,77,77,NHC,NHC,NHC-NHC
16391,77_78,Ni,-53.656224235892296,16391,77,78,NHC,NHC,NHC-NHC
16404,78_78,Ni,-13.420903348829595,16404,78,78,NHC,NHC,NHC-NHC
18565,32_32,Pd,-43.91,18565,32,32,NHC,NHC,NHC-NHC
18566,32_33,Pd,-43.78,18566,32,33,NHC,NHC,NHC-NHC
18567,32_34,Pd,-48.35,18567,32,34,NHC,NHC,NHC-NHC
18568,32_35,Pd,-41.87,18568,32,35,NHC,NHC,NHC-NHC
18569,32_36,Pd,-50.01,18569,32,36,NHC,NHC,NHC-NHC
18570,32_37,Pd,-49.9,18570,32,37,NHC,NHC,NHC-NHC
18571,32_38,Pd,-44.57,18571,32,38,NHC,NHC,NHC-NHC
18572,32_39,Pd,-48.57,18572,32,39,NHC,NHC,NHC-NHC
18573,32_40,Pd,-50.94,18573,32,40,NHC,NHC,NHC-NHC
18574,32_41,Pd,-50.01,18574,32,41,NHC,NHC,NHC-NHC
18575,32_42,Pd,-49.41,18575,32,42,NHC,NHC,NHC-NHC
18576,32_43,Pd,-41.77,18576,32,43,NHC,NHC,NHC-NHC
18577,32_44,Pd,-43.72,18577,32,44,NHC,NHC,NHC-NHC
18578,32_45,Pd,-45.43,18578,32,45,NHC,NHC,NHC-NHC
18579,32_46,Pd,-44.84,18579,32,46,NHC,NHC,NHC-NHC
18580,32_47,Pd,-47.27,18580,32,47,NHC,NHC,NHC-NHC
18581,32_48,Pd,-46.33,18581,32,48,NHC,NHC,NHC-NHC
18582,32_49,Pd,-46.9,18582,32,49,NHC,NHC,NHC-NHC
18609,32_76,Pd,-42.45015769638121,18609,32,76,NHC,NHC,NHC-NHC
18610,32_77,Pd,-41.39503355696797,18610,32,77,NHC,NHC,NHC-NHC
18611,32_78,Pd,-16.494204415008426,18611,32,78,NHC,NHC,NHC-NHC
18624,33_33,Pd,-50.15,18624,33,33,NHC,NHC,NHC-NHC
18625,33_34,Pd,-49.01,18625,33,34,NHC,NHC,NHC-NHC
18626,33_35,Pd,-40.93,18626,33,35,NHC,NHC,NHC-NHC
18627,33_36,Pd,-49.26,18627,33,36,NHC,NHC,NHC-NHC
18628,33_37,Pd,-48.99,18628,33,37,NHC,NHC,NHC-NHC
18629,33_38,Pd,-47.75,18629,33,38,NHC,NHC,NHC-NHC
18630,33_39,Pd,-51.65,18630,33,39,NHC,NHC,NHC-NHC
18631,33_40,Pd,-47.8,18631,33,40,NHC,NHC,NHC-NHC
18632,33_41,Pd,-48.74,18632,33,41,NHC,NHC,NHC-NHC
18633,33_42,Pd,-50.41,18633,33,42,NHC,NHC,NHC-NHC
18634,33_43,Pd,-43.7,18634,33,43,NHC,NHC,NHC-NHC
18635,33_44,Pd,-45.75,18635,33,44,NHC,NHC,NHC-NHC
18636,33_45,Pd,-47.4,18636,33,45,NHC,NHC,NHC-NHC
18637,33_46,Pd,-46.89,18637,33,46,NHC,NHC,NHC-NHC
18638,33_47,Pd,-46.94,18638,33,47,NHC,NHC,NHC-NHC
18639,33_48,Pd,-45.15,18639,33,48,NHC,NHC,NHC-NHC
18640,33_49,Pd,-49.55,18640,33,49,NHC,NHC,NHC-NHC
18667,33_76,Pd,-44.08423397364095,18667,33,76,NHC,NHC,NHC-NHC
18668,33_77,Pd,-42.41227619117126,18668,33,77,NHC,NHC,NHC-NHC
18669,33_78,Pd,-19.928865666966885,18669,33,78,NHC,NHC,NHC-NHC
18682,34_34,Pd,-44.11,18682,34,34,NHC,NHC,NHC-NHC
18683,34_35,Pd,-43.98,18683,34,35,NHC,NHC,NHC-NHC
18684,34_36,Pd,-47.3,18684,34,36,NHC,NHC,NHC-NHC
18685,34_37,Pd,-50.04,18685,34,37,NHC,NHC,NHC-NHC
18686,34_38,Pd,-43.86,18686,34,38,NHC,NHC,NHC-NHC
18687,34_39,Pd,-47.17,18687,34,39,NHC,NHC,NHC-NHC
18688,34_40,Pd,-51.99,18688,34,40,NHC,NHC,NHC-NHC
18689,34_41,Pd,-46.74,18689,34,41,NHC,NHC,NHC-NHC
18690,34_42,Pd,-52.68,18690,34,42,NHC,NHC,NHC-NHC
18691,34_43,Pd,-46.48,18691,34,43,NHC,NHC,NHC-NHC
18692,34_44,Pd,-42.78,18692,34,44,NHC,NHC,NHC-NHC
18693,34_45,Pd,-40.53,18693,34,45,NHC,NHC,NHC-NHC
18694,34_46,Pd,-49.38,18694,34,46,NHC,NHC,NHC-NHC
18695,34_47,Pd,-50.86,18695,34,47,NHC,NHC,NHC-NHC
18696,34_48,Pd,-45.43,18696,34,48,NHC,NHC,NHC-NHC
18697,34_49,Pd,-49.24,18697,34,49,NHC,NHC,NHC-NHC
18724,34_76,Pd,-39.67100983764976,18724,34,76,NHC,NHC,NHC-NHC
18725,34_77,Pd,-57.23452378576621,18725,34,77,NHC,NHC,NHC-NHC
18726,34_78,Pd,-20.5279184631072,18726,34,78,NHC,NHC,NHC-NHC
18739,35_35,Pd,-30.49,18739,35,35,NHC,NHC,NHC-NHC
18740,35_36,Pd,-45.03,18740,35,36,NHC,NHC,NHC-NHC
18741,35_37,Pd,-40.53,18741,35,37,NHC,NHC,NHC-NHC
18742,35_38,Pd,-41.46,18742,35,38,NHC,NHC,NHC-NHC
18743,35_39,Pd,-43.61,18743,35,39,NHC,NHC,NHC-NHC
18744,35_40,Pd,-46.14,18744,35,40,NHC,NHC,NHC-NHC
18745,35_41,Pd,-37.23,18745,35,41,NHC,NHC,NHC-NHC
18746,35_42,Pd,-47.0,18746,35,42,NHC,NHC,NHC-NHC
18747,35_43,Pd,-39.53,18747,35,43,NHC,NHC,NHC-NHC
18748,35_44,Pd,-41.85,18748,35,44,NHC,NHC,NHC-NHC
18749,35_45,Pd,-42.23,18749,35,45,NHC,NHC,NHC-NHC
18750,35_46,Pd,-42.68,18750,35,46,NHC,NHC,NHC-NHC
18751,35_47,Pd,-41.49,18751,35,47,NHC,NHC,NHC-NHC
18752,35_48,Pd,-42.45,18752,35,48,NHC,NHC,NHC-NHC
18753,35_49,Pd,-43.52,18753,35,49,NHC,NHC,NHC-NHC
18780,35_76,Pd,-38.7199402526021,18780,35,76,NHC,NHC,NHC-NHC
18781,35_77,Pd,-60.70976576814428,18781,35,77,NHC,NHC,NHC-NHC
18782,35_78,Pd,-15.328992893453687,18782,35,78,NHC,NHC,NHC-NHC
18795,36_36,Pd,-55.74,18795,36,36,NHC,NHC,NHC-NHC
18796,36_37,Pd,-50.03,18796,36,37,NHC,NHC,NHC-NHC
18797,36_38,Pd,-49.46,18797,36,38,NHC,NHC,NHC-NHC
18798,36_39,Pd,-47.01,18798,36,39,NHC,NHC,NHC-NHC
18799,36_40,Pd,-56.74,18799,36,40,NHC,NHC,NHC-NHC
18800,36_41,Pd,-49.94,18800,36,41,NHC,NHC,NHC-NHC
18801,36_42,Pd,-55.92,18801,36,42,NHC,NHC,NHC-NHC
18802,36_43,Pd,-47.52,18802,36,43,NHC,NHC,NHC-NHC
18803,36_44,Pd,-49.54,18803,36,44,NHC,NHC,NHC-NHC
18804,36_45,Pd,-50.63,18804,36,45,NHC,NHC,NHC-NHC
18805,36_46,Pd,-50.49,18805,36,46,NHC,NHC,NHC-NHC
18806,36_47,Pd,-54.12,18806,36,47,NHC,NHC,NHC-NHC
18807,36_48,Pd,-49.68,18807,36,48,NHC,NHC,NHC-NHC
18808,36_49,Pd,-52.18,18808,36,49,NHC,NHC,NHC-NHC
18835,36_76,Pd,-37.82282991334796,18835,36,76,NHC,NHC,NHC-NHC
18836,36_77,Pd,-51.819737289100885,18836,36,77,NHC,NHC,NHC-NHC
18837,36_78,Pd,-17.253217238932848,18837,36,78,NHC,NHC,NHC-NHC
18850,37_37,Pd,-46.17,18850,37,37,NHC,NHC,NHC-NHC
18851,37_38,Pd,-50.38,18851,37,38,NHC,NHC,NHC-NHC
18852,37_39,Pd,-48.16,18852,37,39,NHC,NHC,NHC-NHC
18853,37_40,Pd,-49.96,18853,37,40,NHC,NHC,NHC-NHC
18854,37_41,Pd,-46.86,18854,37,41,NHC,NHC,NHC-NHC
18855,37_42,Pd,-54.84,18855,37,42,NHC,NHC,NHC-NHC
18856,37_43,Pd,-47.94,18856,37,43,NHC,NHC,NHC-NHC
18857,37_44,Pd,-50.58,18857,37,44,NHC,NHC,NHC-NHC
18858,37_45,Pd,-47.96,18858,37,45,NHC,NHC,NHC-NHC
18859,37_46,Pd,-47.71,18859,37,46,NHC,NHC,NHC-NHC
18860,37_47,Pd,-49.48,18860,37,47,NHC,NHC,NHC-NHC
18861,37_48,Pd,-50.15,18861,37,48,NHC,NHC,NHC-NHC
18862,37_49,Pd,-49.25,18862,37,49,NHC,NHC,NHC-NHC
18889,37_76,Pd,-43.39142719004303,18889,37,76,NHC,NHC,NHC-NHC
18890,37_77,Pd,-58.5689551346004,18890,37,77,NHC,NHC,NHC-NHC
18891,37_78,Pd,-28.394556494429708,18891,37,78,NHC,NHC,NHC-NHC
18904,38_38,Pd,-44.72,18904,38,38,NHC,NHC,NHC-NHC
18905,38_39,Pd,-45.52,18905,38,39,NHC,NHC,NHC-NHC
18906,38_40,Pd,-51.33,18906,38,40,NHC,NHC,NHC-NHC
18907,38_41,Pd,-51.51,18907,38,41,NHC,NHC,NHC-NHC
18908,38_42,Pd,-50.69,18908,38,42,NHC,NHC,NHC-NHC
18909,38_43,Pd,-42.28,18909,38,43,NHC,NHC,NHC-NHC
18910,38_44,Pd,-44.36,18910,38,44,NHC,NHC,NHC-NHC
18911,38_45,Pd,-45.95,18911,38,45,NHC,NHC,NHC-NHC
18912,38_46,Pd,-46.14,18912,38,46,NHC,NHC,NHC-NHC
18913,38_47,Pd,-48.71,18913,38,47,NHC,NHC,NHC-NHC
18914,38_48,Pd,-46.98,18914,38,48,NHC,NHC,NHC-NHC
18915,38_49,Pd,-46.56,18915,38,49,NHC,NHC,NHC-NHC
18942,38_76,Pd,-46.78878704318777,18942,38,76,NHC,NHC,NHC-NHC
18943,38_77,Pd,-47.62854139320552,18943,38,77,NHC,NHC,NHC-NHC
18944,38_78,Pd,-17.33216186100617,18944,38,78,NHC,NHC,NHC-NHC
18957,39_39,Pd,-52.55,18957,39,39,NHC,NHC,NHC-NHC
18958,39_40,Pd,-50.86,18958,39,40,NHC,NHC,NHC-NHC
18959,39_41,Pd,-50.04,18959,39,41,NHC,NHC,NHC-NHC
18960,39_42,Pd,-50.72,18960,39,42,NHC,NHC,NHC-NHC
18961,39_43,Pd,-43.83,18961,39,43,NHC,NHC,NHC-NHC
18962,39_44,Pd,-46.52,18962,39,44,NHC,NHC,NHC-NHC
18963,39_45,Pd,-50.63,18963,39,45,NHC,NHC,NHC-NHC
18964,39_46,Pd,-45.01,18964,39,46,NHC,NHC,NHC-NHC
18965,39_47,Pd,-46.77,18965,39,47,NHC,NHC,NHC-NHC
18966,39_48,Pd,-50.37,18966,39,48,NHC,NHC,NHC-NHC
18967,39_49,Pd,-50.06,18967,39,49,NHC,NHC,NHC-NHC
18994,39_76,Pd,-57.531240947544575,18994,39,76,NHC,NHC,NHC-NHC
18995,39_77,Pd,-53.83525665057823,18995,39,77,NHC,NHC,NHC-NHC
18996,39_78,Pd,-20.38253733376041,18996,39,78,NHC,NHC,NHC-NHC
19097,40_40,Pd,-53.25,19097,40,40,NHC,NHC,NHC-NHC
19098,40_41,Pd,-48.28,19098,40,41,NHC,NHC,NHC-NHC
19099,40_42,Pd,-53.61,19099,40,42,NHC,NHC,NHC-NHC
19100,40_43,Pd,-48.48,19100,40,43,NHC,NHC,NHC-NHC
19101,40_44,Pd,-48.3,19101,40,44,NHC,NHC,NHC-NHC
19102,40_45,Pd,-43.28,19102,40,45,NHC,NHC,NHC-NHC
19103,40_46,Pd,-49.86,19103,40,46,NHC,NHC,NHC-NHC
19104,40_47,Pd,-44.88,19104,40,47,NHC,NHC,NHC-NHC
19105,40_48,Pd,-45.59,19105,40,48,NHC,NHC,NHC-NHC
19106,40_49,Pd,-52.0,19106,40,49,NHC,NHC,NHC-NHC
19133,40_76,Pd,-45.640938124619424,19133,40,76,NHC,NHC,NHC-NHC
19134,40_77,Pd,-52.12100885994733,19134,40,77,NHC,NHC,NHC-NHC
19135,40_78,Pd,-21.61960543645546,19135,40,78,NHC,NHC,NHC-NHC
19148,41_41,Pd,-45.93,19148,41,41,NHC,NHC,NHC-NHC
19149,41_42,Pd,-55.13,19149,41,42,NHC,NHC,NHC-NHC
19150,41_43,Pd,-45.5,19150,41,43,NHC,NHC,NHC-NHC
19151,41_44,Pd,-50.44,19151,41,44,NHC,NHC,NHC-NHC
19152,41_45,Pd,-48.57,19152,41,45,NHC,NHC,NHC-NHC
19153,41_46,Pd,-45.64,19153,41,46,NHC,NHC,NHC-NHC
19154,41_47,Pd,-46.48,19154,41,47,NHC,NHC,NHC-NHC
19155,41_48,Pd,-52.82,19155,41,48,NHC,NHC,NHC-NHC
19156,41_49,Pd,-50.54,19156,41,49,NHC,NHC,NHC-NHC
19183,41_76,Pd,-50.03426172072068,19183,41,76,NHC,NHC,NHC-NHC
19184,41_77,Pd,-51.60342117585242,19184,41,77,NHC,NHC,NHC-NHC
19185,41_78,Pd,-24.58398383297026,19185,41,78,NHC,NHC,NHC-NHC
19198,42_42,Pd,-53.5,19198,42,42,NHC,NHC,NHC-NHC
19199,42_43,Pd,-47.72,19199,42,43,NHC,NHC,NHC-NHC
19200,42_44,Pd,-49.98,19200,42,44,NHC,NHC,NHC-NHC
19201,42_45,Pd,-52.04,19201,42,45,NHC,NHC,NHC-NHC
19202,42_46,Pd,-50.76,19202,42,46,NHC,NHC,NHC-NHC
19203,42_47,Pd,-51.4,19203,42,47,NHC,NHC,NHC-NHC
19204,42_48,Pd,-51.7,19204,42,48,NHC,NHC,NHC-NHC
19205,42_49,Pd,-52.59,19205,42,49,NHC,NHC,NHC-NHC
19232,42_76,Pd,-47.90048508672044,19232,42,76,NHC,NHC,NHC-NHC
19233,42_77,Pd,-50.70761335780844,19233,42,77,NHC,NHC,NHC-NHC
19234,42_78,Pd,-19.60606630891561,19234,42,78,NHC,NHC,NHC-NHC
19247,43_43,Pd,-39.59,19247,43,43,NHC,NHC,NHC-NHC
19248,43_44,Pd,-41.74,19248,43,44,NHC,NHC,NHC-NHC
19249,43_45,Pd,-45.55,19249,43,45,NHC,NHC,NHC-NHC
19250,43_46,Pd,-41.48,19250,43,46,NHC,NHC,NHC-NHC
19251,43_47,Pd,-42.77,19251,43,47,NHC,NHC,NHC-NHC
19252,43_48,Pd,-44.65,19252,43,48,NHC,NHC,NHC-NHC
19253,43_49,Pd,-43.66,19253,43,49,NHC,NHC,NHC-NHC
19280,43_76,Pd,-63.64534980850294,19280,43,76,NHC,NHC,NHC-NHC
19281,43_77,Pd,-53.28592269029468,19281,43,77,NHC,NHC,NHC-NHC
19282,43_78,Pd,-8.972072606906295,19282,43,78,NHC,NHC,NHC-NHC
19295,44_44,Pd,-43.84,19295,44,44,NHC,NHC,NHC-NHC
19296,44_45,Pd,-45.04,19296,44,45,NHC,NHC,NHC-NHC
19297,44_46,Pd,-47.73,19297,44,46,NHC,NHC,NHC-NHC
19298,44_47,Pd,-45.36,19298,44,47,NHC,NHC,NHC-NHC
19299,44_48,Pd,-46.38,19299,44,48,NHC,NHC,NHC-NHC
19300,44_49,Pd,-45.54,19300,44,49,NHC,NHC,NHC-NHC
19327,44_76,Pd,-5.550595927517861,19327,44,76,NHC,NHC,NHC-NHC
19328,44_77,Pd,-56.98355580400676,19328,44,77,NHC,NHC,NHC-NHC
19329,44_78,Pd,-21.14634927455336,19329,44,78,NHC,NHC,NHC-NHC
19342,45_45,Pd,-51.35,19342,45,45,NHC,NHC,NHC-NHC
19343,45_46,Pd,-45.83,19343,45,46,NHC,NHC,NHC-NHC
19344,45_47,Pd,-43.18,19344,45,47,NHC,NHC,NHC-NHC
19345,45_48,Pd,-48.01,19345,45,48,NHC,NHC,NHC-NHC
19346,45_49,Pd,-47.41,19346,45,49,NHC,NHC,NHC-NHC
19373,45_76,Pd,-40.85463415738195,19373,45,76,NHC,NHC,NHC-NHC
19374,45_77,Pd,0.0,19374,45,77,NHC,NHC,NHC-NHC
19375,45_78,Pd,-22.968269064556807,19375,45,78,NHC,NHC,NHC-NHC
19388,46_46,Pd,-44.28,19388,46,46,NHC,NHC,NHC-NHC
19389,46_47,Pd,-45.1,19389,46,47,NHC,NHC,NHC-NHC
19390,46_48,Pd,-53.39,19390,46,48,NHC,NHC,NHC-NHC
19391,46_49,Pd,-47.06,19391,46,49,NHC,NHC,NHC-NHC
19418,46_76,Pd,-43.36860694689676,19418,46,76,NHC,NHC,NHC-NHC
19419,46_77,Pd,0.0,19419,46,77,NHC,NHC,NHC-NHC
19420,46_78,Pd,-22.167326467111707,19420,46,78,NHC,NHC,NHC-NHC
19433,47_47,Pd,-48.15,19433,47,47,NHC,NHC,NHC-NHC
19434,47_48,Pd,-48.82,19434,47,48,NHC,NHC,NHC-NHC
19435,47_49,Pd,-45.58352358080447,19435,47,49,NHC,NHC,NHC-NHC
19462,47_76,Pd,-55.74394340766594,19462,47,76,NHC,NHC,NHC-NHC
19463,47_77,Pd,-56.29966125637293,19463,47,77,NHC,NHC,NHC-NHC
19464,47_78,Pd,-25.26064685452729,19464,47,78,NHC,NHC,NHC-NHC
19477,48_48,Pd,-46.57,19477,48,48,NHC,NHC,NHC-NHC
19478,48_49,Pd,-48.17,19478,48,49,NHC,NHC,NHC-NHC
19505,48_76,Pd,-49.01932765357196,19505,48,76,NHC,NHC,NHC-NHC
19506,48_77,Pd,-44.497304840479046,19506,48,77,NHC,NHC,NHC-NHC
19507,48_78,Pd,-20.82776711974293,19507,48,78,NHC,NHC,NHC-NHC
19520,49_49,Pd,-49.72,19520,49,49,NHC,NHC,NHC-NHC
19547,49_76,Pd,-46.18992989463732,19547,49,76,NHC,NHC,NHC-NHC
19548,49_77,Pd,-47.82976651377976,19548,49,77,NHC,NHC,NHC-NHC
19549,49_78,Pd,-20.73055307660252,19549,49,78,NHC,NHC,NHC-NHC
20561,76_76,Pd,-68.83052340336144,20561,76,76,NHC,NHC,NHC-NHC
20562,76_77,Pd,-8.146946334703394,20562,76,77,NHC,NHC,NHC-NHC
20563,76_78,Pd,-20.890457664150745,20563,76,78,NHC,NHC,NHC-NHC
20576,77_77,Pd,-77.61251377034932,20576,77,77,NHC,NHC,NHC-NHC
20577,77_78,Pd,-10.997070367913691,20577,77,78,NHC,NHC,NHC-NHC
20590,78_78,Pd,13.346950376871971,20590,78,78,NHC,NHC,NHC-NHC
22751,32_32,Pt,-52.29,22751,32,32,NHC,NHC,NHC-NHC
22752,32_33,Pt,-65.82045274646953,22752,32,33,NHC,NHC,NHC-NHC
22753,32_34,Pt,-63.50831572338939,22753,32,34,NHC,NHC,NHC-NHC
22754,32_35,Pt,-53.82666720729321,22754,32,35,NHC,NHC,NHC-NHC
22755,32_36,Pt,-56.10649071633816,22755,32,36,NHC,NHC,NHC-NHC
22756,32_37,Pt,-50.900827292818576,22756,32,37,NHC,NHC,NHC-NHC
22757,32_38,Pt,-52.4,22757,32,38,NHC,NHC,NHC-NHC
22758,32_39,Pt,-59.24776673223823,22758,32,39,NHC,NHC,NHC-NHC
22759,32_40,Pt,-59.2712740059942,22759,32,40,NHC,NHC,NHC-NHC
22760,32_41,Pt,-47.66805673856288,22760,32,41,NHC,NHC,NHC-NHC
22761,32_42,Pt,-54.64801881369203,22761,32,42,NHC,NHC,NHC-NHC
22762,32_43,Pt,-49.75352479238063,22762,32,43,NHC,NHC,NHC-NHC
22763,32_44,Pt,-51.5391202699393,22763,32,44,NHC,NHC,NHC-NHC
22764,32_45,Pt,-47.4056634134613,22764,32,45,NHC,NHC,NHC-NHC
22765,32_46,Pt,-55.41968301171437,22765,32,46,NHC,NHC,NHC-NHC
22766,32_47,Pt,-54.16148805385456,22766,32,47,NHC,NHC,NHC-NHC
22767,32_48,Pt,-52.67076701810584,22767,32,48,NHC,NHC,NHC-NHC
22768,32_49,Pt,-55.00720784626901,22768,32,49,NHC,NHC,NHC-NHC
22795,32_76,Pt,-38.91758056497201,22795,32,76,NHC,NHC,NHC-NHC
22796,32_77,Pt,-32.85742681240663,22796,32,77,NHC,NHC,NHC-NHC
22797,32_78,Pt,-26.157514864578843,22797,32,78,NHC,NHC,NHC-NHC
22810,33_33,Pt,-68.01508160447702,22810,33,33,NHC,NHC,NHC-NHC
22811,33_34,Pt,-59.631062109954655,22811,33,34,NHC,NHC,NHC-NHC
22812,33_35,Pt,-56.12832320854068,22812,33,35,NHC,NHC,NHC-NHC
22813,33_36,Pt,-55.87749424949288,22813,33,36,NHC,NHC,NHC-NHC
22814,33_37,Pt,-50.200764923822135,22814,33,37,NHC,NHC,NHC-NHC
22815,33_38,Pt,-63.39983271667734,22815,33,38,NHC,NHC,NHC-NHC
22816,33_39,Pt,-60.59446310857311,22816,33,39,NHC,NHC,NHC-NHC
22817,33_40,Pt,-51.96662346273661,22817,33,40,NHC,NHC,NHC-NHC
22818,33_41,Pt,-49.45187294855714,22818,33,41,NHC,NHC,NHC-NHC
22819,33_42,Pt,-65.8283024514094,22819,33,42,NHC,NHC,NHC-NHC
22820,33_43,Pt,-61.64377571037039,22820,33,43,NHC,NHC,NHC-NHC
22821,33_44,Pt,-61.92409874498844,22821,33,44,NHC,NHC,NHC-NHC
22822,33_45,Pt,-53.73670759471133,22822,33,45,NHC,NHC,NHC-NHC
22823,33_46,Pt,-56.77828304190189,22823,33,46,NHC,NHC,NHC-NHC
22824,33_47,Pt,-53.38273314666003,22824,33,47,NHC,NHC,NHC-NHC
22825,33_48,Pt,-59.68782878806815,22825,33,48,NHC,NHC,NHC-NHC
22826,33_49,Pt,-59.009307224769145,22826,33,49,NHC,NHC,NHC-NHC
22853,33_76,Pt,-42.34249211009592,22853,33,76,NHC,NHC,NHC-NHC
22854,33_77,Pt,-32.341303976718336,22854,33,77,NHC,NHC,NHC-NHC
22855,33_78,Pt,-37.69827579101548,22855,33,78,NHC,NHC,NHC-NHC
22868,34_34,Pt,-60.703735751565546,22868,34,34,NHC,NHC,NHC-NHC
22869,34_35,Pt,-53.9057451793924,22869,34,35,NHC,NHC,NHC-NHC
22870,34_36,Pt,-55.354200361296535,22870,34,36,NHC,NHC,NHC-NHC
22871,34_37,Pt,-54.44,22871,34,37,NHC,NHC,NHC-NHC
22872,34_38,Pt,-61.56376398773864,22872,34,38,NHC,NHC,NHC-NHC
22873,34_39,Pt,-59.63768261857331,22873,34,39,NHC,NHC,NHC-NHC
22874,34_40,Pt,-56.260470813605934,22874,34,40,NHC,NHC,NHC-NHC
22875,34_41,Pt,-44.87326393509284,22875,34,41,NHC,NHC,NHC-NHC
22876,34_42,Pt,-65.06124486587942,22876,34,42,NHC,NHC,NHC-NHC
22877,34_43,Pt,-59.789932867046446,22877,34,43,NHC,NHC,NHC-NHC
22878,34_44,Pt,-59.65187880396843,22878,34,44,NHC,NHC,NHC-NHC
22879,34_45,Pt,-49.30996302887797,22879,34,45,NHC,NHC,NHC-NHC
22880,34_46,Pt,-52.44146715523675,22880,34,46,NHC,NHC,NHC-NHC
22881,34_47,Pt,-53.16071253083646,22881,34,47,NHC,NHC,NHC-NHC
22882,34_48,Pt,-55.60515715694055,22882,34,48,NHC,NHC,NHC-NHC
22883,34_49,Pt,-59.57854833872989,22883,34,49,NHC,NHC,NHC-NHC
22910,34_76,Pt,-36.289204290136695,22910,34,76,NHC,NHC,NHC-NHC
22911,34_77,Pt,-38.020608253311366,22911,34,77,NHC,NHC,NHC-NHC
22912,34_78,Pt,-37.18268558010459,22912,34,78,NHC,NHC,NHC-NHC
22925,35_35,Pt,-48.694458190817386,22925,35,35,NHC,NHC,NHC-NHC
22926,35_36,Pt,-51.319041553884745,22926,35,36,NHC,NHC,NHC-NHC
22927,35_37,Pt,-40.71038698544726,22927,35,37,NHC,NHC,NHC-NHC
22928,35_38,Pt,-55.378627938218415,22928,35,38,NHC,NHC,NHC-NHC
22929,35_39,Pt,-51.43250649608672,22929,35,39,NHC,NHC,NHC-NHC
22930,35_40,Pt,-53.84325735690072,22930,35,40,NHC,NHC,NHC-NHC
22931,35_41,Pt,-46.878998034633696,22931,35,41,NHC,NHC,NHC-NHC
22932,35_42,Pt,-59.24539255024865,22932,35,42,NHC,NHC,NHC-NHC
22933,35_43,Pt,-53.77788562420756,22933,35,43,NHC,NHC,NHC-NHC
22934,35_44,Pt,-54.246709225699306,22934,35,44,NHC,NHC,NHC-NHC
22935,35_45,Pt,-46.17266084067524,22935,35,45,NHC,NHC,NHC-NHC
22936,35_46,Pt,-49.0340047548525,22936,35,46,NHC,NHC,NHC-NHC
22937,35_47,Pt,-47.3185949404724,22937,35,47,NHC,NHC,NHC-NHC
22938,35_48,Pt,-47.6328523834236,22938,35,48,NHC,NHC,NHC-NHC
22939,35_49,Pt,-52.22365653514862,22939,35,49,NHC,NHC,NHC-NHC
22966,35_76,Pt,-35.73701733490452,22966,35,76,NHC,NHC,NHC-NHC
22967,35_77,Pt,-55.49015011405572,22967,35,77,NHC,NHC,NHC-NHC
22968,35_78,Pt,-32.41550570074469,22968,35,78,NHC,NHC,NHC-NHC
22981,36_36,Pt,-54.055410247296095,22981,36,36,NHC,NHC,NHC-NHC
22982,36_37,Pt,-49.724094059844894,22982,36,37,NHC,NHC,NHC-NHC
22983,36_38,Pt,-53.14494981942698,22983,36,38,NHC,NHC,NHC-NHC
22984,36_39,Pt,-54.944307203404605,22984,36,39,NHC,NHC,NHC-NHC
22985,36_40,Pt,-55.44916033092886,22985,36,40,NHC,NHC,NHC-NHC
22986,36_41,Pt,-56.4698744895868,22986,36,41,NHC,NHC,NHC-NHC
22987,36_42,Pt,-54.28123977780342,22987,36,42,NHC,NHC,NHC-NHC
22988,36_43,Pt,-51.48509453656152,22988,36,43,NHC,NHC,NHC-NHC
22989,36_44,Pt,-54.02486694930121,22989,36,44,NHC,NHC,NHC-NHC
22990,36_45,Pt,-47.405046523083,22990,36,45,NHC,NHC,NHC-NHC
22991,36_46,Pt,-48.02355681732297,22991,36,46,NHC,NHC,NHC-NHC
22992,36_47,Pt,-49.29589390615001,22992,36,47,NHC,NHC,NHC-NHC
22993,36_48,Pt,-54.98226827941835,22993,36,48,NHC,NHC,NHC-NHC
22994,36_49,Pt,-57.17610211251304,22994,36,49,NHC,NHC,NHC-NHC
23021,36_76,Pt,-39.04194231564179,23021,36,76,NHC,NHC,NHC-NHC
23022,36_77,Pt,-26.722198429051787,23022,36,77,NHC,NHC,NHC-NHC
23023,36_78,Pt,-23.61458430439233,23023,36,78,NHC,NHC,NHC-NHC
23036,37_37,Pt,-45.24457147810608,23036,37,37,NHC,NHC,NHC-NHC
23037,37_38,Pt,-49.04013498919085,23037,37,38,NHC,NHC,NHC-NHC
23038,37_39,Pt,-45.84802842186764,23038,37,39,NHC,NHC,NHC-NHC
23039,37_40,Pt,-58.420761516317725,23039,37,40,NHC,NHC,NHC-NHC
23040,37_41,Pt,-50.19193039555103,23040,37,41,NHC,NHC,NHC-NHC
23041,37_42,Pt,-59.32902146549896,23041,37,42,NHC,NHC,NHC-NHC
23042,37_43,Pt,-47.46433069417253,23042,37,43,NHC,NHC,NHC-NHC
23043,37_44,Pt,-46.39324251702055,23043,37,44,NHC,NHC,NHC-NHC
23044,37_45,Pt,-52.98385523632169,23044,37,45,NHC,NHC,NHC-NHC
23045,37_46,Pt,-50.30594142572954,23045,37,46,NHC,NHC,NHC-NHC
23046,37_47,Pt,-50.76841949298978,23046,37,47,NHC,NHC,NHC-NHC
23047,37_48,Pt,-54.6457650125958,23047,37,48,NHC,NHC,NHC-NHC
23048,37_49,Pt,-52.35,23048,37,49,NHC,NHC,NHC-NHC
23075,37_76,Pt,-41.89037973992527,23075,37,76,NHC,NHC,NHC-NHC
23076,37_77,Pt,-54.66344154486433,23076,37,77,NHC,NHC,NHC-NHC
23077,37_78,Pt,-36.18528147228062,23077,37,78,NHC,NHC,NHC-NHC
23090,38_38,Pt,-52.29,23090,38,38,NHC,NHC,NHC-NHC
23091,38_39,Pt,-53.68736601481214,23091,38,39,NHC,NHC,NHC-NHC
23092,38_40,Pt,-56.01979806087911,23092,38,40,NHC,NHC,NHC-NHC
23093,38_41,Pt,-45.76266736770049,23093,38,41,NHC,NHC,NHC-NHC
23094,38_42,Pt,-54.219886880368,23094,38,42,NHC,NHC,NHC-NHC
23095,38_43,Pt,-49.929703794419765,23095,38,43,NHC,NHC,NHC-NHC
23096,38_44,Pt,-52.04467569570989,23096,38,44,NHC,NHC,NHC-NHC
23097,38_45,Pt,-50.78949883393943,23097,38,45,NHC,NHC,NHC-NHC
23098,38_46,Pt,-49.45451423106715,23098,38,46,NHC,NHC,NHC-NHC
23099,38_47,Pt,-57.97430708492175,23099,38,47,NHC,NHC,NHC-NHC
23100,38_48,Pt,-53.80577332433313,23100,38,48,NHC,NHC,NHC-NHC
23101,38_49,Pt,-55.060356656555086,23101,38,49,NHC,NHC,NHC-NHC
23128,38_76,Pt,-51.17430926440284,23128,38,76,NHC,NHC,NHC-NHC
23129,38_77,Pt,-34.49711580062285,23129,38,77,NHC,NHC,NHC-NHC
23130,38_78,Pt,-25.73359061777592,23130,38,78,NHC,NHC,NHC-NHC
23143,39_39,Pt,-61.17194538237527,23143,39,39,NHC,NHC,NHC-NHC
23144,39_40,Pt,-59.077385371085256,23144,39,40,NHC,NHC,NHC-NHC
23145,39_41,Pt,-47.00841680308804,23145,39,41,NHC,NHC,NHC-NHC
23146,39_42,Pt,-59.41125567024574,23146,39,42,NHC,NHC,NHC-NHC
23147,39_43,Pt,-54.57718092016876,23147,39,43,NHC,NHC,NHC-NHC
23148,39_44,Pt,-57.021108214277774,23148,39,44,NHC,NHC,NHC-NHC
23149,39_45,Pt,-57.51492575043813,23149,39,45,NHC,NHC,NHC-NHC
23150,39_46,Pt,-49.980933419428766,23150,39,46,NHC,NHC,NHC-NHC
23151,39_47,Pt,-52.30528825568035,23151,39,47,NHC,NHC,NHC-NHC
23152,39_48,Pt,-57.07588444510475,23152,39,48,NHC,NHC,NHC-NHC
23153,39_49,Pt,-58.69445108762011,23153,39,49,NHC,NHC,NHC-NHC
23180,39_76,Pt,-62.49783079046756,23180,39,76,NHC,NHC,NHC-NHC
23181,39_77,Pt,-55.29790174309164,23181,39,77,NHC,NHC,NHC-NHC
23182,39_78,Pt,-31.62788888346404,23182,39,78,NHC,NHC,NHC-NHC
23283,40_40,Pt,-56.79733562329784,23283,40,40,NHC,NHC,NHC-NHC
23284,40_41,Pt,-54.77863989863545,23284,40,41,NHC,NHC,NHC-NHC
23285,40_42,Pt,-60.14644216187298,23285,40,42,NHC,NHC,NHC-NHC
23286,40_43,Pt,-55.13627617061138,23286,40,43,NHC,NHC,NHC-NHC
23287,40_44,Pt,-55.84957727231085,23287,40,44,NHC,NHC,NHC-NHC
23288,40_45,Pt,-47.669980532024056,23288,40,45,NHC,NHC,NHC-NHC
23289,40_46,Pt,-47.06214741198346,23289,40,46,NHC,NHC,NHC-NHC
23290,40_47,Pt,-50.471736854407936,23290,40,47,NHC,NHC,NHC-NHC
23291,40_48,Pt,-59.49336489802226,23291,40,48,NHC,NHC,NHC-NHC
23292,40_49,Pt,-57.6013965504244,23292,40,49,NHC,NHC,NHC-NHC
23319,40_76,Pt,-50.5472276895307,23319,40,76,NHC,NHC,NHC-NHC
23320,40_77,Pt,-36.173342793714255,23320,40,77,NHC,NHC,NHC-NHC
23321,40_78,Pt,-31.46029484597966,23321,40,78,NHC,NHC,NHC-NHC
23334,41_41,Pt,-44.44757554261014,23334,41,41,NHC,NHC,NHC-NHC
23335,41_42,Pt,-55.64375029038638,23335,41,42,NHC,NHC,NHC-NHC
23336,41_43,Pt,-50.05247472971678,23336,41,43,NHC,NHC,NHC-NHC
23337,41_44,Pt,-44.43018701346591,23337,41,44,NHC,NHC,NHC-NHC
23338,41_45,Pt,-46.15187439136207,23338,41,45,NHC,NHC,NHC-NHC
23339,41_46,Pt,-48.260821184609085,23339,41,46,NHC,NHC,NHC-NHC
23340,41_47,Pt,-49.96,23340,41,47,NHC,NHC,NHC-NHC
23341,41_48,Pt,-51.68826044164598,23341,41,48,NHC,NHC,NHC-NHC
23342,41_49,Pt,-52.53538890508935,23342,41,49,NHC,NHC,NHC-NHC
23369,41_76,Pt,-52.648854742757976,23369,41,76,NHC,NHC,NHC-NHC
23370,41_77,Pt,-49.22757486067712,23370,41,77,NHC,NHC,NHC-NHC
23371,41_78,Pt,-32.342790856491774,23371,41,78,NHC,NHC,NHC-NHC
23384,42_42,Pt,-55.28855072055012,23384,42,42,NHC,NHC,NHC-NHC
23385,42_43,Pt,-51.22341046016663,23385,42,43,NHC,NHC,NHC-NHC
23386,42_44,Pt,-53.30775172263384,23386,42,44,NHC,NHC,NHC-NHC
23387,42_45,Pt,-52.59367664158344,23387,42,45,NHC,NHC,NHC-NHC
23388,42_46,Pt,-57.04428676376119,23388,42,46,NHC,NHC,NHC-NHC
23389,42_47,Pt,-55.6734039997682,23389,42,47,NHC,NHC,NHC-NHC
23390,42_48,Pt,-54.62068199226633,23390,42,48,NHC,NHC,NHC-NHC
23391,42_49,Pt,-57.62227148609236,23391,42,49,NHC,NHC,NHC-NHC
23418,42_76,Pt,-48.03205431904644,23418,42,76,NHC,NHC,NHC-NHC
23419,42_77,Pt,-52.11294154357165,23419,42,77,NHC,NHC,NHC-NHC
23420,42_78,Pt,-25.078188221436,23420,42,78,NHC,NHC,NHC-NHC
23433,43_43,Pt,-48.802760066930205,23433,43,43,NHC,NHC,NHC-NHC
23434,43_44,Pt,-52.74687021924183,23434,43,44,NHC,NHC,NHC-NHC
23435,43_45,Pt,-49.56397013179958,23435,43,45,NHC,NHC,NHC-NHC
23436,43_46,Pt,-56.70239761797711,23436,43,46,NHC,NHC,NHC-NHC
23437,43_47,Pt,-51.27700899215415,23437,43,47,NHC,NHC,NHC-NHC
23438,43_48,Pt,-49.40045493096113,23438,43,48,NHC,NHC,NHC-NHC
23439,43_49,Pt,-52.9372214442119,23439,43,49,NHC,NHC,NHC-NHC
23466,43_76,Pt,-67.7233094908297,23466,43,76,NHC,NHC,NHC-NHC
23467,43_77,Pt,-6.61185345472768,23467,43,77,NHC,NHC,NHC-NHC
23468,43_78,Pt,-18.020194800104942,23468,43,78,NHC,NHC,NHC-NHC
23481,44_44,Pt,-56.59915130818263,23481,44,44,NHC,NHC,NHC-NHC
23482,44_45,Pt,-50.72880594385788,23482,44,45,NHC,NHC,NHC-NHC
23483,44_46,Pt,-55.19267984339968,23483,44,46,NHC,NHC,NHC-NHC
23484,44_47,Pt,-54.98819688335061,23484,44,47,NHC,NHC,NHC-NHC
23485,44_48,Pt,-52.395783143583685,23485,44,48,NHC,NHC,NHC-NHC
23486,44_49,Pt,-56.22891996521503,23486,44,49,NHC,NHC,NHC-NHC
23513,44_76,Pt,-20.14741172222421,23513,44,76,NHC,NHC,NHC-NHC
23514,44_77,Pt,-54.07880284171552,23514,44,77,NHC,NHC,NHC-NHC
23515,44_78,Pt,-32.0702929450199,23515,44,78,NHC,NHC,NHC-NHC
23528,45_45,Pt,-51.75495330477133,23528,45,45,NHC,NHC,NHC-NHC
23529,45_46,Pt,-48.506740166805685,23529,45,46,NHC,NHC,NHC-NHC
23530,45_47,Pt,-49.85171345341951,23530,45,47,NHC,NHC,NHC-NHC
23531,45_48,Pt,-50.493606300093234,23531,45,48,NHC,NHC,NHC-NHC
23532,45_49,Pt,-53.16958295414224,23532,45,49,NHC,NHC,NHC-NHC
23559,45_76,Pt,-35.65624928660691,23559,45,76,NHC,NHC,NHC-NHC
23560,45_77,Pt,0.0,23560,45,77,NHC,NHC,NHC-NHC
23561,45_78,Pt,-28.370964330621064,23561,45,78,NHC,NHC,NHC-NHC
23574,46_46,Pt,-44.50711637083441,23574,46,46,NHC,NHC,NHC-NHC
23575,46_47,Pt,-50.29181095724925,23575,46,47,NHC,NHC,NHC-NHC
23576,46_48,Pt,-50.44204897014424,23576,46,48,NHC,NHC,NHC-NHC
23577,46_49,Pt,-55.67339442949742,23577,46,49,NHC,NHC,NHC-NHC
23604,46_76,Pt,-36.016746380832046,23604,46,76,NHC,NHC,NHC-NHC
23605,46_77,Pt,0.0,23605,46,77,NHC,NHC,NHC-NHC
23606,46_78,Pt,-30.717940714210272,23606,46,78,NHC,NHC,NHC-NHC
23619,47_47,Pt,-49.65563992969692,23619,47,47,NHC,NHC,NHC-NHC
23620,47_48,Pt,-49.60083244461566,23620,47,48,NHC,NHC,NHC-NHC
23621,47_49,Pt,-50.81902242777869,23621,47,49,NHC,NHC,NHC-NHC
23648,47_76,Pt,-49.3766299453564,23648,47,76,NHC,NHC,NHC-NHC
23649,47_77,Pt,-52.74212366249412,23649,47,77,NHC,NHC,NHC-NHC
23650,47_78,Pt,-27.57001552125439,23650,47,78,NHC,NHC,NHC-NHC
23663,48_48,Pt,-52.55724097928032,23663,48,48,NHC,NHC,NHC-NHC
23664,48_49,Pt,-57.03659447142854,23664,48,49,NHC,NHC,NHC-NHC
23691,48_76,Pt,-45.44859034474939,23691,48,76,NHC,NHC,NHC-NHC
23692,48_77,Pt,-26.754629478789862,23692,48,77,NHC,NHC,NHC-NHC
23693,48_78,Pt,-30.41560629894957,23693,48,78,NHC,NHC,NHC-NHC
23706,49_49,Pt,-56.88493855949491,23706,49,49,NHC,NHC,NHC-NHC
23733,49_76,Pt,-46.302071433048695,23733,49,76,NHC,NHC,NHC-NHC
23734,49_77,Pt,-54.163014512043446,23734,49,77,NHC,NHC,NHC-NHC
23735,49_78,Pt,-30.218183187767863,23735,49,78,NHC,NHC,NHC-NHC
24747,76_76,Pt,-59.16218730527908,24747,76,76,NHC,NHC,NHC-NHC
24748,76_77,Pt,-8.096923341489207,24748,76,77,NHC,NHC,NHC-NHC
24749,76_78,Pt,-17.35749572282657,24749,76,78,NHC,NHC,NHC-NHC
24762,77_77,Pt,-64.30080745974556,24762,77,77,NHC,NHC,NHC-NHC
24763,77_78,Pt,-8.310246224980801,24763,77,78,NHC,NHC,NHC-NHC
24776,78_78,Pt,3.8992686066776514,24776,78,78,NHC,NHC,NHC-NHC
