,Record,Field,Value,idx,Sigma,Rho,Predval,Split
251,80_90,Cu,34.44061252847314,251,27.06239375909142,0.866000277553185,33.32676825225893,0
36,70_70,Ag,19.17027074657381,36,-4.047557758051274,0.9248203823392248,27.778871152557656,0
80,86_90,Ag,42.41916677635163,80,11.989436966178115,0.9248203823392248,42.61021074499161,0
104,68_68,Au,9.24,104,-1.4283635900877574,0.865273524652663,8.451027402389121,0
369,67_79,Pd,-19.125536193605512,369,23.639014957206598,1.0028155701235077,-12.044953440952082,0
201,68_85,Cu,1.9980336450971663,201,-13.364708668309698,0.866000277553185,-1.6831136705414824,0
73,85_88,Ag,17.007134437095374,73,-15.567369481182402,0.9248203823392248,17.125114470295642,0
6,67_80,Ag,46.62705653999001,6,12.559276436957258,0.9248203823392248,43.13720990222956,0
274,67_68,Ni,-50.58627260895446,274,0.08094040333023185,1.0099341257241425,-54.43304733489679,0
123,69_87,Au,-2.59744197037071,123,-12.39452401305415,0.865273524652663,-1.0377008786975477,0
53,71_89,Ag,34.62542978255078,53,3.8299773798924823,0.9248203823392248,35.06417621072148,0
161,85_85,Au,-8.378866176586598,161,-16.50895674792382,0.865273524652663,-4.597810593144521,0
11,67_89,Ag,27.860594626516104,11,-6.69724730164903,0.9248203823392248,25.328384255767332,0
459,67_71,Pt,-26.67534745065496,459,14.607073904170857,0.9803840800868737,-30.060929092081253,0
389,69_69,Pd,-40.22,389,-9.298282970455078,1.0028155701235077,-45.074988640607955,0
433,80_90,Pd,-9.829814025200903,433,27.06239375909142,1.0028155701235077,-8.611935875991222,0
320,71_79,Ni,-23.16123738978058,320,32.113163016549805,1.0099341257241425,-22.082612595013778,0
256,85_89,Cu,-5.6442377474159,256,-13.331688886817032,0.866000277553185,-1.6545185306040882,0
427,80_80,Pd,-24.204210069496185,427,25.229624965000102,1.0028155701235077,-10.44986495914248,0
103,67_90,Au,26.90081274230033,103,17.56130478839421,0.865273524652663,24.882284692223436,0
92,67_68,Au,30.39,92,0.08094040333023185,0.865273524652663,9.756988188546245,0
485,69_85,Pt,-56.70711389230564,485,-14.877843402631413,0.9803840800868737,-58.96747262234814,0
339,80_87,Ni,-43.616392977535725,339,-1.379120667927415,1.0099341257241425,-55.90761283640124,0
388,68_90,Pd,-17.361104905605316,388,12.979444841100664,1.0028155701235077,-22.73453632420636,0
415,71_87,Pd,-24.13869634317234,415,3.9786174626637334,1.0028155701235077,-31.760706163296867,0
537,87_88,Pt,-63.3696579253301,537,-17.260680397476683,0.9803840800868737,-61.30356807753649,0
57,79_85,Ag,43.548978068400174,57,8.580392269715853,0.9248203823392248,39.457456725397876,0
347,85_89,Ni,-73.86210453743115,347,-13.331688886817032,1.0099341257241425,-67.9789193707037,0
170,86_89,Au,-6.265348290093243,170,-15.133051229840628,0.865273524652663,-3.40727597592363,0
378,68_69,Pd,-40.16,378,-4.847701169694547,1.0028155701235077,-40.611875914696974,0
512,79_85,Pt,-35.89509880449623,512,8.580392269715853,0.9803840800868737,-35.969391822252874,0
310,70_71,Ni,-30.7189448219724,310,9.554318445125839,1.0099341257241425,-44.86555956460166,0
14,68_69,Ag,27.82055524457246,14,-4.847701169694547,0.9248203823392248,27.03888221667551,0
436,85_87,Pd,-48.38246509805322,436,-12.156279927762634,1.0028155701235077,-47.94103248876158,0
248,80_87,Cu,13.812954151071608,248,-1.379120667927415,0.866000277553185,8.696408864427697,0
222,70_85,Cu,-4.020201354287565,222,-14.085231413040521,0.866000277553185,-2.3070865674617576,0
318,70_90,Ni,-39.60187565954402,318,12.277384850414283,1.0099341257241425,-42.11544187528789,0
68,80_89,Ag,37.95157305337489,68,3.949991341046588,0.9248203823392248,35.17516756816207,0
48,71_80,Ag,53.21135051129386,48,26.248701567905744,0.9248203823392248,55.79746928583753,0
162,85_86,Au,-8.004172896966338,162,-18.41347982414411,0.865273524652663,-6.2457439880879875,0
502,71_79,Pt,-8.320125427097082,502,32.113163016549805,0.9803840800868737,-12.898238021722783,0
532,86_87,Pt,-58.35749530047178,532,-17.39608464766263,0.9803840800868737,-61.436316248794896,0
158,80_88,Au,16.91410689940676,158,4.270556535490156,0.865273524652663,13.38215210616192,0
243,79_89,Cu,21.2624005000107,243,13.713681170235168,0.866000277553185,21.766779445331714,0
10,67_88,Ag,28.342907790560275,10,-4.288212072595508,0.9248203823392248,27.556309137369272,0
372,67_86,Pd,-50.4846238847822,372,-10.731716263819216,1.0028155701235077,-46.51245786592693,0
207,69_69,Cu,2.5352122164331377,207,-9.298282970455078,0.866000277553185,1.8384121124500226,0
281,67_86,Ni,-63.63849149737507,281,-10.731716263819216,1.0099341257241425,-65.35311829278969,0
218,70_70,Cu,-0.23,218,-4.047557758051274,0.866000277553185,6.385541603747223,0
119,69_79,Au,24.95865641254932,119,16.81008709940215,0.865273524652663,24.232275914687847,0
147,79_80,Au,42.51621046755463,147,33.414087777780196,0.865273524652663,38.59927810500322,0
455,67_67,Pt,-46.51780850999057,455,6.711574738944217,0.9803840800868737,-37.801550778008654,0
135,70_89,Au,-0.699555654078722,135,-15.185341940087506,0.865273524652663,-3.452521743085537,0
343,85_85,Ni,-70.2406987096183,343,-16.50895674792382,1.0099341257241425,-71.18775061020199,0
309,70_70,Ni,-57.77094103768468,309,-4.047557758051274,1.0099341257241425,-58.60255851606536,0
515,79_88,Pt,-32.040189852472395,515,13.52348642468676,0.9803840800868737,-31.123261006348923,0
183,67_68,Cu,15.360412316396832,183,0.08094040333023185,0.866000277553185,9.96082215738142,0
140,71_85,Au,5.130487157963216,140,2.2065667448958863,0.865273524652663,11.596236385207304,0
190,67_86,Cu,-0.1156847844831645,190,-10.731716263819216,0.866000277553185,0.5970584825427032,0
157,80_87,Au,14.44033302180469,157,-1.379120667927415,0.865273524652663,8.493635999210998,0
538,87_89,Pt,-53.33555745240301,538,-14.474011345913611,0.9803840800868737,-58.57156210291326,0
182,67_67,Cu,16.257547896821052,182,6.711574738944217,0.866000277553185,15.70295333237681,0
72,85_87,Ag,16.53759171674028,72,-12.156279927762634,0.9248203823392248,20.279759615282646,0
122,69_86,Au,-4.99836387578398,122,-13.582942965422644,0.865273524652663,-2.066008334377459,0
393,69_80,Pd,-33.25921471789479,393,7.159935822566672,1.0028155701235077,-28.570430578466418,0
268,88_89,Cu,1.4583718576468527,268,-14.587099397352807,0.866000277553185,-2.741704381171255,0
445,87_87,Pd,-52.39341831579805,445,-15.553882680542012,1.0028155701235077,-51.34820143034323,0
304,69_86,Ni,-72.64862640202045,304,-13.582942965422644,1.0099341257241425,-68.23266943891488,0
195,68_68,Cu,17.53,195,-1.4283635900877574,0.866000277553185,8.653764480169311,0
323,71_86,Ni,-53.29816251806915,323,1.7288066741438548,1.0099341257241425,-52.76881095337234,0
449,88_88,Pd,-53.12323882756755,449,-18.574145125505716,1.0028155701235077,-54.376967636012125,0
511,79_80,Pt,-18.200606401078403,511,33.414087777780196,0.9803840800868737,-11.62283209642169,0
374,67_88,Pd,-43.24260362330824,374,-4.288212072595508,1.0028155701235077,-40.050811536811715,0
258,86_86,Cu,-5.473356258124113,258,-18.22372488451906,0.866000277553185,-5.891023062414218,0
143,71_88,Au,12.196461893152446,143,8.611643493286412,0.865273524652663,17.138379718957992,0
40,70_85,Ag,9.827979195397347,40,-14.085231413040521,0.9248203823392248,18.495825965154136,0
74,85_89,Ag,20.80835834564641,74,-13.331688886817032,0.9248203823392248,19.19271745236501,0
308,69_90,Ni,-43.89907428948209,308,16.83474449323305,1.0099341257241425,-37.512808848807225,0
87,88_90,Ag,42.56545445416123,87,10.775865271659107,0.9248203823392248,41.48787490647048,0
97,67_80,Au,32.89122504228726,97,12.559276436957258,0.865273524652663,20.55416199016303,0
417,71_89,Pd,-23.865470356773585,417,3.8299773798924823,1.0028155701235077,-31.909764752644325,0
217,69_90,Cu,19.30277772294357,217,16.83474449323305,0.866000277553185,24.469621149308946,0
42,70_87,Ag,10.72294346243143,42,-15.650731678825789,0.9248203823392248,17.048019410798446,0
280,67_85,Ni,-63.38964809384197,280,-9.316697464168648,1.0099341257241425,-63.92404251848137,0
263,87_87,Cu,-9.251680368557572,263,-15.553882680542012,0.866000277553185,-3.5789389727468865,0
237,79_79,Cu,47.05385993607342,237,43.778833564518294,0.866000277553185,47.803209763459705,0
439,85_90,Pd,-23.58189831022173,439,8.460027525962342,1.0028155701235077,-27.266678375712846,0
221,70_80,Cu,16.96915361471474,221,10.312330556856086,0.866000277553185,18.821208870089734,0
341,80_89,Ni,-51.05179665517062,341,3.949991341046588,1.0099341257241425,-50.525560758732055,0
83,87_89,Ag,16.865318422205746,83,-14.474011345913611,0.9248203823392248,18.136274358988626,0
408,70_89,Pd,-46.72409967007116,408,-15.185341940087506,1.0028155701235077,-50.97862303759061,0
27,69_71,Ag,33.71256923582405,27,9.318687263052261,0.99389739986633,40.54099768893004,1
364,67_67,Pd,-39.298421007581055,364,2.0433678653487592,1.018322395417014,-34.20946768368702,1
115,68_90,Au,21.48009903077036,115,15.021413155290599,0.942379722972725,23.66134521042955,1
210,69_79,Cu,23.98448588978499,210,16.602756405135715,0.920783090186253,25.1857458861331,1
198,68_71,Cu,19.14,198,15.452155388042474,0.920783090186253,24.126291926042537,1
407,70_88,Pd,-44.17104385234416,407,-10.401855736533454,1.018322395417014,-46.88271759345608,1
437,85_88,Pd,-50.5683961827308,437,-15.084932975220923,1.018322395417014,-51.6516000250792,1
376,67_90,Pd,-18.08636014023796,376,15.836262823115344,1.018322395417014,-20.1638538505589,1
169,86_88,Au,-7.38945474429056,169,-16.221248487662532,0.942379722972725,-5.781105613587204,1
435,85_86,Pd,-54.69140805117786,435,-17.822286609718333,1.018322395417014,-54.43910853526407,1
544,89_90,Pt,-29.75809232611209,544,10.844701748863324,0.9856228749908427,-33.85088523085975,1
311,70_79,Ni,-40.982781876809895,311,12.198322085775633,1.0309413532011404,-41.81352827831489,1
31,69_86,Ag,19.204587053041905,31,-14.681189587762518,0.99389739986633,16.687582489793108,1
488,69_88,Pt,-54.20965102314949,488,-9.785381083917029,0.9856228749908427,-54.18436678380395,1
265,87_89,Cu,-5.44991055643186,265,-11.871399347604324,0.920783090186253,-1.0327752383195499,1
266,87_90,Cu,18.14790674392134,266,17.734574781405843,0.920783090186253,26.227905108164695,1
528,85_88,Pt,-61.54241014784202,528,-15.084932975220923,0.9856228749908427,-59.407726355074054,1
326,71_89,Ni,-54.161679996643215,326,5.0210624313354595,1.0309413532011404,-49.21286205873939,1
302,69_80,Ni,-50.14526291610673,302,6.787537815072191,1.0309413532011404,-47.39172953623334,1
273,67_67,Ni,-46.84443549113348,273,2.0433678653487592,1.0309413532011404,-52.282690524017404,1
406,70_87,Pd,-49.092698198743165,406,-17.3408306198433,1.018322395417014,-53.948831118366655,1
262,86_90,Cu,17.71125436015427,262,13.82784654144935,0.920783090186253,22.63065580685965,1
325,71_88,Ni,-49.72104590246454,325,7.512780235965508,1.0309413532011404,-46.64404713343872,1
229,71_79,Cu,39.5718359798193,229,34.074915130408606,0.920783090186253,41.27381418941457,1
386,68_88,Pd,-42.57589189056307,386,-7.102803482256701,1.018322395417014,-43.52321879927508,1
79,86_89,Ag,18.5474892850034,79,-14.619093775131883,0.99389739986633,16.74929935650928,1
508,71_89,Pt,-35.08143833698705,508,5.0210624313354595,0.9856228749908427,-39.59079735791128,1
348,85_90,Ni,-43.01896668504924,348,9.513172242358685,1.0309413532011404,-44.58176029143499,1
75,85_90,Ag,38.83568338723853,75,9.513172242358685,0.99389739986633,40.73429580417575,1
128,70_71,Au,16.261617169715464,128,11.324360508317227,0.942379722972725,20.177317761159202,1
118,69_71,Au,15.348753788508477,118,9.318687263052261,0.942379722972725,18.287211963912597,1
400,70_70,Pd,-43.61,400,-7.120387800743505,1.018322395417014,-43.54112530459833,1
291,68_80,Ni,-40.67592066293582,291,12.003003419497528,1.0309413532011404,-42.014890368433086,1
480,69_69,Pt,-47.3606564598158,480,-8.910537489276246,0.9856228749908427,-53.32210092488678,1
84,87_90,Ag,41.30678676813841,84,17.734574781405843,0.99389739986633,48.90552641098917,1
317,70_89,Ni,-72.21169450832531,317,-11.439632916785639,1.0309413532011404,-66.18287359556308,1
130,70_80,Au,20.984080309979618,130,10.43964802804511,0.942379722972725,19.34358265908985,1
391,69_71,Pd,-18.11,391,9.318687263052261,1.018322395417014,-26.800847007193724,1
492,70_71,Pt,-27.8216,492,11.324360508317227,0.9856228749908427,-33.37812258535226,1
102,67_89,Au,8.445434756111354,102,-6.673131382907885,0.942379722972725,3.2168463385026165,1
101,67_88,Au,10.66745530627668,101,-4.953167806999901,0.942379722972725,4.8377051366899595,1
252,85_85,Cu,-4.117132057435811,252,-16.474139671352738,0.920783090186253,-5.270900696945489,1
91,67_67,Au,27.25453276745975,91,2.0433678653487592,0.942379722972725,11.431098485366679,1
271,89_90,Cu,23.472304437309504,271,10.844701748863324,0.920783090186253,19.88382652626926,1
120,69_80,Au,20.91196409938857,120,6.787537815072191,0.942379722972725,15.901908048322571,1
501,71_71,Pt,-18.23,501,17.743956074357392,0.9856228749908427,-27.050822347273282,1
519,80_85,Pt,-51.11018208460882,519,1.267563795553953,0.9856228749908427,-43.29033147458445,1
94,67_70,Au,9.214684322476389,94,-8.008921752284232,0.942379722972725,1.9580245802601004,1
133,70_87,Au,-4.515758619643748,133,-17.3408306198433,0.942379722972725,-6.836177113156928,1
423,79_87,Pd,-24.174864227417856,423,12.470102477524964,1.018322395417014,-23.59169031703826,1
171,86_90,Au,16.552497228607535,171,13.82784654144935,0.942379722972725,22.53655223552834,1
533,86_88,Pt,-63.86904021864757,533,-16.221248487662532,0.9856228749908427,-60.52770491734344,1
117,69_70,Au,2.8179199500009418,117,-6.672320774653168,0.942379722972725,3.2176102392851362,1
15,68_70,Ag,27.39,15,-5.031347148456155,0.99389739986633,26.278535799339462,1
299,69_70,Ni,-68.44866472948343,299,-6.672320774653168,1.0309413532011404,-61.268054364620795,1
414,71_86,Pd,-29.63731676526368,414,-0.02346537603126997,1.018322395417014,-36.314170260976645,1
154,80_80,Au,39.06559343077242,154,22.181887748985893,0.942379722972725,30.409231274389356,1
51,71_87,Ag,34.58771999832243,51,8.373314784643917,0.99389739986633,39.60139444073479,1
214,69_87,Cu,-2.395690959412605,214,-11.290031261260252,0.920783090186253,-0.49746133523998637,1
106,68_70,Au,5.409511784557253,106,-5.031347148456155,0.942379722972725,4.764030510546225,1
259,86_87,Cu,-7.048372107557952,259,-15.0173529511693,0.920783090186253,-3.9295161189926873,1
149,79_86,Au,14.696491044480354,149,8.299131561369133,0.942379722972725,17.32640334420519,1
125,69_89,Au,1.7624346716329455,125,-9.487525901930496,0.942379722972725,0.5646180113301327,1
473,68_80,Pt,-41.847058464773,473,12.003003419497528,0.9856228749908427,-32.709236608142575,1
358,88_88,Ni,-76.32339524989948,358,-15.769670384591478,1.0309413532011404,-70.64688828203447,1
477,68_88,Pt,-55.86314671672881,477,-7.102803482256701,0.9856228749908427,-51.54035693566946,1
509,71_90,Pt,-12.686113650444897,509,22.71757566319284,0.9856228749908427,-22.148709109014515,1
142,71_87,Au,9.944790878333151,142,8.373314784643917,0.942379722972725,17.396312109604104,1
404,70_85,Pd,-51.23281342536211,404,-15.519709491004269,1.018322395417014,-52.094342688102756,1
513,79_86,Pt,-35.97805349435657,513,8.299131561369133,0.9856228749908427,-36.359857437548754,1
177,88_89,Au,-1.1208485853858292,177,-13.393356260489103,0.942379722972725,-3.1161573199467867,1
230,71_80,Cu,33.23251627199352,230,23.21769839321487,0.920783090186253,31.27667261131942,1
529,85_89,Pt,-59.95276362309232,529,-14.952023047503744,0.9856228749908427,-59.276727290002626,1
536,87_87,Pt,-59.773194232955575,536,-16.094086050830057,0.9856228749908427,-60.40237071076178,1
236,71_90,Cu,30.812252930831164,236,22.71757566319284,0.920783090186253,30.816168058497347,1
187,67_79,Cu,31.609550232533365,187,23.30283920796821,0.920783090186253,31.355068833828973,1
253,85_86,Cu,-3.81177783664316,253,-17.822286609718333,0.920783090186253,-6.512251600878898,1
39,70_80,Ag,35.02580372430384,39,10.43964802804511,0.99389739986633,41.655117678608605,1
283,67_88,Ni,-58.60078528011218,283,-4.953167806999901,1.0309413532011404,-59.49570847778858,1
321,71_80,Ni,-25.958140193019062,321,23.21769839321487,1.0309413532011404,-30.453197556490895,1
202,68_86,Cu,0.1466519981622696,202,-13.157370254741886,0.920783090186253,-2.216875504083294,1
454,90_90,Pd,6.602765343151987,454,34.426099063787106,1.018322395417014,-1.2334072795480182,1
260,86_88,Cu,-3.47226674342528,260,-16.221248487662532,0.920783090186253,-5.038042771346362,1
461,67_80,Pt,-40.5688067455776,461,15.551006793897411,0.9856228749908427,-29.212243321789348,1
338,80_86,Ni,-52.8223173446022,338,-2.2261436680436444,1.0309413532011404,-56.684306521760845,1
0,67_67,Ag,37.29112578323111,0,2.0433678653487592,0.99389739986633,33.310076656355456,1
99,67_86,Au,1.0825114590115843,99,-11.12396441470354,0.942379722972725,-0.9775284609988262,1
132,70_86,Au,-4.556430337950587,132,-11.482970094141805,0.942379722972725,-1.3158481337334944,1
425,79_89,Pd,-24.198930953163654,425,12.132865521358955,1.018322395417014,-23.935106262064373,1
453,89_90,Pd,-19.151846054010093,453,10.844701748863324,1.018322395417014,-25.24687228056154,1
107,68_71,Au,17.56,107,15.452155388042474,0.942379722972725,24.067267956402915,1
486,69_86,Pt,-57.10907530784607,486,-15.405581899314473,0.9828304997552761,-60.08879132406955,2
383,68_85,Pd,-46.59319026116282,383,-12.647053332144576,0.9902671826887711,-48.395337738332,2
482,69_71,Pt,-28.7307,482,7.554923553991884,0.9828304997552761,-37.52250627476272,2
90,90_90,Ag,64.48857270507142,90,40.634010912428465,0.9517327576521684,69.52262114548438,2
45,70_90,Ag,37.86220624204725,45,14.010416079808305,0.9517327576521684,44.18407381682077,2
47,71_79,Ag,62.53579881694168,47,34.29216724872821,0.9517327576521684,63.486880786832,2
441,86_87,Pd,-53.76357068819925,441,-14.316929788512601,0.9902671826887711,-50.04896159221788,2
471,68_71,Pt,-29.11,471,11.862416195222817,0.9828304997552761,-33.288971129489546,2
516,79_89,Pt,-30.431728221010417,516,12.000139209337297,0.9828304997552761,-33.15361275069961,2
2,67_69,Ag,31.856922125443816,2,-5.892520756697582,0.9517327576521684,25.2417968560361,2
153,79_90,Au,40.90061547001824,153,37.619689213971775,0.9168758235081825,44.51829498501226,2
540,88_88,Pt,-66.66650954959914,540,-16.797847246836696,0.9828304997552761,-61.45715217136677,2
191,67_87,Cu,6.241317079402506,191,-2.8265604713450956,0.893085387131778,6.9774214646256025,2
479,68_90,Pt,-29.09790529776365,479,13.917102277138056,0.9828304997552761,-31.269562980760583,2
442,86_88,Pd,-53.23358160816133,442,-16.90131726473583,0.9902671826887711,-52.6081956972736,2
298,69_69,Ni,-73.01759858615696,298,-4.949979623036869,1.035087988723384,-59.46218605909421,2
23,68_89,Ag,33.08756782626733,23,-4.796495361733422,0.9517327576521684,26.284920127642145,2
247,80_86,Cu,12.44543402735144,247,-2.8837581927837177,0.893085387131778,6.926339015431536,2
63,80_80,Ag,56.512797337491065,63,21.900744091347573,0.9517327576521684,51.69355745402319,2
150,79_87,Au,18.931649807840586,150,14.133944476581743,0.9168758235081825,22.984783438214805,2
312,70_80,Ni,-34.6432788586244,312,7.163236074925583,1.035087988723384,-46.92394198531773,2
452,89_89,Pd,-51.40024135168642,452,-16.111050147943455,0.9902671826887711,-51.825620105956034,2
507,71_88,Pt,-35.4995974721387,507,6.538122360624177,0.9828304997552761,-38.52184949979206,2
458,67_70,Pt,-52.3953689225018,458,-7.227326723879453,0.9828304997552761,-52.050952702870575,2
487,69_87,Pt,-52.58636373607442,487,-13.08165386433138,0.9828304997552761,-57.804763972051816,2
505,71_86,Pt,-39.8534287889488,505,0.44290662172574324,0.9828304997552761,-44.512413430569836,2
421,79_85,Pd,-27.577578763477504,421,9.730234544713069,0.9902671826887711,-26.235843916300595,2
327,71_90,Ni,-33.5196948479861,327,24.961911138478364,1.035087988723384,-28.500747211843834,2
215,69_88,Cu,2.906333788763732,215,-7.831680982235561,0.893085387131778,2.5074214755157893,2
235,71_89,Cu,14.713972473982722,235,5.949904922419739,0.893085387131778,14.815554458464721,2
353,86_90,Ni,-40.555653519928455,353,10.715627615256455,1.035087988723384,-43.24690417067868,2
328,79_79,Ni,-14.054720301181078,328,40.806641654512916,1.035087988723384,-12.100056970137608,2
60,79_88,Ag,47.51803591102362,60,13.71601684422096,0.9517327576521684,43.90388442048454,2
506,71_87,Pt,-37.40635678265244,506,5.166403149234792,0.9828304997552761,-39.87001697784581,2
200,68_80,Cu,27.30784850614145,200,10.69376041802268,0.893085387131778,19.05222248025249,2
95,67_71,Au,19.53,95,16.91663361810816,0.9168758235081825,25.536163836419117,2
86,88_89,Ag,17.61300941836089,86,-13.112976663263742,0.9517327576521684,18.369852444574,2
167,86_86,Au,-9.616525482852012,167,-16.959096593081032,0.9168758235081825,-5.523674197905992,2
306,69_88,Ni,-70.32553554978222,306,-7.831680982235561,1.035087988723384,-62.44500052308862,2
28,69_79,Ag,49.99796449718997,28,15.105591497696174,0.9517327576521684,45.22638813740006,2
168,86_87,Au,-10.954436453990638,168,-14.316929788512601,0.9168758235081825,-3.101135333121329,2
110,68_85,Au,-3.649098140653223,110,-12.647053332144576,0.9168758235081825,-1.57006598203197,2
403,70_80,Pd,-31.69083543168381,403,7.163236074925583,0.9902671826887711,-28.777858258943432,2
491,70_70,Pt,-49.74475008621812,491,-7.662441923279286,0.9828304997552761,-52.47859719174783,2
12,67_90,Ag,47.37068056175485,12,17.431096754741766,0.9517327576521684,47.439647668622676,2
324,71_87,Ni,-48.262410026974976,324,5.166403149234792,1.035087988723384,-48.99083976218764,2
93,67_69,Au,15.89104028698057,93,-5.892520756697582,0.9168758235081825,4.6230016354938375,2
70,85_85,Ag,15.668177308980376,70,-16.79554938760308,0.9517327576521684,14.865027350383864,2
448,87_90,Pd,-18.912419323343784,448,13.691234908037364,0.9902671826887711,-22.313395245882244,2
294,68_87,Ni,-57.106361218728125,294,-7.733027585435755,1.035087988723384,-62.34288557701438,2
59,79_87,Ag,45.29564476665109,59,14.133944476581743,0.9517327576521684,44.301639838530306,2
337,80_85,Ni,-53.24839837756008,337,0.24135236952260808,1.035087988723384,-54.08870066812046,2
129,70_79,Au,22.225401173345745,129,14.875577959733196,0.9168758235081825,23.664769248820534,2
390,69_70,Pd,-40.63,390,-9.370825288028545,0.9902671826887711,-45.15099662323928,2
165,85_89,Au,-3.1637662202119827,165,-15.421426957057037,0.9168758235081825,-4.1138220840929645,2
522,80_88,Pt,-47.88475960539654,522,6.059844993142793,0.9828304997552761,-38.99191508389543,2
290,68_79,Ni,-35.67965475190431,290,19.989717520603442,1.035087988723384,-33.64740510331323,2
85,88_88,Ag,15.97607428766787,85,-16.797847246836696,0.9517327576521684,14.862840402478758,2
464,67_87,Pt,-48.76783475186676,464,-2.8265604713450956,0.9828304997552761,-47.725745407586075,2
245,80_80,Cu,41.17267286218703,245,21.900744091347573,0.893085387131778,29.061015832723363,2
399,69_90,Pd,-18.05026696017012,399,12.57172694199824,0.9902671826887711,-23.422007245409446,2
21,68_87,Ag,20.29042059509084,21,-7.733027585435755,0.9517327576521684,23.49012621644347,2
188,67_80,Cu,28.437413678970188,188,15.680071421235203,0.893085387131778,23.505423972915988,2
76,86_86,Ag,17.612324591726065,76,-16.959096593081032,0.9517327576521684,14.709374117508027,2
360,88_90,Ni,-44.67722895834595,360,10.556199546066505,1.035087988723384,-43.411926250162566,2
220,70_79,Cu,17.11281139124185,220,14.875577959733196,0.893085387131778,22.786942618405483,2
497,70_87,Pt,-57.12846698844805,497,-17.21107407561919,0.9828304997552761,-61.863284102011356,2
370,67_80,Pd,-32.050424492452294,370,15.680071421235203,0.9902671826887711,-20.343915715129263,2
440,86_86,Pd,-55.93869465775788,440,-16.959096593081032,0.9902671826887711,-52.66541266997165,2
293,68_86,Ni,-67.36927048582584,293,-12.30037779764185,1.035087988723384,-67.07049492196211,2
192,67_88,Cu,8.908845268189907,192,-3.6341696240991066,0.893085387131778,6.256157531787119,2
465,67_88,Pt,-54.071543062105775,465,-3.6341696240991066,0.9828304997552761,-48.51948831479424,2
392,69_79,Pd,-20.15273352060467,392,15.105591497696174,0.9902671826887711,-20.912804330523514,2
470,68_70,Pt,-43.82004383346066,470,-5.776335458202512,0.9828304997552761,-50.624874232084764,2
257,85_90,Cu,17.885662972927094,257,10.44301273277748,0.893085387131778,18.828283386702882,2
447,87_89,Pd,-49.91670233570039,447,-12.91702901279596,0.9902671826887711,-48.66268579500513,2
466,67_89,Pt,-49.20024720625952,466,-6.684878747672869,0.9828304997552761,-51.51781828732422,2
17,68_79,Ag,52.67349041812122,17,19.989717520603442,0.9517327576521684,49.874770865902306,2
363,90_90,Ni,-15.292232543230057,363,40.634010912428465,1.035087988723384,-12.278744977753625,2
344,85_86,Ni,-72.27110017230734,344,-17.052580718073425,1.035087988723384,-71.98944308487702,2
296,68_89,Ni,-68.39633246138692,296,-4.796495361733422,1.035087988723384,-59.303316343760926,2
148,79_85,Au,17.553155765403062,148,9.730234544713069,0.9168758235081825,18.94712826794155,2
139,71_80,Au,26.42566027631983,139,26.290288418355807,0.9168758235081825,34.13064130067761,2
82,87_88,Ag,13.902162061538547,82,-16.32442066620667,0.9517327576521684,15.31341598760761,2
65,80_86,Ag,33.05708291195333,65,-2.8837581927837177,0.9517327576521684,28.10533474811045,2
197,68_70,Cu,0.7,197,-5.776335458202512,0.893085387131778,4.343020528536412,2
111,68_86,Au,-4.5741487755440176,111,-12.30037779764185,0.9168758235081825,-1.2522075658446443,2
49,71_85,Ag,29.21638480341062,49,1.836766273238331,0.9517327576521684,32.59801251572215,2
272,90_90,Cu,38.08822151320055,272,40.634010912428465,0.893085387131778,45.79142268387128,2
255,85_88,Cu,-1.3817105772905052,255,-15.581192029555027,0.893085387131778,-4.413553598261506,2
434,85_85,Pd,-52.958930714055896,434,-16.79554938760308,0.9902671826887711,-52.50345723956638,2
282,67_87,Ni,-52.43894980754703,282,-6.084847363785915,1.0314433394612679,-59.95937616021594,3
116,69_69,Au,4.437854068353772,116,-9.152231955909386,0.9202928491907136,2.0718664319441764,3
145,71_90,Au,27.621270739939064,145,25.211913617578258,0.9202928491907136,33.69694387177357,3
420,79_80,Pd,-11.102001639083028,420,31.971865305944487,1.0314520173457955,-2.056046535174872,3
446,87_88,Pd,-50.45516721205786,446,-18.311699242901007,1.0314520173457955,-53.92113062841908,3
136,70_90,Au,19.37172227585688,136,10.783420188707119,0.9202928491907136,20.41850454458826,3
286,68_68,Ni,-60.02,286,0.6193889060972705,1.0314433394612679,-53.044336313470275,3
285,67_90,Ni,-35.931501203682274,285,17.73777107105646,1.0314433394612679,-35.38769504707056,3
474,68_85,Pt,-57.91717715654522,474,-12.112609952700188,0.9959416719643849,-55.89922121048055,3
277,67_71,Ni,-34.74217730341479,277,14.46504775810644,1.0314433394612679,-38.76332371011247,3
163,85_87,Au,-5.188440342433751,163,-12.225286575208365,0.9202928491907136,-0.7562437593691644,3
301,69_79,Ni,-44.20811656862497,301,14.807077587819395,1.0314433394612679,-38.41053932035798,3
366,67_69,Pd,-43.66,366,-3.3914775359607185,1.0314520173457955,-38.53163784954899,3
108,68_79,Au,29.24104046449065,108,20.21556217485249,0.9202928491907136,29.098837366989343,3
292,68_85,Ni,-69.26817974634469,292,-12.112609952700188,1.0314433394612679,-66.17667173440537,3
138,71_79,Au,37.66935707302764,138,31.860417480157082,0.9202928491907136,39.8155144343217,3
3,67_70,Ag,28.336781644728035,3,-7.679611484612295,0.9639181828838138,24.577053495113226,3
352,86_89,Ni,-69.27148547535762,352,-15.273470370965944,1.0314433394612679,-69.43692015979235,3
7,67_85,Ag,24.6595494276844,7,-10.562149568881669,0.9639181828838138,21.7985226228309,3
4,67_71,Ag,43.94222367461771,4,14.46504775810644,0.9639181828838138,45.922693192935924,3
504,71_85,Pt,-40.16565681435168,504,-1.1430782870928105,0.9959416719643849,-44.97420750276927,3
127,70_70,Au,6.677008145023137,127,-8.6775922855029,0.9202928491907136,2.508673926561502,3
212,69_85,Cu,-0.6855562040582299,212,-12.541411810425863,0.8753525291478317,-0.42935129409770134,3
411,71_79,Pd,1.5834058639593422,411,31.860417480157082,1.0314520173457955,-2.170999619912088,3
216,69_89,Cu,-0.6371039329096675,216,-9.638284038393024,0.8753525291478317,2.1119089435905547,3
141,71_86,Au,4.9883151622489095,141,1.9213221048623346,0.9202928491907136,12.26277904919918,3
189,67_85,Cu,4.226813478395343,189,-10.562149568881669,0.8753525291478317,1.3032009148848172,3
46,71_71,Ag,39.98,46,21.911635009083206,0.9639181828838138,53.10059404458322,3
521,80_87,Pt,-48.91993426019326,521,2.0794293635263568,0.9959416719643849,-41.764777845293594,3
37,70_71,Ag,32.3945,37,13.636246470886167,0.9639181828838138,45.12379656218679,3
356,87_89,Ni,-64.50515765557066,356,-14.170179681383559,1.0314433394612679,-68.29893832653296,3
81,87_87,Ag,13.136175299994648,81,-16.282764136723003,0.9639181828838138,16.28431822361861,3
279,67_80,Ni,-36.58263813704252,279,12.227037587844736,1.0314433394612679,-41.071704393875486,3
381,68_79,Pd,-17.72614405443892,381,20.21556217485249,1.0314520173457955,-14.1821091162684,3
357,87_90,Ni,-35.50282388320193,357,10.45929755751348,1.0314433394612679,-42.89502807405972,3
289,68_71,Ni,-39.65,289,11.474706351650138,1.0314433394612679,-41.84769143651707,3
43,70_88,Ag,20.010603869799525,43,-7.449595322900186,0.9639181828838138,24.79877025574467,3
375,67_89,Pd,-44.32295202836394,375,-5.4784112943632435,1.0314520173457955,-40.68420988472032,3
405,70_86,Pd,-49.57095571234822,405,-13.231556797436122,1.0314520173457955,-48.68120745464032,3
225,70_88,Cu,-1.94963850826025,225,-7.449595322900186,0.8753525291478317,4.02778314621453,3
166,85_90,Au,15.25961562851444,166,9.850260237770641,0.9202928491907136,19.55972411459026,3
13,68_68,Ag,34.27,13,0.6193889060972705,0.9639181828838138,32.57661087147805,3
193,67_89,Cu,1.518394218292087,193,-5.4784112943632435,0.8753525291478317,5.753264071010154,3
199,68_79,Cu,29.736334182322025,199,20.21556217485249,0.8753525291478317,28.244548731145436,3
100,67_87,Au,9.835094714537265,100,-6.084847363785915,0.9202928491907136,4.89475853779318,3
361,89_89,Ni,-73.81544802384451,361,-15.487601471987986,1.0314433394612679,-69.65778425771305,3
78,86_88,Ag,16.972767553757876,78,-18.221404909295778,0.9639181828838138,14.415627132855786,3
334,79_89,Ni,-45.52117675356567,334,12.568112896564392,1.0314433394612679,-40.7199045384419,3
18,68_80,Ag,43.14734089421109,18,10.729620334333175,0.9639181828838138,42.322046778318025,3
313,70_85,Ni,-68.08510929718614,313,-16.379737118205966,1.0314433394612679,-70.57797162790055,3
203,68_87,Cu,4.1188591928221285,203,-8.416931454317574,0.8753525291478317,3.18102301704224,3
379,68_70,Pd,-40.43,379,-6.591647875643318,1.0314520173457955,-41.83246000226479,3
22,68_88,Ag,24.30832738848403,22,-8.063846760415686,0.9639181828838138,24.206682126260958,3
396,69_87,Pd,-48.12875350564718,396,-13.18783676125835,1.0314520173457955,-48.63611233512633,3
468,68_68,Pt,-47.92,468,0.6193889060972705,0.9959416719643849,-43.218892979601165,3
194,67_90,Cu,21.9179359190166,194,17.73777107105646,0.8753525291478317,26.07560802173758,3
156,80_86,Au,7.876570706721395,156,-1.7159667907121792,0.9202928491907136,8.915408088161167,3
333,79_88,Ni,-42.33829058613628,333,12.482477889929504,1.0314433394612679,-40.80823219566018,3
367,67_70,Pd,-42.87,367,-7.679611484612295,1.0314520173457955,-42.95464226153465,3
159,80_89,Au,16.129967587068677,159,2.8334943227797114,0.9202928491907136,13.102244618578975,3
424,79_88,Pd,-22.664521034341305,424,12.482477889929504,1.0314520173457955,-22.158414502257283,3
365,67_68,Pd,-38.6942143579945,365,4.5789702126687,1.0314520173457955,-30.310503440075923,3
88,89_89,Ag,16.991659617051482,88,-15.487601471987986,0.9639181828838138,17.050789974507037,3
303,69_85,Ni,-72.86704098852351,303,-12.541411810425863,1.0314433394612679,-66.61895655450515,3
520,80_86,Pt,-51.758440187666565,520,-1.7159667907121792,0.9959416719643849,-45.54477103691312,3
211,69_80,Cu,20.69055753108114,211,6.003242590715674,0.8753525291478317,15.803758838114012,3
29,69_80,Ag,40.50865909643471,29,6.003242590715674,0.9639181828838138,37.76620533206775,3
483,69_79,Pt,-25.3370752800256,483,14.807077587819395,0.9959416719643849,-29.088782592616653,3
114,68_89,Au,7.279506777878851,114,-7.061522833535601,0.9202928491907136,3.995931087002564,3
276,67_70,Ni,-66.10533177200705,276,-7.679611484612295,1.0314433394612679,-61.604284990654115,3
397,69_88,Pd,-43.623048797715455,397,-11.40759379715766,1.0314520173457955,-46.79987713843901,3
19,68_85,Ag,19.73406797461212,19,-12.112609952700188,0.9639181828838138,20.304005667027212,3
409,70_90,Pd,-20.26022939383984,409,10.783420188707119,1.0314520173457955,-23.910910995770024,3
38,70_79,Ag,45.02130710799247,38,11.019610431368115,0.9639181828838138,42.60157350570625,3
300,69_71,Ni,-47.87680254178122,300,9.089341466695426,1.0314433394612679,-44.308060159288395,3
278,67_79,Ni,-30.444208657369018,278,21.54922936984787,1.0314433394612679,-31.456391771147786,3
432,80_89,Pd,-35.965120299719274,432,2.8334943227797114,1.0314520173457955,-32.110878067930365,3
164,85_88,Au,-5.091895234771073,164,-15.42286871573268,0.9202928491907136,-3.698955737993627,3
539,87_90,Pt,-25.86571806203574,539,10.45929755751348,0.9959416719643849,-33.41891790533289,3
331,79_86,Ni,-45.6441392339766,331,7.005422762979094,1.0314433394612679,-46.45750422621536,3
315,70_87,Ni,-68.14299215143546,315,-15.310783914553335,1.0314433394612679,-69.47540696579726,3
205,68_89,Cu,5.469363945070654,205,-7.061522833535601,0.8753525291478317,4.367483381272515,3
402,70_79,Pd,-22.519761949777603,402,11.019610431368115,1.0314520173457955,-23.667292093499945,3
535,86_90,Pt,-32.205311563797295,535,9.625188377199365,0.9959416719643849,-34.24964199697577,3
155,80_85,Au,10.768303435761482,155,-0.833140436445426,0.9202928491907136,9.727866869069967,3
254,85_87,Cu,-0.2908075950108468,254,-12.225286575208365,0.8753525291478317,-0.15263026992261075,3
160,80_90,Au,33.976508763153106,160,26.883890605570087,0.9202928491907136,35.235652337833876,3
224,70_87,Cu,-11.12159865302965,224,-15.310783914553335,0.8753525291478317,-2.8535281695971353,3
346,85_88,Ni,-70.04094355367124,346,-15.42286871573268,1.0314433394612679,-69.59101608742853,3
69,80_90,Ag,57.771673520095646,69,26.883890605570087,0.9639181828838138,57.893441623982724,3
316,70_88,Ni,-65.14401851221919,316,-7.449595322900186,1.0314433394612679,-61.36703635268771,3
56,79_80,Ag,65.9977889303118,56,31.924072992027817,0.9416050213328404,61.01113216706814,4
530,85_90,Pt,-33.73116246052086,530,9.180184077792607,0.9954571086616677,-35.40297581060005,4
345,85_87,Ni,-63.21123696723953,345,-11.981431006763316,1.0227033114028767,-66.8897594949257,4
444,86_90,Pd,-23.294449637644,444,10.410721196227778,0.9922604479539711,-25.789574274993647,4
241,79_87,Cu,20.08638651110232,241,13.687051135351073,0.8948349354177358,22.048675387562273,4
412,71_80,Pd,-9.984140471555293,412,23.61212720536225,0.9922604479539711,-12.690341234747631,4
500,70_90,Pt,-25.76356674637645,500,11.900940755349664,0.9954571086616677,-32.694579234987174,4
184,67_69,Cu,-1.08,184,-1.628719394929454,0.8948349354177358,8.343588854225835,4
351,86_88,Ni,-71.24711239943281,351,-15.830463691820139,1.0227033114028767,-70.82617796763122,4
179,89_89,Au,-5.05592380464077,179,-17.88996898843706,0.922596978227336,-6.841614232993241,4
475,68_86,Pt,-59.02033641235903,475,-13.647036967158403,0.9954571086616677,-58.12649527078775,4
58,79_86,Ag,43.0131727787666,58,7.360119191543984,0.9416050213328404,37.88158992474465,4
151,79_88,Au,22.10064773447812,151,14.505502702212743,0.922596978227336,23.04635005704948,4
314,70_86,Ni,-62.67483369167894,314,-13.516805985810509,1.0227033114028767,-68.45999257024239,4
460,67_79,Pt,-24.764783498831093,460,22.587838640173622,0.9954571086616677,-22.05623076599782,4
176,88_88,Au,-4.823663343209773,176,-18.097968329487976,0.922596978227336,-7.03351379652009,4
359,88_89,Ni,-72.95733642671257,359,-10.91567323925492,1.0227033114028767,-65.79980549694153,4
77,86_87,Ag,15.278023159131408,77,-15.686768629678786,0.9416050213328404,16.180524626186603,4
34,69_89,Ag,23.81352136284113,34,-11.283641000329723,0.9416050213328404,20.32653171155105,4
542,88_90,Pt,-38.62621087534353,542,11.234854218599715,0.9954571086616677,-33.35763981297874,4
96,67_79,Au,36.08631409704685,96,22.587838640173622,0.922596978227336,30.503088770430388,4
249,80_88,Cu,20.866205281112343,249,2.7765546737252946,0.8948349354177358,12.285581990947934,4
525,85_85,Pt,-61.34742652904242,525,-16.960564029979334,0.9954571086616677,-61.42496934021566,4
124,69_88,Au,1.824013506993652,124,-10.195984702683745,0.922596978227336,0.2568324195713778,4
387,68_89,Pd,-44.11501745413989,387,-6.295228843895748,0.9922604479539711,-42.36622774530328,4
456,67_68,Pt,-48.24945040885359,456,5.906052081221973,0.9954571086616677,-38.6622337812829,4
67,80_88,Ag,37.89180830074474,67,2.7765546737252946,0.9416050213328404,33.565682559163534,4
227,70_90,Cu,15.900146208703518,227,11.900940755349664,0.8948349354177358,20.450401421024765,4
426,79_90,Pd,2.1121423048898578,426,30.91214972810899,0.9922604479539711,-5.446817616252872,4
484,69_80,Pt,-41.22997856372968,484,7.509669485549172,0.9954571086616677,-37.06590143657182,4
284,67_89,Ni,-63.64334777649492,284,-4.451404065606515,1.0227033114028767,-59.18877600725177,4
287,68_69,Ni,-63.71304574795067,287,-2.233550229701132,1.0227033114028767,-56.92056954506376,4
394,69_85,Pd,-47.88926027202979,394,-14.398324287578342,0.9922604479539711,-50.406608860065546,4
478,68_89,Pt,-50.36501487670466,478,-6.295228843895748,0.9954571086616677,-50.80808561296934,4
231,71_85,Cu,12.054721917491406,231,-1.7664836067198508,0.8948349354177358,8.2203126246655,4
490,69_90,Pt,-27.06549062533304,490,13.617197012820533,0.9954571086616677,-30.986119743202725,4
186,67_71,Cu,17.19,186,15.078781270458713,0.8948349354177358,23.294044133130235,4
146,79_79,Au,46.289030655287206,146,41.18738300854117,0.922596978227336,47.66297220109155,4
368,67_71,Pd,-14.19,368,15.078781270458713,0.9922604479539711,-21.157642894661212,4
531,86_86,Pt,-63.01425350084901,531,-17.519563582147956,0.9954571086616677,-61.9814294181606,4
476,68_87,Pt,-57.26662383042276,476,-7.701915603304696,0.9954571086616677,-52.20838194728323,4
33,69_88,Ag,23.446065455675125,33,-10.195984702683745,0.9416050213328404,21.350674342898785,4
226,70_89,Cu,-3.6906279893592,226,-13.102518688489763,0.8948349354177358,-1.9235675956232665,4
269,88_90,Cu,22.32058603130281,269,11.234854218599715,0.8948349354177358,19.8543639179295,4
517,79_90,Pt,-5.865972225554287,517,30.91214972810899,0.9954571086616677,-13.769736118801418,4
429,80_86,Pd,-42.27364332880825,429,-1.168299366720301,0.9922604479539711,-37.27897840565275,4
213,69_86,Cu,-3.3780778693035245,213,-15.299825131002356,0.8948349354177358,-3.889794164201998,4
462,67_85,Pt,-58.01966365752742,462,-8.579274569238327,0.9954571086616677,-53.08175516676991,4
305,69_87,Ni,-66.62796022789553,305,-10.912493933954138,1.0227033114028767,-65.79655401088246,4
489,69_89,Pt,-49.740392602048814,489,-11.283641000329723,0.9954571086616677,-55.773835955025824,4
62,79_90,Ag,67.68763745995238,62,30.91214972810899,0.9416050213328404,60.05830014055865,4
25,69_69,Ag,25.0356792001985,25,-7.7377677161260205,0.9416050213328404,23.665343800967225,4
105,68_69,Au,8.732679136097431,105,-2.233550229701132,0.922596978227336,7.602950403678308,4
355,87_88,Ni,-68.99772418290377,355,-16.06623759994124,1.0227033114028767,-71.06730472420907,4
385,68_87,Pd,-43.18325029592961,385,-7.701915603304696,0.9922604479539711,-43.76202737932532,4
55,79_79,Ag,75.68089892715216,55,41.18738300854117,0.9416050213328404,69.7335113927799,4
428,80_85,Pd,-39.17725983960554,428,0.38680356367525126,0.9922604479539711,-35.73591127532393,4
472,68_79,Pt,-26.30327221099288,472,19.987757383434506,0.9954571086616677,-24.644500136116736,4
413,71_85,Pd,-29.22404386708513,413,-1.7664836067198508,0.9922604479539711,-37.872532967593706,4
206,68_90,Cu,21.82569679012522,206,16.125112969529415,0.8948349354177358,24.230338291493695,4
336,80_80,Ni,-25.80571640608832,336,22.800449391161578,1.0227033114028767,-31.318215235149108,4
54,71_90,Ag,46.74552957294509,54,26.95526340275153,0.9416050213328404,56.332476107758815,4
422,79_86,Pd,-30.109018840361387,422,7.360119191543984,0.9922604479539711,-28.81656598669047,4
24,68_90,Ag,44.15140888933093,24,16.125112969529415,0.9416050213328404,46.13475207804684,4
238,79_80,Cu,44.0334888426587,238,31.924072992027817,0.8948349354177358,38.36779966289345,4
35,69_90,Ag,43.8266739519313,35,13.617197012820533,0.9416050213328404,43.773285820129,4
335,79_90,Ni,-17.293356544338167,335,30.91214972810899,1.0227033114028767,-23.02235243944516,4
524,80_90,Pt,-21.729670864529908,524,26.98859557842374,0.9954571086616677,-17.675465988324586,4
175,87_90,Au,20.46477798558772,175,15.772973069349074,0.922596978227336,24.215714387762148,4
541,88_89,Pt,-58.06148824095726,541,-10.91567323925492,0.9954571086616677,-55.407539831505595,4
543,89_89,Pt,-55.15088393166661,543,-17.88996898843706,0.9954571086616677,-62.350152112937806,4
204,68_88,Cu,7.660543691832572,204,-7.110327498866736,0.8948349354177358,3.4384544205537804,4
233,71_87,Cu,15.057870442513376,233,6.147391951036224,0.8948349354177358,15.301924948294156,4
384,68_86,Pd,-49.59717064909637,384,-13.647036967158403,0.9922604479539711,-49.66113616696352,4
510,79_79,Pt,-2.185719549190253,510,41.18738300854117,0.9954571086616677,-3.54118210663826,4
244,79_90,Cu,38.77825508872047,244,30.91214972810899,0.8948349354177358,37.462295374376936,4
319,71_71,Ni,-27.1,319,20.28291374104871,1.0227033114028767,-33.89290728109434,4
26,69_70,Ag,21.306809985544533,26,-7.10563741367341,0.9416050213328404,24.260560867893247,4
126,69_90,Au,21.80319368839264,126,13.617197012820533,0.922596978227336,22.226801912274077,4
66,80_87,Ag,29.754720605444163,66,3.3228109463899416,0.9416050213328404,34.08004020843913,4
240,79_86,Cu,16.541907102800906,240,7.360119191543984,0.8948349354177358,16.38711565023325,4
494,70_80,Pt,-37.92797960434109,494,9.51583902070153,0.9954571086616677,-35.06884571162393,4
496,70_86,Pt,-52.87598883360624,496,-13.516805985810509,0.9954571086616677,-57.996855914637,4
50,71_86,Ag,31.93728840816766,50,2.0639189263594373,0.9416050213328404,32.89466116106256,4
295,68_88,Ni,-63.37737636920065,295,-7.110327498866736,1.0227033114028767,-61.9080658072137,4
239,79_85,Cu,19.72924562217668,239,9.42082557036578,0.8948349354177358,18.231107709641165,4
526,85_86,Pt,-63.24254498397932,526,-17.736989144338146,0.9954571086616677,-62.19786723964759,4
208,69_70,Cu,-1.6040220609866085,208,-7.10563741367341,0.8948349354177358,3.442651272634854,4
228,71_71,Cu,23.28,228,20.28291374104871,0.8948349354177358,27.95088367635598,4
431,80_88,Pd,-35.522730306722224,431,2.7765546737252946,0.9922604479539711,-33.36465576836717,4
178,88_90,Au,18.00414237147197,178,11.234854218599715,0.922596978227336,20.02885964922428,4
1,67_68,Ag,34.63150105020031,1,4.435888952982365,0.9448526691822623,36.01300521594902,5
16,68_71,Ag,37.95,16,11.390686683058819,0.9448526691822623,42.58426441483449,5
9,67_87,Ag,27.19587748963385,9,-2.600413121086828,0.9448526691822623,29.364736420092054,5
174,87_89,Au,-3.932746486272663,174,-13.265426244303939,0.9114090954365266,-1.5134700090310744,5
350,86_87,Ni,-62.85879099695012,350,-17.708906404604868,1.0469503737074195,-72.44603331634322,5
109,68_80,Au,25.95272431243211,109,10.62867141829821,0.9114090954365266,20.263827927913173,5
5,67_79,Ag,56.133063653018326,5,22.54990315246181,0.9448526691822623,53.12807988193257,5
246,80_85,Cu,15.872313012834638,246,-1.1738329653655004,0.8751800908855732,9.496522703771422,5
527,85_87,Pt,-55.334758561104536,527,-13.75661060449337,1.0057007582948156,-58.01665059454626,5
382,68_80,Pd,-30.974855489097536,382,10.62867141829821,0.9927143022671086,-25.00964239881064,5
377,68_68,Pd,-37.09,377,-1.3335927707344446,0.9927143022671086,-36.88475314676101,5
98,67_85,Au,2.7967889178544283,98,-10.399814907123842,0.9114090954365266,1.0982742276608928,5
418,71_90,Pd,-2.1641956008970737,418,21.051865526653355,0.9927143022671086,-14.662388532140223,5
8,67_86,Ag,22.882108852267265,8,-12.135862395622787,0.9448526691822623,20.355141721194684,5
401,70_71,Pd,-17.66,401,12.728553994346175,0.9927143022671086,-22.925058932486323,5
134,70_88,Au,0.3687827992253005,134,-11.990452153100216,0.9114090954365266,-0.35144702586208254,5
395,69_86,Pd,-50.56544371461496,395,-16.0883128552381,0.9927143022671086,-51.53197480059555,5
185,67_70,Cu,-1.3,185,-6.198741908444407,0.8751800908855732,5.098822438275894,5
32,69_87,Ag,18.15956251975149,32,-12.191460057140509,0.9448526691822623,20.302610122309375,5
371,67_85,Pd,-47.54661520430818,371,-10.399814907123842,0.9927143022671086,-45.884921529085425,5
242,79_88,Cu,24.00468691624701,242,14.34657275755669,0.8751800908855732,23.079672794939434,5
223,70_86,Cu,-5.121424633543938,223,-10.942677059893457,0.8751800908855732,0.9470248412754483,5
450,88_89,Pd,-48.42205931991339,450,-14.975951466232516,0.9927143022671086,-50.42771774044,5
196,68_69,Cu,8.22383614629507,196,-5.233720611045247,0.8751800908855732,5.943389865040205,5
373,67_87,Pd,-44.78234071563929,373,-2.600413121086828,0.9927143022671086,-38.14234382695885,5
307,69_89,Ni,-72.19356613559648,307,-9.081901740613754,1.0469503737074195,-63.413987559402074,5
545,90_90,Pt,-3.986186815891415,545,36.546989399664355,1.0057007582948156,-7.426281925405746,5
232,71_86,Cu,9.509651568252592,232,2.1325323001175915,0.8751800908855732,12.390187757317817,5
173,87_88,Au,-5.4300335720181465,173,-16.600284089146164,0.9114090954365266,-4.5528897808081314,5
481,69_70,Pt,-46.51031497307122,481,-10.997550955681085,1.0057007582948156,-55.24186221355512,5
523,80_89,Pt,-46.092616570647806,523,3.881064160398006,1.0057007582948156,-40.27842770893767,5
71,85_86,Ag,15.25916797388345,71,-18.53420068870061,0.9448526691822623,14.309654706649024,5
342,80_90,Ni,-24.97235260065645,342,25.04334656146841,1.0469503737074195,-27.68654609667867,5
172,87_87,Au,-8.21376643050462,172,-17.613023136031078,0.9114090954365266,-5.47590935944276,5
380,68_71,Pd,-16.65,380,11.390686683058819,0.9927143022671086,-24.253178946936927,5
144,71_89,Au,11.116735400632024,144,6.032475288780243,0.9114090954365266,16.07481297106034,5
330,79_85,Ni,-46.57290270738304,330,9.237647924372766,1.0469503737074195,-44.23432819149281,5
443,86_89,Pd,-51.929163637105376,443,-16.8535533635053,0.9927143022671086,-52.29163999782655,5
267,88_88,Cu,0.1985841235145926,267,-19.078745039600097,0.8751800908855732,-6.173499872655411,5
332,79_87,Ni,-38.58337958529592,332,10.228443365668806,1.0469503737074195,-43.197014533960306,5
288,68_70,Ni,-63.41193262254819,288,-4.54026654488763,1.0469503737074195,-58.65912089399384,5
250,80_89,Cu,18.37478481605649,250,3.881064160398006,0.8751800908855732,13.92046802971435,5
261,86_89,Cu,-4.045679136179388,261,-16.8535533635053,0.8751800908855732,-4.226056419332943,5
469,68_69,Pt,-48.47921968623996,469,-5.233720611045247,1.0057007582948156,-49.445173665272186,5
322,71_85,Ni,-55.97535213455558,322,1.1366269926473083,1.0469503737074195,-52.7156950833744,5
514,79_87,Pt,-30.68860480329021,514,10.228443365668806,1.0057007582948156,-33.894863629012086,5
430,80_87,Pd,-37.5984709886834,430,1.6176414291043606,0.9927143022671086,-33.9550207472412,5
419,79_79,Pd,2.1995654753409326,419,40.41143072037657,0.9927143022671086,4.556128721341317,5
416,71_88,Pd,-22.3300588671118,416,5.84735839532996,0.9927143022671086,-29.756120220327205,5
113,68_88,Au,3.759232571348548,113,-7.972624653391604,0.9114090954365266,3.3104375012673453,5
495,70_85,Pt,-56.21480622468516,495,-17.758034342725562,1.0057007582948156,-62.04088548234525,5
44,70_89,Ag,17.191219530068338,44,-14.886729593287749,0.9448526691822623,17.755977506915016,5
457,67_69,Pt,-46.33656704146415,457,-4.185291243808232,1.0057007582948156,-48.39076745562337,5
503,71_80,Pt,-19.429568918421865,503,23.05785145954978,1.0057007582948156,-20.992318180522343,5
518,80_80,Pt,-33.97946425387636,518,24.774678486787728,1.0057007582948156,-19.265703937368105,5
64,80_85,Ag,34.35302473139018,64,-1.1738329653655004,0.9448526691822623,30.7126444880278,5
410,71_71,Pd,-7.92,410,19.114671588474017,0.9927143022671086,-16.585468660835996,5
131,70_85,Au,-4.846776684746146,131,-17.758034342725562,0.9114090954365266,-5.608073892164342,5
398,69_89,Pd,-42.51957932440564,398,-9.081901740613754,0.9927143022671086,-44.576610279544724,5
112,68_87,Au,3.0882543567568064,112,-8.458647752397914,0.9114090954365266,2.8674716282407475,5
270,89_89,Cu,-8.216238006018102,270,-15.496102075139381,0.8751800908855732,-3.0380420774081216,5
498,70_88,Pt,-51.17558374861255,498,-11.990452153100216,1.0057007582948156,-56.24042370071137,5
329,79_80,Ni,-20.029279528185725,329,30.733712556923486,1.0469503737074195,-21.729015291204988,5
209,69_71,Cu,14.684817784000188,209,10.657046896097587,0.8751800908855732,19.850673216182983,5
340,80_88,Ni,-48.52907570870593,340,3.9144024095064154,1.0469503737074195,-49.807502072618476,5
275,67_69,Ni,-58.50674807652831,275,-4.185291243808232,1.0469503737074195,-58.28747936987186,5
354,87_87,Ni,-61.61309704603627,354,-17.613023136031078,1.0469503737074195,-72.3456482924776,5
297,68_90,Ni,-41.20943593326956,297,14.193983792331005,1.0469503737074195,-39.04529050231444,5
463,67_86,Pt,-58.39017276791856,463,-12.135862395622787,1.0057007582948156,-56.38666289188015,5
219,70_71,Cu,10.15,219,12.728553994346175,0.8751800908855732,21.663614986698292,5
451,88_90,Pd,-23.49516300391405,451,8.510499656646846,0.9927143022671086,-27.112381801260263,5
152,79_89,Au,21.37123371846974,152,12.36176358904666,0.9114090954365266,21.843383895563143,5
499,70_89,Pt,-53.29340708069503,499,-14.886729593287749,1.0057007582948156,-59.15321211854014,5
234,71_88,Cu,19.22714359778911,234,5.84735839532996,0.8751800908855732,15.641329596949877,5
467,67_90,Pt,-28.3946899282746,467,15.798013146141496,1.0057007582948156,-28.29354307741481,5
181,90_90,Au,40.20294416323304,181,36.546989399664355,0.9114090954365266,43.88601867454635,5
349,86_86,Ni,-69.31151086371392,349,-18.14042106414631,1.0469503737074195,-72.89780775041037,5
30,69_85,Ag,18.966260712128133,30,-14.139000153200008,0.9448526691822623,18.462471664208074,5
137,71_71,Au,20.13,137,19.114671588474017,0.9114090954365266,27.998045666887318,5
438,85_89,Pd,-49.64076796639711,438,-16.72838109421243,0.9927143022671086,-52.16737969585229,5
264,87_88,Cu,-7.116357076913118,264,-16.600284089146164,0.8751800908855732,-4.004400192780794,5
20,68_86,Ag,19.60992212733254,20,-13.968086656985742,0.9448526691822623,18.623959737305398,5
89,89_90,Ag,44.3552128020674,89,16.287516854004213,0.9448526691822623,47.211047472384486,5
534,86_89,Pt,-57.15644720988348,534,-16.8535533635053,1.0057007582948156,-61.13124827568019,5
362,89_90,Ni,-44.78017058130354,362,16.287516854004213,1.0469503737074195,-36.853465281026835,5
61,79_89,Ag,47.31786036910489,61,12.36176358904666,0.9448526691822623,43.501789021438356,5
180,89_90,Au,20.706714351661503,180,16.287516854004213,0.9114090954365266,25.4213511276851,5
121,69_85,Au,-3.441874101292342,121,-14.139000153200008,0.9114090954365266,-2.3096532151349916,5
52,71_88,Ag,33.87252775160596,52,5.84735839532996,0.9448526691822623,37.346635886020344,5
41,70_86,Ag,18.36304127285257,41,-10.942677059893457,0.9448526691822623,21.482526070487676,5
493,70_79,Pt,-30.837161078117788,493,11.368152968489255,1.0057007582948156,-32.748656817219675,5
