,Record,Field,Value,idx,Predval,Rho,Sigma,x0
0,67_67,Ag,37.29112578323111,0,36.31972770301358,0.9549141796297409,5.142273662095794,31.409297667541747
1,67_68,Ag,34.63150105020031,1,35.39485368932125,0.9549141796297409,4.173732160229171,31.409297667541747
2,67_69,Ag,31.856922125443816,2,28.17660611853786,0.9549141796297409,-3.3853215482226227,31.409297667541747
3,67_70,Ag,28.336781644728035,3,24.2929060236557,0.9549141796297409,-7.4523887022448045,31.409297667541747
4,67_71,Ag,43.94222367461771,4,46.127630784680065,0.9549141796297409,15.413252238902993,31.409297667541747
5,67_79,Ag,56.133063653018326,5,53.15174257008687,0.9549141796297409,22.769004132890302,31.409297667541747
6,67_80,Ag,46.62705653999001,6,44.66255721089872,0.9549141796297409,13.879005910767603,31.409297667541747
7,67_85,Ag,24.6595494276844,7,22.289625361839448,0.9549141796297409,-9.55025331097122,31.409297667541747
8,67_86,Ag,22.882108852267265,8,20.45035357948457,0.9549141796297409,-11.476365438731262,31.409297667541747
9,67_87,Ag,27.19587748963385,9,28.099301905561582,0.9549141796297409,-3.466275642973054,31.409297667541747
10,67_88,Ag,28.342907790560275,10,27.09963923281847,0.9549141796297409,-4.513136914978379,31.409297667541747
11,67_89,Ag,27.860594626516104,11,25.26237003340199,0.9549141796297409,-6.437151908795794,31.409297667541747
12,67_90,Ag,47.37068056175485,12,47.39531400097048,0.9549141796297409,16.740788517379816,31.409297667541747
13,68_68,Ag,34.27,13,31.001452544471526,0.9549141796297409,-0.42710133724096516,31.409297667541747
14,68_69,Ag,27.82055524457246,14,27.168430255563962,0.9549141796297409,-4.441097956700298,31.409297667541747
15,68_70,Ag,27.39,15,26.200994482200798,0.9549141796297409,-5.454210751546718,31.409297667541747
16,68_71,Ag,37.95,16,43.459781929276986,0.9549141796297409,12.619442164329051,31.409297667541747
17,68_79,Ag,52.67349041812122,17,50.28236098416457,0.9549141796297409,19.76414605545042,31.409297667541747
18,68_80,Ag,43.14734089421109,18,42.082666668559796,0.9549141796297409,11.177307059317679,31.409297667541747
19,68_85,Ag,19.73406797461212,19,19.280060707639485,0.9549141796297409,-12.701913133811942,31.409297667541747
20,68_86,Ag,19.60992212733254,20,18.462960534192135,0.9549141796297409,-13.55759230465028,31.409297667541747
21,68_87,Ag,20.29042059509084,21,23.619493392314833,0.9549141796297409,-8.157596191782739,31.409297667541747
22,68_88,Ag,24.30832738848403,22,24.13914420845355,0.9549141796297409,-7.613410308669967,31.409297667541747
23,68_89,Ag,33.08756782626733,23,25.517900737206546,0.9549141796297409,-6.1695564439304205,31.409297667541747
24,68_90,Ag,44.15140888933093,24,45.08248290793589,0.9549141796297409,14.318758200549283,31.409297667541747
25,69_69,Ag,25.0356792001985,25,23.686580561997356,0.9549141796297409,-8.087341533182387,31.409297667541747
26,69_70,Ag,21.306809985544533,26,23.08181411342094,0.9549141796297409,-8.720661742974338,31.409297667541747
27,69_71,Ag,33.71256923582405,27,40.09268132046801,0.9549141796297409,9.093365496251366,31.409297667541747
28,69_79,Ag,49.99796449718997,28,46.515877702154256,0.9549141796297409,15.819830050560087,31.409297667541747
29,69_80,Ag,40.50865909643471,29,37.86622766670477,0.9549141796297409,6.761790888545234,31.409297667541747
30,69_85,Ag,18.966260712128133,30,18.11346184618175,0.9549141796297409,-13.923592407555759,31.409297667541747
31,69_86,Ag,19.204587053041905,31,16.999287279303456,0.9549141796297409,-15.090372198500225,31.409297667541747
32,69_87,Ag,18.15956251975149,32,19.617327659573757,0.9549141796297409,-12.348722282603676,31.409297667541747
33,69_88,Ag,23.446065455675125,33,21.819781390162714,0.9549141796297409,-10.042280743068742,31.409297667541747
34,69_89,Ag,23.81352136284113,34,21.92845624838605,0.9549141796297409,-9.928474852925323,31.409297667541747
35,69_90,Ag,43.8266739519313,35,44.43459544474044,0.9549141796297409,13.640281037872043,31.409297667541747
36,70_70,Ag,19.17027074657381,36,24.40626388364622,0.9549141796297409,-7.333678704625467,31.409297667541747
37,70_71,Ag,32.3945,37,42.60843740200647,0.9549141796297409,11.727901808733312,31.409297667541747
38,70_79,Ag,45.02130710799247,38,43.46566514746681,0.9549141796297409,12.625603155877114,31.409297667541747
39,70_80,Ag,35.02580372430384,39,40.01440774160835,0.9549141796297409,9.011396267466843,31.409297667541747
40,70_85,Ag,9.827979195397347,40,16.280074270214463,0.9549141796297409,-15.843542508912686,31.409297667541747
41,70_86,Ag,18.36304127285257,41,19.325500713075012,0.9549141796297409,-12.65432770005794,31.409297667541747
42,70_87,Ag,10.72294346243143,42,15.573661353609255,0.9549141796297409,-16.583308376541872,31.409297667541747
43,70_88,Ag,20.010603869799525,43,21.629962499638715,0.9549141796297409,-10.241061842536338,31.409297667541747
44,70_89,Ag,17.191219530068338,44,18.6875694926184,0.9549141796297409,-13.322378540714597,31.409297667541747
45,70_90,Ag,37.86220624204725,45,43.17946688453858,0.9549141796297409,12.325892177620196,31.409297667541747
46,71_71,Ag,39.98,46,50.401938561261375,0.9549141796297409,19.88936943117113,31.409297667541747
47,71_79,Ag,62.53579881694168,47,63.28820183292019,0.9549141796297409,33.384051515225366,31.409297667541747
48,71_80,Ag,53.21135051129386,48,54.691021236880175,0.9549141796297409,24.38095911233164,31.409297667541747
49,71_85,Ag,29.21638480341062,49,32.080433537921856,0.9549141796297409,0.7028232323875838,31.409297667541747
50,71_86,Ag,31.93728840816766,50,32.553953327200524,0.9549141796297409,1.198700034072808,31.409297667541747
51,71_87,Ag,34.58771999832243,51,36.87230663811754,0.9549141796297409,5.720942349703116,31.409297667541747
52,71_88,Ag,33.87252775160596,52,38.13330760375962,0.9549141796297409,7.041480878234567,31.409297667541747
53,71_89,Ag,34.62542978255078,53,36.39730628956332,0.9549141796297409,5.223515084837912,31.409297667541747
54,71_90,Ag,46.74552957294509,54,54.608072433320785,0.9549141796297409,24.2940939203292,31.409297667541747
55,79_79,Ag,75.68089892715216,55,70.661371097403,0.9549141796297409,41.10534147171308,31.409297667541747
56,79_80,Ag,65.9977889303118,56,62.00568468991507,0.9549141796297409,32.04098093321516,31.409297667541747
57,79_85,Ag,43.548978068400174,57,40.18555473118551,0.9549141796297409,9.19062388103471,31.409297667541747
58,79_86,Ag,43.0131727787666,58,38.872130631382845,0.9549141796297409,7.815187084911383,31.409297667541747
59,79_87,Ag,45.29564476665109,59,43.62209473734361,0.9549141796297409,12.789418494693694,31.409297667541747
60,79_88,Ag,47.51803591102362,60,44.44574852200343,0.9549141796297409,13.651960702391543,31.409297667541747
61,79_89,Ag,47.31786036910489,61,43.31351195409726,0.9549141796297409,12.4662661216019,31.409297667541747
62,79_90,Ag,67.68763745995238,62,66.04275498277687,0.9549141796297409,36.268659586418465,31.409297667541747
63,80_80,Ag,56.512797337491065,63,53.56634994700724,0.9549141796297409,23.2031870005917,31.409297667541747
64,80_85,Ag,34.35302473139018,64,31.30648721725618,0.9549141796297409,-0.10766459696454629,31.409297667541747
65,80_86,Ag,33.05708291195333,65,29.54732326731348,0.9549141796297409,-1.949886638975484,31.409297667541747
66,80_87,Ag,29.754720605444163,66,33.1882086283154,0.9549141796297409,1.8629013985983647,31.409297667541747
67,80_88,Ag,37.89180830074474,67,35.624974578812136,0.9549141796297409,4.414718098442081,31.409297667541747
68,80_89,Ag,37.95157305337489,68,34.90077254417431,0.9549141796297409,3.6563232080042525,31.409297667541747
69,80_90,Ag,57.771673520095646,69,56.605455811302775,0.9549141796297409,26.38578280776039,31.409297667541747
70,85_85,Ag,15.668177308980376,70,15.092844929102654,0.9549141796297409,-17.086826320628777,31.409297667541747
71,85_86,Ag,15.25916797388345,71,14.154976043167032,0.9549141796297409,-18.06897624147221,31.409297667541747
72,85_87,Ag,16.53759171674028,72,19.380659698797764,0.9549141796297409,-12.596564408969167,31.409297667541747
73,85_88,Ag,17.007134437095374,73,16.66137972835069,0.9549141796297409,-15.444233894306004,31.409297667541747
74,85_89,Ag,20.80835834564641,74,16.653490646483945,0.9549141796297409,-15.452495455433734,31.409297667541747
75,85_90,Ag,38.83568338723853,75,40.47313808387885,0.9549141796297409,9.491785345413474,31.409297667541747
76,86_86,Ag,17.612324591726065,76,14.36910472138274,0.9549141796297409,-17.844737579209667,31.409297667541747
77,86_87,Ag,15.278023159131408,77,15.85132418830679,0.9549141796297409,-16.292535822713845,31.409297667541747
78,86_88,Ag,16.972767553757876,78,14.904355128066378,0.9549141796297409,-17.284215578278467,31.409297667541747
79,86_89,Ag,18.5474892850034,79,16.951028417103547,0.9549141796297409,-15.140909580004623,31.409297667541747
80,86_90,Ag,42.41916677635163,80,41.96515950937899,0.9549141796297409,11.054251855313515,31.409297667541747
81,87_87,Ag,13.136175299994648,81,15.81711587728921,0.9549141796297409,-16.32835926292168,31.409297667541747
82,87_88,Ag,13.902162061538547,82,15.11941499676825,0.9549141796297409,-17.05900175981233,31.409297667541747
83,87_89,Ag,16.865318422205746,83,18.671075419368666,0.9549141796297409,-13.339651373814773,31.409297667541747
84,87_90,Ag,41.30678676813841,84,45.19357135280843,0.9549141796297409,14.435091633691533,31.409297667541747
85,88_88,Ag,15.97607428766787,85,14.362495857267156,0.9549141796297409,-17.851658477711922,31.409297667541747
86,88_89,Ag,17.61300941836089,86,18.26009217567962,0.9549141796297409,-13.770038996552138,31.409297667541747
87,88_90,Ag,42.56545445416123,87,41.0813611559011,0.9549141796297409,10.128725381488845,31.409297667541747
88,89_89,Ag,16.991659617051482,88,15.86478703063895,0.9549141796297409,-16.27843733866224,31.409297667541747
89,89_90,Ag,44.3552128020674,89,44.194195841336146,0.9549141796297409,13.388531081140323,31.409297667541747
90,90_90,Ag,64.48857270507142,90,66.7620131192102,0.9549141796297409,37.02187715484143,31.409297667541747
91,67_67,Au,27.25453276745975,91,14.71183521693575,0.9079431902859298,5.142273662095794,10.042942862849184
92,67_68,Au,30.39,92,13.832454555806644,0.9079431902859298,4.173732160229171,10.042942862849184
93,67_69,Au,15.89104028698057,93,6.969263216212233,0.9079431902859298,-3.3853215482226227,10.042942862849184
94,67_70,Au,9.214684322476389,94,3.2765972892822157,0.9079431902859298,-7.4523887022448045,10.042942862849184
95,67_71,Au,19.53,95,24.03730027332052,0.9079431902859298,15.413252238902993,10.042942862849184
96,67_79,Au,36.08631409704685,96,30.715905114899126,0.9079431902859298,22.769004132890302,10.042942862849184
97,67_80,Au,32.89122504228726,97,22.6442917674688,0.9079431902859298,13.879005910767603,10.042942862849184
98,67_85,Au,2.7967889178544283,98,1.37185540364721,0.9079431902859298,-9.55025331097122,10.042942862849184
99,67_86,Au,1.0825114590115843,99,-0.37694498647966235,0.9079431902859298,-11.476365438731262,10.042942862849184
100,67_87,Au,9.835094714537265,100,6.895761497157817,0.9079431902859298,-3.466275642973054,10.042942862849184
101,67_88,Au,10.66745530627668,101,5.9452709340665155,0.9079431902859298,-4.513136914978379,10.042942862849184
102,67_89,Au,8.445434756111354,102,4.198374622421968,0.9079431902859298,-6.437151908795794,10.042942862849184
103,67_90,Au,26.90081274230033,103,25.242627797221076,0.9079431902859298,16.740788517379816,10.042942862849184
104,68_68,Au,9.24,104,9.655159112139236,0.9079431902859298,-0.42710133724096516,10.042942862849184
105,68_69,Au,8.732679136097431,105,6.010678215670391,0.9079431902859298,-4.441097956700298,10.042942862849184
106,68_70,Au,5.409511784557253,106,5.090829352598038,0.9079431902859298,-5.454210751546718,10.042942862849184
107,68_71,Au,17.56,107,21.50067944115888,0.9079431902859298,12.619442164329051,10.042942862849184
108,68_79,Au,29.24104046449065,108,27.987664685711916,0.9079431902859298,19.76414605545042,10.042942862849184
109,68_80,Au,25.95272431243211,109,20.191302693091522,0.9079431902859298,11.177307059317679,10.042942862849184
110,68_85,Au,-3.649098140653223,110,-1.4896726705987842,0.9079431902859298,-12.701913133811942,10.042942862849184
111,68_86,Au,-4.5741487755440176,111,-2.2665807468309627,0.9079431902859298,-13.55759230465028,10.042942862849184
112,68_87,Au,3.0882543567568064,112,2.636308951417612,0.9079431902859298,-8.157596191782739,10.042942862849184
113,68_88,Au,3.759232571348548,113,3.1303988182395885,0.9079431902859298,-7.613410308669967,10.042942862849184
114,68_89,Au,7.279506777878851,114,4.441336102497882,0.9079431902859298,-6.1695564439304205,10.042942862849184
115,68_90,Au,21.48009903077036,115,23.04356186438872,0.9079431902859298,14.318758200549283,10.042942862849184
116,69_69,Au,4.437854068353772,116,2.7000961902796643,0.9079431902859298,-8.087341533182387,10.042942862849184
117,69_70,Au,2.8179199500009418,117,2.1250774185286065,0.9079431902859298,-8.720661742974338,10.042942862849184
118,69_71,Au,15.348753788508477,118,18.299202141951646,0.9079431902859298,9.093365496251366,10.042942862849184
119,69_79,Au,24.95865641254932,119,24.406449828735933,0.9079431902859298,15.819830050560087,10.042942862849184
120,69_80,Au,20.91196409938857,120,16.182264854241275,0.9079431902859298,6.761790888545234,10.042942862849184
121,69_85,Au,-3.441874101292342,121,-2.598888047907943,0.9079431902859298,-13.923592407555759,10.042942862849184
122,69_86,Au,-4.99836387578398,122,-3.65825781365921,0.9079431902859298,-15.090372198500225,10.042942862849184
123,69_87,Au,-2.59744197037071,123,-1.1689954423729478,0.9079431902859298,-12.348722282603676,10.042942862849184
124,69_88,Au,1.824013506993652,124,0.9251224472403923,0.9079431902859298,-10.042280743068742,10.042942862849184
125,69_89,Au,1.7624346716329455,125,1.0284517302105378,0.9079431902859298,-9.928474852925323,10.042942862849184
126,69_90,Au,21.80319368839264,126,22.427543144771402,0.9079431902859298,13.640281037872043,10.042942862849184
127,70_70,Au,6.677008145023137,127,3.384379223239552,0.9079431902859298,-7.333678704625467,10.042942862849184
128,70_71,Au,16.261617169715464,128,20.691211446430636,0.9079431902859298,11.727901808733312,10.042942862849184
129,70_79,Au,22.225401173345745,129,21.506273271480353,0.9079431902859298,12.625603155877114,10.042942862849184
130,70_80,Au,20.984080309979618,130,18.224778738863748,0.9079431902859298,9.011396267466843,10.042942862849184
131,70_85,Au,-4.846776684746146,131,-4.342093668123745,0.9079431902859298,-15.843542508912686,10.042942862849184
132,70_86,Au,-4.556430337950587,132,-1.4464678000650366,0.9079431902859298,-12.65432770005794,10.042942862849184
133,70_87,Au,-4.515758619643748,133,-5.013759050043626,0.9079431902859298,-16.583308376541872,10.042942862849184
134,70_88,Au,0.3687827992253005,134,0.7446405016212392,0.9079431902859298,-10.241061842536338,10.042942862849184
135,70_89,Au,-0.699555654078722,135,-2.053020011604037,0.9079431902859298,-13.322378540714597,10.042942862849184
136,70_90,Au,19.37172227585688,136,21.23415272971805,0.9079431902859298,12.325892177620196,10.042942862849184
137,71_71,Au,20.13,137,28.10136039696215,0.9079431902859298,19.88936943117113,10.042942862849184
138,71_79,Au,37.66935707302764,138,40.35376510025273,0.9079431902859298,33.384051515225366,10.042942862849184
139,71_80,Au,26.42566027631983,139,32.179468661530386,0.9079431902859298,24.38095911233164,10.042942862849184
140,71_85,Au,5.130487157963216,140,10.681066430670237,0.9079431902859298,0.7028232323875838,10.042942862849184
141,71_86,Au,4.9883151622489095,141,11.131294395981103,0.9079431902859298,1.198700034072808,10.042942862849184
142,71_87,Au,9.944790878333151,142,15.237233511280515,0.9079431902859298,5.720942349703116,10.042942862849184
143,71_88,Au,12.196461893152446,143,16.43620747577085,0.9079431902859298,7.041480878234567,10.042942862849184
144,71_89,Au,11.116735400632024,144,14.785597813483598,0.9079431902859298,5.223515084837912,10.042942862849184
145,71_90,Au,27.621270739939064,145,32.10060000197889,0.9079431902859298,24.2940939203292,10.042942862849184
146,79_79,Au,46.289030655287206,146,47.3642577364689,0.9079431902859298,41.10534147171308,10.042942862849184
147,79_80,Au,42.51621046755463,147,39.13433331124321,0.9079431902859298,32.04098093321516,10.042942862849184
148,79_85,Au,17.553155765403062,148,18.387507230113894,0.9079431902859298,9.19062388103471,10.042942862849184
149,79_86,Au,14.696491044480354,149,17.13868875740502,0.9079431902859298,7.815187084911383,10.042942862849184
150,79_87,Au,18.931649807840586,150,21.65500829282325,0.9079431902859298,12.789418494693694,10.042942862849184
151,79_88,Au,22.10064773447812,151,22.438147616636705,0.9079431902859298,13.651960702391543,10.042942862849184
152,79_89,Au,21.37123371846974,152,21.361604296249816,0.9079431902859298,12.4662661216019,10.042942862849184
153,79_90,Au,40.90061547001824,153,42.97282535513634,0.9079431902859298,36.268659586418465,10.042942862849184
154,80_80,Au,39.06559343077242,154,31.110118492967427,0.9079431902859298,23.2031870005917,10.042942862849184
155,80_85,Au,10.768303435761482,155,9.945189525200345,0.9079431902859298,-0.10766459696454629,10.042942862849184
156,80_86,Au,7.876570706721395,156,8.272556567161875,0.9079431902859298,-1.949886638975484,10.042942862849184
157,80_87,Au,14.44033302180469,157,11.734351501880704,0.9079431902859298,1.8629013985983647,10.042942862849184
158,80_88,Au,16.91410689940676,158,14.05125609736172,0.9079431902859298,4.414718098442081,10.042942862849184
159,80_89,Au,16.129967587068677,159,13.36267662104105,0.9079431902859298,3.6563232080042525,10.042942862849184
160,80_90,Au,33.976508763153106,160,33.999734683518795,0.9079431902859298,26.38578280776039,10.042942862849184
161,85_85,Au,-8.378866176586598,161,-5.470924738564104,0.9079431902859298,-17.086826320628777,10.042942862849184
162,85_86,Au,-8.004172896966338,162,-6.362661071033763,0.9079431902859298,-18.06897624147221,10.042942862849184
163,85_87,Au,-5.188440342433751,163,-1.3940220132724797,0.9079431902859298,-12.596564408969167,10.042942862849184
164,85_88,Au,-5.091895234771073,164,-3.9795441306690993,0.9079431902859298,-15.444233894306004,10.042942862849184
165,85_89,Au,-3.1637662202119827,165,-3.9870451588361533,0.9079431902859298,-15.452495455433734,10.042942862849184
166,85_90,Au,15.25961562851444,166,18.66094473087313,0.9079431902859298,9.491785345413474,10.042942862849184
167,86_86,Au,-9.616525482852012,167,-6.159065104633662,0.9079431902859298,-17.844737579209667,10.042942862849184
168,86_87,Au,-10.954436453990638,168,-4.74975408987342,0.9079431902859298,-16.292535822713845,10.042942862849184
169,86_88,Au,-7.38945474429056,169,-5.650142970882735,0.9079431902859298,-17.284215578278467,10.042942862849184
170,86_89,Au,-6.265348290093243,170,-3.704142885051011,0.9079431902859298,-15.140909580004623,10.042942862849184
171,86_90,Au,16.552497228607535,171,20.079575558586697,0.9079431902859298,11.054251855313515,10.042942862849184
172,87_87,Au,-8.21376643050462,172,-4.782279738462741,0.9079431902859298,-16.32835926292168,10.042942862849184
173,87_88,Au,-5.4300335720181465,173,-5.445661618048113,0.9079431902859298,-17.05900175981233,10.042942862849184
174,87_89,Au,-3.932746486272663,174,-2.068702762794288,0.9079431902859298,-13.339651373814773,10.042942862849184
175,87_90,Au,20.46477798558772,175,23.14918601281281,0.9079431902859298,14.435091633691533,10.042942862849184
176,88_88,Au,-4.823663343209773,176,-6.165348887299444,0.9079431902859298,-17.851658477711922,10.042942862849184
177,88_89,Au,-1.1208485853858292,177,-2.459470274042028,0.9079431902859298,-13.770038996552138,10.042942862849184
178,88_90,Au,18.00414237147197,178,19.23925009924824,0.9079431902859298,10.128725381488845,10.042942862849184
179,89_89,Au,-5.05592380464077,179,-4.736953467285412,0.9079431902859298,-16.27843733866224,10.042942862849184
180,89_90,Au,20.706714351661503,180,22.198968485902057,0.9079431902859298,13.388531081140323,10.042942862849184
181,90_90,Au,40.20294416323304,181,43.65670411718969,0.9079431902859298,37.02187715484143,10.042942862849184
182,67_67,Cu,16.257547896821052,182,14.567394711479073,0.8844505490206968,5.142273662095794,10.01930794782378
183,67_68,Cu,15.360412316396832,183,13.71076764840381,0.8844505490206968,4.173732160229171,10.01930794782378
184,67_69,Cu,-1.08,184,7.025158445886686,0.8844505490206968,-3.3853215482226227,10.01930794782378
185,67_70,Cu,-1.3,185,3.4280386686077247,0.8844505490206968,-7.4523887022448045,10.01930794782378
186,67_71,Cu,17.19,186,23.651567352716015,0.8844505490206968,15.413252238902993,10.01930794782378
187,67_79,Cu,31.609550232533365,187,30.157366153813122,0.8844505490206968,22.769004132890302,10.01930794782378
188,67_80,Cu,28.437413678970188,188,22.29460234546368,0.8844505490206968,13.879005910767603,10.01930794782378
189,67_85,Cu,4.226813478395343,189,1.5725811636485574,0.8844505490206968,-9.55025331097122,10.01930794782378
190,67_86,Cu,-0.1156847844831645,190,-0.13096976522423454,0.8844505490206968,-11.476365438731262,10.01930794782378
191,67_87,Cu,6.241317079402506,191,6.953558552339194,0.8844505490206968,-3.466275642973054,10.01930794782378
192,67_88,Cu,8.908845268189907,192,6.027661525565579,0.8844505490206968,-4.513136914978379,10.01930794782378
193,67_89,Cu,1.518394218292087,193,4.325965407959713,0.8844505490206968,-6.437151908795794,10.01930794782378
194,67_90,Cu,21.9179359190166,194,24.825707543059735,0.8844505490206968,16.740788517379816,10.01930794782378
195,68_68,Cu,17.53,195,9.641557935613534,0.8844505490206968,-0.42710133724096516,10.01930794782378
196,68_69,Cu,8.22383614629507,196,6.091376421765506,0.8844505490206968,-4.441097956700298,10.01930794782378
197,68_70,Cu,0.7,197,5.195328254143698,0.8844505490206968,-5.454210751546718,10.01930794782378
198,68_71,Cu,19.14,198,21.18058049839954,0.8844505490206968,12.619442164329051,10.01930794782378
199,68_79,Cu,29.736334182322025,199,27.499717777492144,0.8844505490206968,19.76414605545042,10.01930794782378
200,68_80,Cu,27.30784850614145,200,19.90508331301021,0.8844505490206968,11.177307059317679,10.01930794782378
201,68_85,Cu,1.9980336450971663,201,-1.2149060969893917,0.8844505490206968,-12.701913133811942,10.01930794782378
202,68_86,Cu,0.1466519981622696,202,-1.9717120094229337,0.8844505490206968,-13.55759230465028,10.01930794782378
203,68_87,Cu,4.1188591928221285,203,2.8043175173123913,0.8844505490206968,-8.157596191782739,10.01930794782378
204,68_88,Cu,7.660543691832572,204,3.285623020400795,0.8844505490206968,-7.613410308669967,10.01930794782378
205,68_89,Cu,5.469363945070654,205,4.562640363775342,0.8844505490206968,-6.1695564439304205,10.01930794782378
206,68_90,Cu,21.82569679012522,206,22.6835414995942,0.8844505490206968,14.318758200549283,10.01930794782378
207,69_69,Cu,2.5352122164331377,207,2.8664542886827338,0.8844505490206968,-8.087341533182387,10.01930794782378
208,69_70,Cu,-1.6040220609866085,208,2.30631388142634,0.8844505490206968,-8.720661742974338,10.01930794782378
209,69_71,Cu,14.684817784000188,209,18.06194005342916,0.8844505490206968,9.093365496251366,10.01930794782378
210,69_79,Cu,23.98448588978499,210,24.011165321455763,0.8844505490206968,15.819830050560087,10.01930794782378
211,69_80,Cu,20.69055753108114,211,15.999777611560758,0.8844505490206968,6.761790888545234,10.01930794782378
212,69_85,Cu,-0.6855562040582299,212,-2.2954210013793155,0.8844505490206968,-13.923592407555759,10.01930794782378
213,69_86,Cu,-3.3780778693035245,213,-3.3273800280664023,0.8844505490206968,-15.090372198500225,10.01930794782378
214,69_87,Cu,-2.395690959412605,214,-0.9025262547291533,0.8844505490206968,-12.348722282603676,10.01930794782378
215,69_88,Cu,2.906333788763732,215,1.1374072311966597,0.8844505490206968,-10.042280743068742,10.01930794782378
216,69_89,Cu,-0.6371039329096675,216,1.2380629132157974,0.8844505490206968,-9.928474852925323,10.01930794782378
217,69_90,Cu,19.30277772294357,217,22.083462000566307,0.8844505490206968,13.640281037872043,10.01930794782378
218,70_70,Cu,-0.23,218,3.533031791176393,0.8844505490206968,-7.333678704625467,10.01930794782378
219,70_71,Cu,10.15,219,20.392057141418782,0.8844505490206968,11.727901808733312,10.01930794782378
220,70_79,Cu,17.11281139124185,220,21.186029590756736,0.8844505490206968,12.625603155877114,10.01930794782378
221,70_80,Cu,16.96915361471474,221,17.989442324027888,0.8844505490206968,9.011396267466843,10.01930794782378
222,70_85,Cu,-4.020201354287565,222,-3.9935219226167913,0.8844505490206968,-15.843542508912686,10.01930794782378
223,70_86,Cu,-5.121424633543938,223,-1.1728191339802763,0.8844505490206968,-12.65432770005794,10.01930794782378
224,70_87,Cu,-11.12159865302965,224,-4.647808250388199,0.8844505490206968,-16.583308376541872,10.01930794782378
225,70_88,Cu,-1.94963850826025,225,0.9615951786376069,0.8844505490206968,-10.241061842536338,10.01930794782378
226,70_89,Cu,-3.6906279893592,226,-1.7636770667727948,0.8844505490206968,-13.322378540714597,10.01930794782378
227,70_90,Cu,15.900146208703518,227,20.920950051489875,0.8844505490206968,12.325892177620196,10.01930794782378
228,71_71,Cu,23.28,228,27.610471660898547,0.8844505490206968,19.88936943117113,10.01930794782378
229,71_79,Cu,39.5718359798193,229,39.54585063900008,0.8844505490206968,33.384051515225366,10.01930794782378
230,71_80,Cu,33.23251627199352,230,31.58306062037666,0.8844505490206968,24.38095911233164,10.01930794782378
231,71_85,Cu,12.054721917491406,231,10.640920341573478,0.8844505490206968,0.7028232323875838,10.01930794782378
232,71_86,Cu,9.509651568252592,232,11.079498851070603,0.8844505490206968,1.198700034072808,10.01930794782378
233,71_87,Cu,15.057870442513376,233,15.079198549934457,0.8844505490206968,5.720942349703116,10.01930794782378
234,71_88,Cu,19.22714359778911,234,16.24714957649708,0.8844505490206968,7.041480878234567,10.01930794782378
235,71_89,Cu,14.713972473982722,235,14.639248732426562,0.8844505490206968,5.223515084837912,10.01930794782378
236,71_90,Cu,30.812252930831164,236,31.50623265361931,0.8844505490206968,24.2940939203292,10.01930794782378
237,79_79,Cu,47.05385993607342,237,46.37494978016363,0.8844505490206968,41.10534147171308,10.01930794782378
238,79_80,Cu,44.0334888426587,238,38.357971125367605,0.8844505490206968,32.04098093321516,10.01930794782378
239,79_85,Cu,19.72924562217668,239,18.147960285247656,0.8844505490206968,9.19062388103471,10.01930794782378
240,79_86,Cu,16.541907102800906,240,16.93145445577311,0.8844505490206968,7.815187084911383,10.01930794782378
241,79_87,Cu,20.08638651110232,241,21.33091615711107,0.8844505490206968,12.789418494693694,10.01930794782378
242,79_88,Cu,24.00468691624701,242,22.093792086262958,0.8844505490206968,13.651960702391543,10.01930794782378
243,79_89,Cu,21.2624005000107,243,21.04510386331269,0.8844505490206968,12.4662661216019,10.01930794782378
244,79_90,Cu,38.77825508872047,244,42.09714383127634,0.8844505490206968,36.268659586418465,10.01930794782378
245,80_80,Cu,41.17267286218703,245,30.541379429527005,0.8844505490206968,23.2031870005917,10.01930794782378
246,80_85,Cu,15.872313012834638,246,9.924083935928396,0.8844505490206968,-0.10766459696454629,10.01930794782378
247,80_86,Cu,12.44543402735144,247,8.294729639453791,0.8844505490206968,-1.949886638975484,10.01930794782378
248,80_87,Cu,13.812954151071608,248,11.666952112585527,0.8844505490206968,1.8629013985983647,10.01930794782378
249,80_88,Cu,20.866205281112343,249,13.923907793762485,0.8844505490206968,4.414718098442081,10.01930794782378
250,80_89,Cu,18.37478481605649,250,13.253145016540255,0.8844505490206968,3.6563232080042525,10.01930794782378
251,80_90,Cu,34.44061252847314,251,33.35622803848832,0.8844505490206968,26.38578280776039,10.01930794782378
252,85_85,Cu,-4.117132057435811,252,-5.093144972477633,0.8844505490206968,-17.086826320628777,10.01930794782378
253,85_86,Cu,-3.81177783664316,253,-5.961808009188243,0.8844505490206968,-18.06897624147221,10.01930794782378
254,85_87,Cu,-0.2908075950108468,254,-1.1217303594635677,0.8844505490206968,-12.596564408969167,10.01930794782378
255,85_88,Cu,-1.3817105772905052,255,-3.640353199199218,0.8844505490206968,-15.444233894306004,10.01930794782378
256,85_89,Cu,-5.6442377474159,256,-3.6476601414744074,0.8844505490206968,-15.452495455433734,10.01930794782378
257,85_90,Cu,17.885662972927094,257,18.41432270776133,0.8844505490206968,9.491785345413474,10.01930794782378
258,86_86,Cu,-5.473356258124113,258,-5.76348000123847,0.8844505490206968,-17.844737579209667,10.01930794782378
259,86_87,Cu,-7.048372107557952,259,-4.390634305514849,0.8844505490206968,-16.292535822713845,10.01930794782378
260,86_88,Cu,-3.47226674342528,260,-5.267726009776689,0.8844505490206968,-17.284215578278467,10.01930794782378
261,86_89,Cu,-4.045679136179388,261,-3.3720778428840354,0.8844505490206968,-15.140909580004623,10.01930794782378
262,86_90,Cu,17.71125436015427,262,19.796247070268876,0.8844505490206968,11.054251855313515,10.01930794782378
263,87_87,Cu,-9.251680368557572,263,-4.42231836687448,0.8844505490206968,-16.32835926292168,10.01930794782378
264,87_88,Cu,-7.116357076913118,264,-5.068535524387267,0.8844505490206968,-17.05900175981233,10.01930794782378
265,87_89,Cu,-5.44991055643186,265,-1.778954033491388,0.8844505490206968,-13.339651373814773,10.01930794782378
266,87_90,Cu,18.14790674392134,266,22.78643266840632,0.8844505490206968,14.435091633691533,10.01930794782378
267,88_88,Cu,0.1985841235145926,267,-5.769601193718506,0.8844505490206968,-17.851658477711922,10.01930794782378
268,88_89,Cu,1.4583718576468527,268,-2.1596106027131636,0.8844505490206968,-13.770038996552138,10.01930794782378
269,88_90,Cu,22.32058603130281,269,18.977664672361456,0.8844505490206968,10.128725381488845,10.01930794782378
270,89_89,Cu,-8.216238006018102,270,-4.378164893555049,0.8844505490206968,-16.27843733866224,10.01930794782378
271,89_90,Cu,23.472304437309504,271,21.860801613119,0.8844505490206968,13.388531081140323,10.01930794782378
272,90_90,Cu,38.08822151320055,272,42.763327523200076,0.8844505490206968,37.02187715484143,10.01930794782378
273,67_67,Ni,-46.84443549113348,273,-48.89230534941439,1.0367576854918592,5.142273662095794,-54.223597089494575
274,67_68,Ni,-50.58627260895446,274,-49.89644819519244,1.0367576854918592,4.173732160229171,-54.223597089494575
275,67_69,Ni,-58.50674807652831,275,-57.73335522247558,1.0367576854918592,-3.3853215482226227,-54.223597089494575
276,67_70,Ni,-66.10533177200705,276,-61.949918351819576,1.0367576854918592,-7.4523887022448045,-54.223597089494575
277,67_71,Ni,-34.74217730341479,277,-38.24378937238729,1.0367576854918592,15.413252238902993,-54.223597089494575
278,67_79,Ni,-30.444208657369018,278,-30.61765706372465,1.0367576854918592,22.769004132890302,-54.223597089494575
279,67_80,Ni,-36.58263813704252,279,-39.83443104451932,1.0367576854918592,13.879005910767603,-54.223597089494575
280,67_85,Ni,-63.38964809384197,280,-64.12489560803806,1.0367576854918592,-9.55025331097122,-54.223597089494575
281,67_86,Ni,-63.63849149737507,281,-66.12180715961236,1.0367576854918592,-11.476365438731262,-54.223597089494575
282,67_87,Ni,-52.43894980754703,282,-57.817285002380125,1.0367576854918592,-3.466275642973054,-54.223597089494575
283,67_88,Ni,-58.60078528011218,283,-58.90262647177543,1.0367576854918592,-4.513136914978379,-54.223597089494575
284,67_89,Ni,-63.64334777649492,284,-60.8973638036172,1.0367576854918592,-6.437151908795794,-54.223597089494575
285,67_90,Ni,-35.931501203682274,285,-36.867455932907184,1.0367576854918592,16.740788517379816,-54.223597089494575
286,68_68,Ni,-60.02,286,-54.666397683362995,1.0367576854918592,-0.42710133724096516,-54.223597089494575
287,68_69,Ni,-63.71304574795067,287,-58.8279395281258,1.0367576854918592,-4.441097956700298,-54.223597089494575
288,68_70,Ni,-63.41193262254819,288,-59.878292004452966,1.0367576854918592,-5.454210751546718,-54.223597089494575
289,68_71,Ni,-39.65,289,-41.14029343900641,1.0367576854918592,12.619442164329051,-54.223597089494575
290,68_79,Ni,-35.67965475190431,290,-33.732966769322736,1.0367576854918592,19.76414605545042,-54.223597089494575
291,68_80,Ni,-40.67592066293582,291,-42.63543809264456,1.0367576854918592,11.177307059317679,-54.223597089494575
292,68_85,Ni,-69.26817974634469,292,-67.39240315142409,1.0367576854918592,-12.701913133811942,-54.223597089494575
293,68_86,Ni,-67.36927048582584,293,-68.27953510810605,1.0367576854918592,-13.55759230465028,-54.223597089494575
294,68_87,Ni,-57.106361218728125,294,-62.681047636464456,1.0367576854918592,-8.157596191782739,-54.223597089494575
295,68_88,Ni,-63.37737636920065,295,-62.116858739811114,1.0367576854918592,-7.613410308669967,-54.223597089494575
296,68_89,Ni,-68.39633246138692,296,-60.619932148815266,1.0367576854918592,-6.1695564439304205,-54.223597089494575
297,68_90,Ni,-41.20943593326956,297,-39.37851447837552,1.0367576854918592,14.318758200549283,-54.223597089494575
298,69_69,Ni,-73.01759858615696,298,-62.608210579218934,1.0367576854918592,-8.087341533182387,-54.223597089494575
299,69_70,Ni,-68.44866472948343,299,-63.26481017409805,1.0367576854918592,-8.720661742974338,-54.223597089494575
300,69_71,Ni,-47.87680254178122,300,-44.79598052426948,1.0367576854918592,9.093365496251366,-54.223597089494575
301,69_79,Ni,-44.20811656862497,301,-37.82226670140133,1.0367576854918592,15.819830050560087,-54.223597089494575
302,69_80,Ni,-50.14526291610673,302,-47.21325841810648,1.0367576854918592,6.761790888545234,-54.223597089494575
303,69_85,Ni,-72.86704098852351,303,-68.6589885276841,1.0367576854918592,-13.923592407555759,-54.223597089494575
304,69_86,Ni,-72.64862640202045,304,-69.86865644322236,1.0367576854918592,-15.090372198500225,-54.223597089494575
305,69_87,Ni,-66.62796022789553,305,-67.02622982198851,1.0367576854918592,-12.348722282603676,-54.223597089494575
306,69_88,Ni,-70.32553554978222,306,-64.635008829738,1.0367576854918592,-10.042280743068742,-54.223597089494575
307,69_89,Ni,-72.19356613559648,307,-64.51701969847755,1.0367576854918592,-9.928474852925323,-54.223597089494575
308,69_90,Ni,-43.89907428948209,308,-40.08193089121186,1.0367576854918592,13.640281037872043,-54.223597089494575
309,70_70,Ni,-57.77094103768468,309,-61.82684484944301,1.0367576854918592,-7.333678704625467,-54.223597089494575
310,70_71,Ni,-30.7189448219724,310,-42.06460475459644,1.0367576854918592,11.727901808733312,-54.223597089494575
311,70_79,Ni,-40.982781876809895,311,-41.133905983668704,1.0367576854918592,12.625603155877114,-54.223597089494575
312,70_80,Ni,-34.6432788586244,312,-44.880962752185674,1.0367576854918592,9.011396267466843,-54.223597089494575
313,70_85,Ni,-68.08510929718614,313,-70.64951155102678,1.0367576854918592,-15.843542508912686,-54.223597089494575
314,70_86,Ni,-62.67483369167894,314,-67.34306858726217,1.0367576854918592,-12.65432770005794,-54.223597089494575
315,70_87,Ni,-68.14299215143546,315,-71.41646949975589,1.0367576854918592,-16.583308376541872,-54.223597089494575
316,70_88,Ni,-65.14401851221919,316,-64.84109666234154,1.0367576854918592,-10.241061842536338,-54.223597089494575
317,70_89,Ni,-72.21169450832531,317,-68.03567543061226,1.0367576854918592,-13.322378540714597,-54.223597089494575
318,70_90,Ni,-39.60187565954402,318,-41.444633643802845,1.0367576854918592,12.325892177620196,-54.223597089494575
319,71_71,Ni,-27.1,319,-33.603140472141064,1.0367576854918592,19.88936943117113,-54.223597089494575
320,71_79,Ni,-23.16123738978058,320,-19.61242510822853,1.0367576854918592,33.384051515225366,-54.223597089494575
321,71_80,Ni,-25.958140193019062,321,-28.946450350121967,1.0367576854918592,24.38095911233164,-54.223597089494575
322,71_85,Ni,-55.97535213455558,322,-53.49493970177452,1.0367576854918592,0.7028232323875838,-54.223597089494575
323,71_86,Ni,-53.29816251806915,323,-52.98083561657024,1.0367576854918592,1.198700034072808,-54.223597089494575
324,71_87,Ni,-48.262410026974976,324,-48.292366140184015,1.0367576854918592,5.720942349703116,-54.223597089494575
325,71_88,Ni,-49.72104590246454,325,-46.92328767174092,1.0367576854918592,7.041480878234567,-54.223597089494575
326,71_89,Ni,-54.161679996643215,326,-48.80807768000621,1.0367576854918592,5.223515084837912,-54.223597089494575
327,71_90,Ni,-33.5196948479861,327,-29.036508505532225,1.0367576854918592,24.2940939203292,-54.223597089494575
328,79_79,Ni,-14.054720301181078,328,-11.607318403928787,1.0367576854918592,41.10534147171308,-54.223597089494575
329,79_80,Ni,-20.029279528185725,329,-21.00486385628564,1.0367576854918592,32.04098093321516,-54.223597089494575
330,79_85,Ni,-46.57290270738304,330,-44.69514714636682,1.0367576854918592,9.19062388103471,-54.223597089494575
331,79_86,Ni,-45.6441392339766,331,-46.12114181565598,1.0367576854918592,7.815187084911383,-54.223597089494575
332,79_87,Ni,-38.58337958529592,332,-40.964069172149166,1.0367576854918592,12.789418494693694,-54.223597089494575
333,79_88,Ni,-42.33829058613628,333,-40.0698219092573,1.0367576854918592,13.651960702391543,-54.223597089494575
334,79_89,Ni,-45.52117675356567,334,-41.299099878537014,1.0367576854918592,12.4662661216019,-54.223597089494575
335,79_90,Ni,-17.293356544338167,335,-16.621785520787235,1.0367576854918592,36.268659586418465,-54.223597089494575
336,80_80,Ni,-25.80571640608832,336,-30.167514638726328,1.0367576854918592,23.2031870005917,-54.223597089494575
337,80_85,Ni,-53.24839837756008,337,-54.33521918785295,1.0367576854918592,-0.10766459696454629,-54.223597089494575
338,80_86,Ni,-52.8223173446022,338,-56.245157048290295,1.0367576854918592,-1.949886638975484,-54.223597089494575
339,80_87,Ni,-43.616392977535725,339,-52.292219747184184,1.0367576854918592,1.8629013985983647,-54.223597089494575
340,80_88,Ni,-48.52907570870593,340,-49.646604171654744,1.0367576854918592,4.414718098442081,-54.223597089494575
341,80_89,Ni,-51.05179665517062,341,-50.43287590295392,1.0367576854918592,3.6563232080042525,-54.223597089494575
342,80_90,Ni,-24.97235260065645,342,-26.867933975830024,1.0367576854918592,26.38578280776039,-54.223597089494575
343,85_85,Ni,-70.2406987096183,343,-71.93849559807104,1.0367576854918592,-17.086826320628777,-54.223597089494575
344,85_86,Ni,-72.27110017230734,344,-72.9567470768107,1.0367576854918592,-18.06897624147221,-54.223597089494575
345,85_87,Ni,-63.21123696723953,345,-67.28318205128657,1.0367576854918592,-12.596564408969167,-54.223597089494575
346,85_88,Ni,-70.04094355367124,346,-70.2355252759502,1.0367576854918592,-15.444233894306004,-54.223597089494575
347,85_89,Ni,-73.86210453743115,347,-70.24409051294353,1.0367576854918592,-15.452495455433734,-54.223597089494575
348,85_90,Ni,-43.01896668504924,348,-44.382915683598156,1.0367576854918592,9.491785345413474,-54.223597089494575
349,86_86,Ni,-69.31151086371392,349,-72.72426592032559,1.0367576854918592,-17.844737579209667,-54.223597089494575
350,86_87,Ni,-62.85879099695012,350,-71.11500881984459,1.0367576854918592,-16.292535822713845,-54.223597089494575
351,86_88,Ni,-71.24711239943281,351,-72.1431404279729,1.0367576854918592,-17.284215578278467,-54.223597089494575
352,86_89,Ni,-69.27148547535762,352,-69.92105146190168,1.0367576854918592,-15.140909580004623,-54.223597089494575
353,86_90,Ni,-40.555653519928455,353,-42.76301652113565,1.0367576854918592,11.054251855313515,-54.223597089494575
354,87_87,Ni,-61.61309704603627,354,-71.15214904680082,1.0367576854918592,-16.32835926292168,-54.223597089494575
355,87_88,Ni,-68.99772418290377,355,-71.90964827079915,1.0367576854918592,-17.05900175981233,-54.223597089494575
356,87_89,Ni,-64.50515765557066,356,-68.05358317307908,1.0367576854918592,-13.339651373814773,-54.223597089494575
357,87_90,Ni,-35.50282388320193,357,-39.257904897485645,1.0367576854918592,14.435091633691533,-54.223597089494575
358,88_88,Ni,-76.32339524989948,358,-72.73144121503832,1.0367576854918592,-17.851658477711922,-54.223597089494575
359,88_89,Ni,-72.95733642671257,359,-68.49979084869261,1.0367576854918592,-13.770038996552138,-54.223597089494575
360,88_90,Ni,-44.67722895834595,360,-43.72256320599955,1.0367576854918592,10.128725381488845,-54.223597089494575
361,89_89,Ni,-73.81544802384451,361,-71.1003921081503,1.0367576854918592,-16.27843733866224,-54.223597089494575
362,89_90,Ni,-44.78017058130354,362,-40.342934593675714,1.0367576854918592,13.388531081140323,-54.223597089494575
363,90_90,Ni,-15.292232543230057,363,-15.840881417877242,1.0367576854918592,37.02187715484143,-54.223597089494575
364,67_67,Pd,-39.298421007581055,364,-30.396525519623864,1.0137900996012912,5.142273662095794,-35.609711647697054
365,67_68,Pd,-38.6942143579945,365,-31.378423305269212,1.0137900996012912,4.173732160229171,-35.609711647697054
366,67_69,Pd,-43.66,366,-39.04171711725206,1.0137900996012912,-3.3853215482226227,-35.609711647697054
367,67_70,Pd,-42.87,367,-43.16486953241335,1.0137900996012912,-7.4523887022448045,-35.609711647697054
368,67_71,Pd,-14.19,368,-19.983909125239762,1.0137900996012912,15.413252238902993,-35.609711647697054
369,67_79,Pd,-19.125536193605512,369,-12.526720679991985,1.0137900996012912,22.769004132890302,-35.609711647697054
370,67_80,Pd,-32.050424492452294,370,-21.539312863053055,1.0137900996012912,13.879005910767603,-35.609711647697054
371,67_85,Pd,-47.54661520430818,371,-45.291663903044125,1.0137900996012912,-9.55025331097122,-35.609711647697054
372,67_86,Pd,-50.4846238847822,372,-47.244337308889236,1.0137900996012912,-11.476365438731262,-35.609711647697054
373,67_87,Pd,-44.78234071563929,373,-39.12378757703224,1.0137900996012912,-3.466275642973054,-35.609711647697054
374,67_88,Pd,-43.24260362330824,374,-40.18508517024725,1.0137900996012912,-4.513136914978379,-35.609711647697054
375,67_89,Pd,-44.32295202836394,375,-42.13563252246379,1.0137900996012912,-6.437151908795794,-35.609711647697054
376,67_90,Pd,-18.08636014023796,376,-18.63806598925842,1.0137900996012912,16.740788517379816,-35.609711647697054
377,68_68,Pd,-37.09,377,-36.042702754918416,1.0137900996012912,-0.42710133724096516,-35.609711647697054
378,68_69,Pd,-40.16,378,-40.11205278755934,1.0137900996012912,-4.441097956700298,-35.609711647697054
379,68_70,Pd,-40.43,379,-41.139136508754035,1.0137900996012912,-5.454210751546718,-35.609711647697054
380,68_71,Pd,-16.65,380,-22.816246119009172,1.0137900996012912,12.619442164329051,-35.609711647697054
381,68_79,Pd,-17.72614405443892,381,-15.573016049607507,1.0137900996012912,19.76414605545042,-35.609711647697054
382,68_80,Pd,-30.974855489097536,382,-24.27826841075717,1.0137900996012912,11.177307059317679,-35.609711647697054
383,68_85,Pd,-46.59319026116282,383,-48.48678542875121,1.0137900996012912,-12.701913133811942,-35.609711647697054
384,68_86,Pd,-49.59717064909637,384,-49.35426450058216,1.0137900996012912,-13.55759230465028,-35.609711647697054
385,68_87,Pd,-43.18325029592961,385,-43.87980190347159,1.0137900996012912,-8.157596191782739,-35.609711647697054
386,68_88,Pd,-42.57589189056307,386,-43.32811164282908,1.0137900996012912,-7.613410308669967,-35.609711647697054
387,68_89,Pd,-44.11501745413989,387,-41.86434688948506,1.0137900996012912,-6.1695564439304205,-35.609711647697054
388,68_90,Pd,-17.361104905605316,388,-21.093496345395394,1.0137900996012912,14.318758200549283,-35.609711647697054
389,69_69,Pd,-40.22,389,-43.80857842613169,1.0137900996012912,-8.087341533182387,-35.609711647697054
390,69_70,Pd,-40.63,390,-44.450632184696175,1.0137900996012912,-8.720661742974338,-35.609711647697054
391,69_71,Pd,-18.11,391,-26.390947735541438,1.0137900996012912,9.093365496251366,-35.609711647697054
392,69_79,Pd,-20.15273352060467,392,-19.571724565064244,1.0137900996012912,15.819830050560087,-35.609711647697054
393,69_80,Pd,-33.25921471789479,393,-28.754674989315678,1.0137900996012912,6.761790888545234,-35.609711647697054
394,69_85,Pd,-47.88926027202979,394,-49.72531178136079,1.0137900996012912,-13.923592407555759,-35.609711647697054
395,69_86,Pd,-50.56544371461496,395,-50.90818158183515,1.0137900996012912,-15.090372198500225,-35.609711647697054
396,69_87,Pd,-48.12875350564718,396,-48.12872404052652,1.0137900996012912,-12.348722282603676,-35.609711647697054
397,69_88,Pd,-43.623048797715455,397,-45.79047644243684,1.0137900996012912,-10.042280743068742,-35.609711647697054
398,69_89,Pd,-42.51957932440564,398,-45.67510115773313,1.0137900996012912,-9.928474852925323,-35.609711647697054
399,69_90,Pd,-18.05026696017012,399,-21.78132977572315,1.0137900996012912,13.640281037872043,-35.609711647697054
400,70_70,Pd,-43.61,400,-43.04452251210317,1.0137900996012912,-7.333678704625467,-35.609711647697054
401,70_71,Pd,-17.66,401,-23.720080904907146,1.0137900996012912,11.727901808733312,-35.609711647697054
402,70_79,Pd,-22.519761949777603,402,-22.810000166774017,1.0137900996012912,12.625603155877114,-35.609711647697054
403,70_80,Pd,-31.69083543168381,403,-26.474047328155137,1.0137900996012912,9.011396267466843,-35.609711647697054
404,70_85,Pd,-51.23281342536211,404,-51.67173818584494,1.0137900996012912,-15.843542508912686,-35.609711647697054
405,70_86,Pd,-49.57095571234822,405,-48.43854378712617,1.0137900996012912,-12.65432770005794,-35.609711647697054
406,70_87,Pd,-49.092698198743165,406,-52.42170549847037,1.0137900996012912,-16.583308376541872,-35.609711647697054
407,70_88,Pd,-44.17104385234416,407,-45.99199875306495,1.0137900996012912,-10.241061842536338,-35.609711647697054
408,70_89,Pd,-46.72409967007116,408,-49.11580711541421,1.0137900996012912,-13.322378540714597,-35.609711647697054
409,70_90,Pd,-20.26022939383984,409,-23.1138441892727,1.0137900996012912,12.325892177620196,-35.609711647697054
410,71_71,Pd,-7.92,410,-15.446065831063198,1.0137900996012912,19.88936943117113,-35.609711647697054
411,71_79,Pd,1.5834058639593422,411,-1.7652907369820952,1.0137900996012912,33.384051515225366,-35.609711647697054
412,71_80,Pd,-9.984140471555293,412,-10.892536680831352,1.0137900996012912,24.38095911233164,-35.609711647697054
413,71_85,Pd,-29.22404386708513,413,-34.89719641293274,1.0137900996012912,0.7028232323875838,-35.609711647697054
414,71_86,Pd,-29.63731676526368,414,-34.39448142076231,1.0137900996012912,1.198700034072808,-35.609711647697054
415,71_87,Pd,-24.13869634317234,415,-29.809876933178288,1.0137900996012912,5.720942349703116,-35.609711647697054
416,71_88,Pd,-22.3300588671118,416,-28.471128046811046,1.0137900996012912,7.041480878234567,-35.609711647697054
417,71_89,Pd,-23.865470356773585,417,-30.31416376957038,1.0137900996012912,5.223515084837912,-35.609711647697054
418,71_90,Pd,-2.1641956008970737,418,-10.980599752483393,1.0137900996012912,24.2940939203292,-35.609711647697054
419,79_79,Pd,2.1995654753409326,419,6.062476577056039,1.0137900996012912,41.10534147171308,-35.609711647697054
420,79_80,Pd,-11.102001639083028,420,-3.1268823960897834,1.0137900996012912,32.04098093321516,-35.609711647697054
421,79_85,Pd,-27.577578763477504,421,-26.29234814794487,1.0137900996012912,9.19062388103471,-35.609711647697054
422,79_86,Pd,-30.109018840361387,422,-27.686752354482017,1.0137900996012912,7.815187084911383,-35.609711647697054
423,79_87,Pd,-24.174864227417856,423,-22.64392579811894,1.0137900996012912,12.789418494693694,-35.609711647697054
424,79_88,Pd,-22.664521034341305,424,-21.76948904746662,1.0137900996012912,13.651960702391543,-35.609711647697054
425,79_89,Pd,-24.198930953163654,425,-22.97153447462206,1.0137900996012912,12.4662661216019,-35.609711647697054
426,79_90,Pd,2.1121423048898578,426,1.159096366823448,1.0137900996012912,36.268659586418465,-35.609711647697054
427,80_80,Pd,-24.204210069496185,427,-12.086550387299809,1.0137900996012912,23.2031870005917,-35.609711647697054
428,80_85,Pd,-39.17725983960554,428,-35.71886095017727,1.0137900996012912,-0.10766459696454629,-35.609711647697054
429,80_86,Pd,-42.27364332880825,429,-37.58648741763524,1.0137900996012912,-1.949886638975484,-35.609711647697054
430,80_87,Pd,-37.5984709886834,430,-33.721120653264634,1.0137900996012912,1.8629013985983647,-35.609711647697054
431,80_88,Pd,-35.522730306722224,431,-31.134114146965835,1.0137900996012912,4.414718098442081,-35.609711647697054
432,80_89,Pd,-35.965120299719274,432,-31.90296737847991,1.0137900996012912,3.6563232080042525,-35.609711647697054
433,80_90,Pd,-9.829814025200903,433,-8.860066266959613,1.0137900996012912,26.38578280776039,-35.609711647697054
434,85_85,Pd,-52.958930714055896,434,-52.93216700515727,1.0137900996012912,-17.086826320628777,-35.609711647697054
435,85_86,Pd,-54.69140805117786,435,-53.927860871232525,1.0137900996012912,-18.06897624147221,-35.609711647697054
436,85_87,Pd,-48.38246509805322,436,-48.37998393449999,1.0137900996012912,-12.596564408969167,-35.609711647697054
437,85_88,Pd,-50.5683961827308,437,-51.26692306567118,1.0137900996012912,-15.444233894306004,-35.609711647697054
438,85_89,Pd,-49.64076796639711,438,-51.27529855454972,1.0137900996012912,-15.452495455433734,-35.609711647697054
439,85_90,Pd,-23.58189831022173,439,-25.98703363697625,1.0137900996012912,9.491785345413474,-35.609711647697054
440,86_86,Pd,-55.93869465775788,440,-53.700529935482926,1.0137900996012912,-17.844737579209667,-35.609711647697054
441,86_87,Pd,-53.76357068819925,441,-52.12692316216373,1.0137900996012912,-16.292535822713845,-35.609711647697054
442,86_88,Pd,-53.23358160816133,442,-53.13227828033017,1.0137900996012912,-17.284215578278467,-35.609711647697054
443,86_89,Pd,-51.929163637105376,443,-50.959415878864085,1.0137900996012912,-15.140909580004623,-35.609711647697054
444,86_90,Pd,-23.294449637644,444,-24.403020558281007,1.0137900996012912,11.054251855313515,-35.609711647697054
445,87_87,Pd,-52.39341831579805,445,-52.163240611180086,1.0137900996012912,-16.32835926292168,-35.609711647697054
446,87_88,Pd,-50.45516721205786,446,-52.903958740875794,1.0137900996012912,-17.05900175981233,-35.609711647697054
447,87_89,Pd,-49.91670233570039,447,-49.13331814260323,1.0137900996012912,-13.339651373814773,-35.609711647697054
448,87_90,Pd,-18.912419323343784,448,-20.97555866262315,1.0137900996012912,14.435091633691533,-35.609711647697054
449,88_88,Pd,-53.12323882756755,449,-53.70754627386486,1.0137900996012912,-17.851658477711922,-35.609711647697054
450,88_89,Pd,-48.42205931991339,450,-49.569640853525314,1.0137900996012912,-13.770038996552138,-35.609711647697054
451,88_90,Pd,-23.49516300391405,451,-25.341310134363354,1.0137900996012912,10.128725381488845,-35.609711647697054
452,89_89,Pd,-51.40024135168642,452,-52.112630258612825,1.0137900996012912,-16.27843733866224,-35.609711647697054
453,89_90,Pd,-19.151846054010093,453,-22.036551389432823,1.0137900996012912,13.388531081140323,-35.609711647697054
454,90_90,Pd,6.602765343151987,454,1.9227008805364036,1.0137900996012912,37.02187715484143,-35.609711647697054
455,67_67,Pt,-46.51780850999057,455,-39.16292138687602,0.990776860455502,5.142273662095794,-44.25776714141031
456,67_68,Pt,-48.24945040885359,456,-40.12252989531629,0.990776860455502,4.173732160229171,-44.25776714141031
457,67_69,Pt,-46.33656704146415,457,-47.61186539659068,0.990776860455502,-3.3853215482226227,-44.25776714141031
458,67_70,Pt,-52.3953689225018,458,-51.64142142271447,0.990776860455502,-7.4523887022448045,-44.25776714141031
459,67_71,Pt,-26.67534745065496,459,-28.986673478741267,0.990776860455502,15.413252238902993,-44.25776714141031
460,67_79,Pt,-24.764783498831093,460,-21.69876471092691,0.990776860455502,22.769004132890302,-44.25776714141031
461,67_80,Pt,-40.5688067455776,461,-30.50676923889663,0.990776860455502,13.879005910767603,-44.25776714141031
462,67_85,Pt,-58.01966365752742,462,-53.71993713340914,0.990776860455502,-9.55025331097122,-44.25776714141031
463,67_86,Pt,-58.39017276791856,463,-55.6282844602365,0.990776860455502,-11.476365438731262,-44.25776714141031
464,67_87,Pt,-48.76783475186676,464,-47.69207284042853,0.990776860455502,-3.466275642973054,-44.25776714141031
465,67_88,Pt,-54.071543062105775,465,-48.72927876483842,0.990776860455502,-4.513136914978379,-44.25776714141031
466,67_89,Pt,-49.20024720625952,466,-50.63554829988215,0.990776860455502,-6.437151908795794,-44.25776714141031
467,67_90,Pt,-28.3946899282746,467,-27.671381252611223,0.990776860455502,16.740788517379816,-44.25776714141031
468,68_68,Pt,-47.92,468,-44.680929263418264,0.990776860455502,-0.42710133724096516,-44.25776714141031
469,68_69,Pt,-48.47921968623996,469,-48.65790423192518,0.990776860455502,-4.441097956700298,-44.25776714141031
470,68_70,Pt,-43.82004383346066,470,-49.66167294609041,0.990776860455502,-5.454210751546718,-44.25776714141031
471,68_71,Pt,-29.11,471,-31.754715853136588,0.990776860455502,12.619442164329051,-44.25776714141031
472,68_79,Pt,-26.30327221099288,472,-24.67590856300715,0.990776860455502,19.76414605545042,-44.25776714141031
473,68_80,Pt,-41.847058464773,473,-33.18354994483242,0.990776860455502,11.177307059317679,-44.25776714141031
474,68_85,Pt,-57.91717715654522,474,-56.84252875790702,0.990776860455502,-12.701913133811942,-44.25776714141031
475,68_86,Pt,-59.02033641235903,475,-57.69031588034739,0.990776860455502,-13.55759230465028,-44.25776714141031
476,68_87,Pt,-57.26662383042276,476,-52.340124685168576,0.990776860455502,-8.157596191782739,-44.25776714141031
477,68_88,Pt,-55.86314671672881,477,-51.8009579043939,0.990776860455502,-7.613410308669967,-44.25776714141031
478,68_89,Pt,-50.36501487670466,478,-50.370420905330704,0.990776860455502,-6.1695564439304205,-44.25776714141031
479,68_90,Pt,-29.09790529776365,479,-30.07107284584862,0.990776860455502,14.318758200549283,-44.25776714141031
480,69_69,Pt,-47.3606564598158,480,-52.27051799508814,0.990776860455502,-8.087341533182387,-44.25776714141031
481,69_70,Pt,-46.51031497307122,481,-52.89799700420883,0.990776860455502,-8.720661742974338,-44.25776714141031
482,69_71,Pt,-28.7307,482,-35.248271024059996,0.990776860455502,9.093365496251366,-44.25776714141031
483,69_79,Pt,-25.3370752800256,483,-28.583845590976786,0.990776860455502,15.819830050560087,-44.25776714141031
484,69_80,Pt,-41.22997856372968,484,-37.55834119380084,0.990776860455502,6.761790888545234,-44.25776714141031
485,69_85,Pt,-56.70711389230564,485,-58.05294031323047,0.990776860455502,-13.923592407555759,-44.25776714141031
486,69_86,Pt,-57.10907530784607,486,-59.208958731345355,0.990776860455502,-15.090372198500225,-44.25776714141031
487,69_87,Pt,-52.58636373607442,487,-56.49259543520528,0.990776860455502,-12.348722282603676,-44.25776714141031
488,69_88,Pt,-54.20965102314949,488,-54.20742652784071,0.990776860455502,-10.042280743068742,-44.25776714141031
489,69_89,Pt,-49.740392602048814,489,-54.09467028530307,0.990776860455502,-9.928474852925323,-44.25776714141031
490,69_90,Pt,-27.06549062533304,490,-30.743292318976735,0.990776860455502,13.640281037872043,-44.25776714141031
491,70_70,Pt,-49.74475008621812,491,-51.523806303968506,0.990776860455502,-7.333678704625467,-44.25776714141031
492,70_71,Pt,-27.8216,492,-32.63803340762312,0.990776860455502,11.727901808733312,-44.25776714141031
493,70_79,Pt,-30.837161078117788,493,-31.74861168527331,0.990776860455502,12.625603155877114,-44.25776714141031
494,70_80,Pt,-37.92797960434109,494,-35.32948423920909,0.990776860455502,9.011396267466843,-44.25776714141031
495,70_85,Pt,-56.21480622468516,495,-59.95518244688411,0.990776860455502,-15.843542508912686,-44.25776714141031
496,70_86,Pt,-52.87598883360624,496,-56.795382211248814,0.990776860455502,-12.65432770005794,-44.25776714141031
497,70_87,Pt,-57.12846698844805,497,-60.688125350685894,0.990776860455502,-16.583308376541872,-44.25776714141031
498,70_88,Pt,-51.17558374861255,498,-54.4043742414891,0.990776860455502,-10.241061842536338,-44.25776714141031
499,70_89,Pt,-53.29340708069503,499,-57.45727152577928,0.990776860455502,-13.322378540714597,-44.25776714141031
500,70_90,Pt,-25.76356674637645,500,-32.045558387354745,0.990776860455502,12.325892177620196,-44.25776714141031
501,71_71,Pt,-18.23,501,-24.551840139954948,0.990776860455502,19.88936943117113,-44.25776714141031
502,71_79,Pt,-8.320125427097082,502,-11.181621391870578,0.990776860455502,33.384051515225366,-44.25776714141031
503,71_80,Pt,-19.429568918421865,503,-20.101677017200405,0.990776860455502,24.38095911233164,-44.25776714141031
504,71_85,Pt,-40.16565681435168,504,-43.561426145770156,0.990776860455502,0.7028232323875838,-44.25776714141031
505,71_86,Pt,-39.8534287889488,505,-43.07012288502375,0.990776860455502,1.198700034072808,-44.25776714141031
506,71_87,Pt,-37.40635678265244,506,-38.58958984132454,0.990776860455502,5.720942349703116,-44.25776714141031
507,71_88,Pt,-35.4995974721387,507,-37.28123082391562,0.990776860455502,7.041480878234567,-44.25776714141031
508,71_89,Pt,-35.08143833698705,508,-39.08242926511265,0.990776860455502,5.223515084837912,-44.25776714141031
509,71_90,Pt,-12.686113650444897,509,-20.18774103941545,0.990776860455502,24.2940939203292,-44.25776714141031
510,79_79,Pt,-2.185719549190253,510,-3.531545970115083,0.990776860455502,41.10534147171308,-44.25776714141031
511,79_80,Pt,-18.200606401078403,511,-12.512304646484797,0.990776860455502,32.04098093321516,-44.25776714141031
512,79_85,Pt,-35.89509880449623,512,-35.15190966693138,0.990776860455502,9.19062388103471,-44.25776714141031
513,79_86,Pt,-35.97805349435657,513,-36.514660617549424,0.990776860455502,7.815187084911383,-44.25776714141031
514,79_87,Pt,-30.68860480329021,514,-31.586307238186162,0.990776860455502,12.789418494693694,-44.25776714141031
515,79_88,Pt,-32.040189852472395,515,-30.731720377632932,0.990776860455502,13.651960702391543,-44.25776714141031
516,79_89,Pt,-30.431728221010417,516,-31.906479131846794,0.990776860455502,12.4662661216019,-44.25776714141031
517,79_90,Pt,-5.865972225554287,517,-8.323618463449279,0.990776860455502,36.268659586418465,-44.25776714141031
518,80_80,Pt,-33.97946425387636,518,-21.26858637240215,0.990776860455502,23.2031870005917,-44.25776714141031
519,80_85,Pt,-51.11018208460882,519,-44.36443873277305,0.990776860455502,-0.10766459696454629,-44.25776714141031
520,80_86,Pt,-51.758440187666565,520,-46.18966970381857,0.990776860455502,-1.949886638975484,-44.25776714141031
521,80_87,Pt,-48.91993426019326,521,-42.41204754236886,0.990776860455502,1.8629013985983647,-44.25776714141031
522,80_88,Pt,-47.88475960539654,522,-39.883766604039785,0.990776860455502,4.414718098442081,-44.25776714141031
523,80_89,Pt,-46.092616570647806,523,-40.635166712573266,0.990776860455502,3.6563232080042525,-44.25776714141031
524,80_90,Pt,-21.729670864529908,524,-18.115344090476714,0.990776860455502,26.38578280776039,-44.25776714141031
525,85_85,Pt,-61.34742652904242,525,-61.18699927851133,0.990776860455502,-17.086826320628777,-44.25776714141031
526,85_86,Pt,-63.24254498397932,526,-62.1600906935812,0.990776860455502,-18.06897624147221,-44.25776714141031
527,85_87,Pt,-55.334758561104536,527,-56.7381516790543,0.990776860455502,-12.596564408969167,-44.25776714141031
528,85_88,Pt,-61.54241014784202,528,-59.55955671135126,0.990776860455502,-15.444233894306004,-44.25776714141031
529,85_89,Pt,-59.95276362309232,529,-59.56774207494786,0.990776860455502,-15.452495455433734,-44.25776714141031
530,85_90,Pt,-33.73116246052086,530,-34.85352585676401,0.990776860455502,9.491785345413474,-44.25776714141031
531,86_86,Pt,-63.01425350084901,531,-61.937920215791976,0.990776860455502,-17.844737579209667,-44.25776714141031
532,86_87,Pt,-58.35749530047178,532,-60.40003463269753,0.990776860455502,-16.292535822713845,-44.25776714141031
533,86_88,Pt,-63.86904021864757,533,-61.38256798749313,0.990776860455502,-17.284215578278467,-44.25776714141031
534,86_89,Pt,-57.15644720988348,534,-59.259029999527925,0.990776860455502,-15.140909580004623,-44.25776714141031
535,86_90,Pt,-32.205311563797295,535,-33.30547019351838,0.990776860455502,11.054251855313515,-44.25776714141031
536,87_87,Pt,-59.773194232955575,536,-60.43552766831736,0.990776860455502,-16.32835926292168,-44.25776714141031
537,87_88,Pt,-63.3696579253301,537,-61.15943134750205,0.990776860455502,-17.05900175981233,-44.25776714141031
538,87_89,Pt,-53.33555745240301,538,-57.47438504912944,0.990776860455502,-13.339651373814773,-44.25776714141031
539,87_90,Pt,-25.86571806203574,539,-29.955812372193932,0.990776860455502,14.435091633691533,-44.25776714141031
540,88_88,Pt,-66.66650954959914,540,-61.94477728188157,0.990776860455502,-17.851658477711922,-44.25776714141031
541,88_89,Pt,-58.06148824095726,541,-57.90080314676407,0.990776860455502,-13.770038996552138,-44.25776714141031
542,88_90,Pt,-38.62621087534353,542,-34.22246040752284,0.990776860455502,10.128725381488845,-44.25776714141031
543,89_89,Pt,-55.15088393166661,543,-60.38606618093171,0.990776860455502,-16.27843733866224,-44.25776714141031
544,89_90,Pt,-29.75809232611209,544,-30.992720350727197,0.990776860455502,13.388531081140323,-44.25776714141031
545,90_90,Pt,-3.986186815891415,545,-7.577347925767249,0.990776860455502,37.02187715484143,-44.25776714141031
